2026-04-16 11:35:25 0 [Note] Starting MariaDB 10.4.32-MariaDB source revision c4143f909528e3fab0677a28631d10389354c491 as process 16636
2026-04-16 11:35:25 0 [Note] InnoDB: Mutexes and rw_locks use Windows interlocked functions
2026-04-16 11:35:25 0 [Note] InnoDB: Uses event mutexes
2026-04-16 11:35:25 0 [Note] InnoDB: Compressed tables use zlib 1.3
2026-04-16 11:35:25 0 [Note] InnoDB: Number of pools: 1
2026-04-16 11:35:25 0 [Note] InnoDB: Using SSE2 crc32 instructions
2026-04-16 11:35:25 0 [Note] InnoDB: Initializing buffer pool, total size = 16M, instances = 1, chunk size = 16M
2026-04-16 11:35:25 0 [Note] InnoDB: Completed initialization of buffer pool
2026-04-16 11:35:25 0 [Note] InnoDB: Starting crash recovery from checkpoint LSN=300288
2026-04-16 11:35:25 0 [Warning] InnoDB: Are you sure you are using the right ib_logfiles to start up the database? Log sequence number in the ib_logfiles is 300288, less than the log sequence number in the first system tablespace file header, 383879.
2026-04-16 11:35:25 0 [Warning] InnoDB: Ignoring a doublewrite copy of page [page id: space=0, page number=231] with future log sequence number 304031
2026-04-16 11:35:25 0 [Warning] InnoDB: Ignoring a doublewrite copy of page [page id: space=0, page number=368] with future log sequence number 304031
2026-04-16 11:35:25 0 [Warning] InnoDB: Ignoring a doublewrite copy of page [page id: space=0, page number=230] with future log sequence number 303987
2026-04-16 11:35:25 0 [Warning] InnoDB: Ignoring a doublewrite copy of page [page id: space=0, page number=367] with future log sequence number 303987
2026-04-16 11:35:25 0 [Warning] InnoDB: Ignoring a doublewrite copy of page [page id: space=0, page number=229] with future log sequence number 303943
2026-04-16 11:35:25 0 [Warning] InnoDB: Ignoring a doublewrite copy of page [page id: space=0, page number=366] with future log sequence number 303943
2026-04-16 11:35:25 0 [Warning] InnoDB: Ignoring a doublewrite copy of page [page id: space=0, page number=228] with future log sequence number 303899
2026-04-16 11:35:25 0 [Warning] InnoDB: Ignoring a doublewrite copy of page [page id: space=0, page number=365] with future log sequence number 303899
2026-04-16 11:35:25 0 [Warning] InnoDB: Ignoring a doublewrite copy of page [page id: space=0, page number=227] with future log sequence number 303855
2026-04-16 11:35:25 0 [Warning] InnoDB: Ignoring a doublewrite copy of page [page id: space=0, page number=364] with future log sequence number 303855
2026-04-16 11:35:25 0 [Warning] InnoDB: Ignoring a doublewrite copy of page [page id: space=0, page number=226] with future log sequence number 303811
2026-04-16 11:35:25 0 [Warning] InnoDB: Ignoring a doublewrite copy of page [page id: space=0, page number=363] with future log sequence number 303811
2026-04-16 11:35:25 0 [Warning] InnoDB: Ignoring a doublewrite copy of page [page id: space=0, page number=225] with future log sequence number 303767
2026-04-16 11:35:25 0 [Warning] InnoDB: Ignoring a doublewrite copy of page [page id: space=0, page number=362] with future log sequence number 303767
2026-04-16 11:35:25 0 [Warning] InnoDB: Ignoring a doublewrite copy of page [page id: space=0, page number=224] with future log sequence number 303723
2026-04-16 11:35:25 0 [Warning] InnoDB: Ignoring a doublewrite copy of page [page id: space=0, page number=361] with future log sequence number 303723
2026-04-16 11:35:25 0 [Warning] InnoDB: Ignoring a doublewrite copy of page [page id: space=0, page number=223] with future log sequence number 303679
2026-04-16 11:35:25 0 [Warning] InnoDB: Ignoring a doublewrite copy of page [page id: space=0, page number=360] with future log sequence number 303679
2026-04-16 11:35:25 0 [Warning] InnoDB: Ignoring a doublewrite copy of page [page id: space=0, page number=222] with future log sequence number 303635
2026-04-16 11:35:25 0 [Warning] InnoDB: Ignoring a doublewrite copy of page [page id: space=0, page number=359] with future log sequence number 303635
2026-04-16 11:35:25 0 [Warning] InnoDB: Ignoring a doublewrite copy of page [page id: space=0, page number=221] with future log sequence number 303575
2026-04-16 11:35:25 0 [Warning] InnoDB: Ignoring a doublewrite copy of page [page id: space=0, page number=358] with future log sequence number 303575
2026-04-16 11:35:25 0 [Warning] InnoDB: Ignoring a doublewrite copy of page [page id: space=0, page number=220] with future log sequence number 303531
2026-04-16 11:35:25 0 [Warning] InnoDB: Ignoring a doublewrite copy of page [page id: space=0, page number=357] with future log sequence number 303531
2026-04-16 11:35:25 0 [Warning] InnoDB: Ignoring a doublewrite copy of page [page id: space=0, page number=219] with future log sequence number 303487
2026-04-16 11:35:25 0 [Warning] InnoDB: Ignoring a doublewrite copy of page [page id: space=0, page number=356] with future log sequence number 303487
2026-04-16 11:35:25 0 [Warning] InnoDB: Ignoring a doublewrite copy of page [page id: space=0, page number=218] with future log sequence number 303443
2026-04-16 11:35:25 0 [Warning] InnoDB: Ignoring a doublewrite copy of page [page id: space=0, page number=355] with future log sequence number 303443
2026-04-16 11:35:25 0 [Warning] InnoDB: Ignoring a doublewrite copy of page [page id: space=0, page number=217] with future log sequence number 303399
2026-04-16 11:35:25 0 [Warning] InnoDB: Ignoring a doublewrite copy of page [page id: space=0, page number=354] with future log sequence number 303399
2026-04-16 11:35:25 0 [Warning] InnoDB: Ignoring a doublewrite copy of page [page id: space=0, page number=216] with future log sequence number 303355
2026-04-16 11:35:25 0 [Warning] InnoDB: Ignoring a doublewrite copy of page [page id: space=0, page number=353] with future log sequence number 303355
2026-04-16 11:35:25 0 [Warning] InnoDB: Ignoring a doublewrite copy of page [page id: space=0, page number=215] with future log sequence number 303311
2026-04-16 11:35:25 0 [Warning] InnoDB: Ignoring a doublewrite copy of page [page id: space=0, page number=352] with future log sequence number 303311
2026-04-16 11:35:25 0 [Warning] InnoDB: Ignoring a doublewrite copy of page [page id: space=0, page number=214] with future log sequence number 303267
2026-04-16 11:35:25 0 [Warning] InnoDB: Ignoring a doublewrite copy of page [page id: space=0, page number=351] with future log sequence number 303267
2026-04-16 11:35:25 0 [Warning] InnoDB: Ignoring a doublewrite copy of page [page id: space=0, page number=213] with future log sequence number 303223
2026-04-16 11:35:25 0 [Warning] InnoDB: Ignoring a doublewrite copy of page [page id: space=0, page number=350] with future log sequence number 303223
2026-04-16 11:35:25 0 [Warning] InnoDB: Ignoring a doublewrite copy of page [page id: space=0, page number=212] with future log sequence number 303179
2026-04-16 11:35:25 0 [Warning] InnoDB: Ignoring a doublewrite copy of page [page id: space=0, page number=349] with future log sequence number 303179
2026-04-16 11:35:25 0 [Warning] InnoDB: Ignoring a doublewrite copy of page [page id: space=0, page number=211] with future log sequence number 303135
2026-04-16 11:35:25 0 [Warning] InnoDB: Ignoring a doublewrite copy of page [page id: space=0, page number=348] with future log sequence number 303135
2026-04-16 11:35:25 0 [Warning] InnoDB: Ignoring a doublewrite copy of page [page id: space=0, page number=210] with future log sequence number 303075
2026-04-16 11:35:25 0 [Warning] InnoDB: Ignoring a doublewrite copy of page [page id: space=0, page number=347] with future log sequence number 303075
2026-04-16 11:35:25 0 [Warning] InnoDB: Ignoring a doublewrite copy of page [page id: space=0, page number=209] with future log sequence number 303031
2026-04-16 11:35:25 0 [Warning] InnoDB: Ignoring a doublewrite copy of page [page id: space=0, page number=346] with future log sequence number 303031
2026-04-16 11:35:25 0 [Warning] InnoDB: Ignoring a doublewrite copy of page [page id: space=0, page number=208] with future log sequence number 302987
2026-04-16 11:35:25 0 [Warning] InnoDB: Ignoring a doublewrite copy of page [page id: space=0, page number=345] with future log sequence number 302987
2026-04-16 11:35:25 0 [Warning] InnoDB: Ignoring a doublewrite copy of page [page id: space=0, page number=207] with future log sequence number 302943
2026-04-16 11:35:25 0 [Warning] InnoDB: Ignoring a doublewrite copy of page [page id: space=0, page number=344] with future log sequence number 302943
2026-04-16 11:35:25 0 [Warning] InnoDB: Ignoring a doublewrite copy of page [page id: space=0, page number=206] with future log sequence number 302899
2026-04-16 11:35:25 0 [Warning] InnoDB: Ignoring a doublewrite copy of page [page id: space=0, page number=343] with future log sequence number 302899
2026-04-16 11:35:25 0 [Warning] InnoDB: Ignoring a doublewrite copy of page [page id: space=0, page number=205] with future log sequence number 302855
2026-04-16 11:35:25 0 [Warning] InnoDB: Ignoring a doublewrite copy of page [page id: space=0, page number=342] with future log sequence number 302855
2026-04-16 11:35:25 0 [Warning] InnoDB: Ignoring a doublewrite copy of page [page id: space=0, page number=204] with future log sequence number 302811
2026-04-16 11:35:25 0 [Warning] InnoDB: Ignoring a doublewrite copy of page [page id: space=0, page number=341] with future log sequence number 302811
2026-04-16 11:35:25 0 [Warning] InnoDB: Ignoring a doublewrite copy of page [page id: space=0, page number=203] with future log sequence number 302767
2026-04-16 11:35:25 0 [Warning] InnoDB: Ignoring a doublewrite copy of page [page id: space=0, page number=340] with future log sequence number 302767
2026-04-16 11:35:25 0 [Warning] InnoDB: Ignoring a doublewrite copy of page [page id: space=0, page number=202] with future log sequence number 302723
2026-04-16 11:35:25 0 [Warning] InnoDB: Ignoring a doublewrite copy of page [page id: space=0, page number=339] with future log sequence number 302723
2026-04-16 11:35:25 0 [Warning] InnoDB: Ignoring a doublewrite copy of page [page id: space=0, page number=201] with future log sequence number 302679
2026-04-16 11:35:25 0 [Warning] InnoDB: Ignoring a doublewrite copy of page [page id: space=0, page number=338] with future log sequence number 302679
2026-04-16 11:35:25 0 [Warning] InnoDB: Ignoring a doublewrite copy of page [page id: space=0, page number=200] with future log sequence number 302635
2026-04-16 11:35:25 0 [Warning] InnoDB: Ignoring a doublewrite copy of page [page id: space=0, page number=337] with future log sequence number 302635
2026-04-16 11:35:25 0 [Warning] InnoDB: Ignoring a doublewrite copy of page [page id: space=0, page number=199] with future log sequence number 302575
2026-04-16 11:35:25 0 [Warning] InnoDB: Ignoring a doublewrite copy of page [page id: space=0, page number=336] with future log sequence number 302575
2026-04-16 11:35:25 0 [Warning] InnoDB: Ignoring a doublewrite copy of page [page id: space=0, page number=198] with future log sequence number 302531
2026-04-16 11:35:25 0 [Warning] InnoDB: Ignoring a doublewrite copy of page [page id: space=0, page number=335] with future log sequence number 302531
2026-04-16 11:35:25 0 [Warning] InnoDB: Ignoring a doublewrite copy of page [page id: space=0, page number=197] with future log sequence number 302487
2026-04-16 11:35:25 0 [Warning] InnoDB: Ignoring a doublewrite copy of page [page id: space=0, page number=334] with future log sequence number 302487
2026-04-16 11:35:25 0 [Warning] InnoDB: Ignoring a doublewrite copy of page [page id: space=0, page number=196] with future log sequence number 302443
2026-04-16 11:35:25 0 [Warning] InnoDB: Ignoring a doublewrite copy of page [page id: space=16, page number=3] with future log sequence number 340849
2026-04-16 11:35:25 0 [Warning] InnoDB: Ignoring a doublewrite copy of page [page id: space=0, page number=248] with future log sequence number 340829
2026-04-16 11:35:25 0 [Warning] InnoDB: Ignoring a doublewrite copy of page [page id: space=0, page number=385] with future log sequence number 340829
2026-04-16 11:35:25 0 [Warning] InnoDB: Ignoring a doublewrite copy of page [page id: space=0, page number=232] with future log sequence number 339797
2026-04-16 11:35:25 0 [Warning] InnoDB: Ignoring a doublewrite copy of page [page id: space=0, page number=373] with future log sequence number 339797
2026-04-16 11:35:25 0 [Warning] InnoDB: Ignoring a doublewrite copy of page [page id: space=0, page number=231] with future log sequence number 339753
2026-04-16 11:35:25 0 [Warning] InnoDB: Ignoring a doublewrite copy of page [page id: space=0, page number=368] with future log sequence number 339753
2026-04-16 11:35:25 0 [Warning] InnoDB: Ignoring a doublewrite copy of page [page id: space=0, page number=230] with future log sequence number 339709
2026-04-16 11:35:25 0 [Warning] InnoDB: Ignoring a doublewrite copy of page [page id: space=0, page number=367] with future log sequence number 339709
2026-04-16 11:35:25 0 [Warning] InnoDB: Ignoring a doublewrite copy of page [page id: space=0, page number=260] with future log sequence number 355374
2026-04-16 11:35:25 0 [Warning] InnoDB: Ignoring a doublewrite copy of page [page id: space=0, page number=290] with future log sequence number 374009
2026-04-16 11:35:25 0 [Warning] InnoDB: Ignoring a doublewrite copy of page [page id: space=0, page number=420] with future log sequence number 374009
2026-04-16 11:35:25 0 [Warning] InnoDB: Ignoring a doublewrite copy of page [page id: space=0, page number=223] with future log sequence number 317669
2026-04-16 11:35:25 0 [Warning] InnoDB: Ignoring a doublewrite copy of page [page id: space=2, page number=3] with future log sequence number 317754
2026-04-16 11:35:25 0 [Warning] InnoDB: Ignoring a doublewrite copy of page [page id: space=0, page number=360] with future log sequence number 317669
2026-04-16 11:35:25 0 [Warning] InnoDB: Ignoring a doublewrite copy of page [page id: space=0, page number=237] with future log sequence number 326879
2026-04-16 11:35:25 0 [Warning] InnoDB: Ignoring a doublewrite copy of page [page id: space=0, page number=377] with future log sequence number 326879
2026-04-16 11:35:25 0 [Warning] InnoDB: Ignoring a doublewrite copy of page [page id: space=0, page number=218] with future log sequence number 353252
2026-04-16 11:35:25 0 [Warning] InnoDB: Ignoring a doublewrite copy of page [page id: space=0, page number=355] with future log sequence number 353252
2026-04-16 11:35:25 0 [Warning] InnoDB: Ignoring a doublewrite copy of page [page id: space=0, page number=217] with future log sequence number 353208
2026-04-16 11:35:25 0 [Warning] InnoDB: Ignoring a doublewrite copy of page [page id: space=0, page number=354] with future log sequence number 353208
2026-04-16 11:35:25 0 [Warning] InnoDB: Ignoring a doublewrite copy of page [page id: space=0, page number=216] with future log sequence number 353164
2026-04-16 11:35:25 0 [Warning] InnoDB: Ignoring a doublewrite copy of page [page id: space=0, page number=353] with future log sequence number 353164
2026-04-16 11:35:25 0 [Warning] InnoDB: Ignoring a doublewrite copy of page [page id: space=0, page number=215] with future log sequence number 353120
2026-04-16 11:35:25 0 [Warning] InnoDB: Ignoring a doublewrite copy of page [page id: space=0, page number=352] with future log sequence number 353120
2026-04-16 11:35:25 0 [Warning] InnoDB: Ignoring a doublewrite copy of page [page id: space=0, page number=213] with future log sequence number 353076
2026-04-16 11:35:25 0 [Warning] InnoDB: Ignoring a doublewrite copy of page [page id: space=0, page number=237] with future log sequence number 365321
2026-04-16 11:35:25 0 [Warning] InnoDB: Ignoring a doublewrite copy of page [page id: space=0, page number=377] with future log sequence number 365321
2026-04-16 11:35:25 0 [Warning] InnoDB: Ignoring a doublewrite copy of page [page id: space=0, page number=249] with future log sequence number 371342
2026-04-16 11:35:25 0 [Warning] InnoDB: Ignoring a doublewrite copy of page [page id: space=16, page number=3] with future log sequence number 371362
2026-04-16 11:35:25 0 [Warning] InnoDB: Ignoring a doublewrite copy of page [page id: space=0, page number=370] with future log sequence number 371342
2026-04-16 11:35:25 0 [Warning] InnoDB: Ignoring a doublewrite copy of page [page id: space=0, page number=266] with future log sequence number 382997
2026-04-16 11:35:25 0 [Warning] InnoDB: Ignoring a doublewrite copy of page [page id: space=0, page number=434] with future log sequence number 382997
2026-04-16 11:35:25 0 [Warning] InnoDB: Ignoring a doublewrite copy of page [page id: space=0, page number=265] with future log sequence number 382937
2026-04-16 11:35:25 0 [Warning] InnoDB: Ignoring a doublewrite copy of page [page id: space=0, page number=398] with future log sequence number 382937
2026-04-16 11:35:25 0 [Warning] InnoDB: Ignoring a doublewrite copy of page [page id: space=0, page number=264] with future log sequence number 382893
2026-04-16 11:35:25 0 [Warning] InnoDB: Ignoring a doublewrite copy of page [page id: space=0, page number=397] with future log sequence number 382893
2026-04-16 11:35:25 0 [Warning] InnoDB: Ignoring a doublewrite copy of page [page id: space=0, page number=263] with future log sequence number 382849
2026-04-16 11:35:25 0 [Warning] InnoDB: Ignoring a doublewrite copy of page [page id: space=0, page number=433] with future log sequence number 382849
2026-04-16 11:35:25 0 [Warning] InnoDB: Ignoring a doublewrite copy of page [page id: space=0, page number=262] with future log sequence number 382805
2026-04-16 11:35:25 0 [Warning] InnoDB: Ignoring a doublewrite copy of page [page id: space=0, page number=395] with future log sequence number 382805
2026-04-16 11:35:25 0 [Warning] InnoDB: Ignoring a doublewrite copy of page [page id: space=0, page number=261] with future log sequence number 382761
2026-04-16 11:35:25 0 [Warning] InnoDB: Ignoring a doublewrite copy of page [page id: space=0, page number=394] with future log sequence number 382761
2026-04-16 11:35:25 0 [Warning] InnoDB: Ignoring a doublewrite copy of page [page id: space=0, page number=260] with future log sequence number 382717
2026-04-16 11:35:25 0 [Warning] InnoDB: Ignoring a doublewrite copy of page [page id: space=0, page number=396] with future log sequence number 382717
2026-04-16 11:35:25 0 [Warning] InnoDB: Ignoring a doublewrite copy of page [page id: space=0, page number=259] with future log sequence number 382673
2026-04-16 11:35:25 0 [Warning] InnoDB: Ignoring a doublewrite copy of page [page id: space=0, page number=267] with future log sequence number 383231
2026-04-16 11:35:25 0 [Warning] InnoDB: Ignoring a doublewrite copy of page [page id: space=16, page number=3] with future log sequence number 383251
2026-04-16 11:35:25 0 [Warning] InnoDB: Ignoring a doublewrite copy of page [page id: space=0, page number=399] with future log sequence number 383231
2026-04-16 11:35:25 0 [ERROR] InnoDB: Page [page id: space=0, page number=7] log sequence number 339768 is in the future! Current system log sequence number 300306.
2026-04-16 11:35:25 0 [ERROR] InnoDB: Your database may be corrupt or you may have copied the InnoDB tablespace but not the InnoDB log files. Please refer to https://mariadb.com/kb/en/library/innodb-recovery-modes/ for information about forcing recovery.
2026-04-16 11:35:25 0 [ERROR] InnoDB: Page [page id: space=0, page number=11] log sequence number 349764 is in the future! Current system log sequence number 300306.
2026-04-16 11:35:25 0 [ERROR] InnoDB: Your database may be corrupt or you may have copied the InnoDB tablespace but not the InnoDB log files. Please refer to https://mariadb.com/kb/en/library/innodb-recovery-modes/ for information about forcing recovery.
2026-04-16 11:35:25 0 [ERROR] InnoDB: Page [page id: space=0, page number=6] log sequence number 382375 is in the future! Current system log sequence number 300306.
2026-04-16 11:35:25 0 [ERROR] InnoDB: Your database may be corrupt or you may have copied the InnoDB tablespace but not the InnoDB log files. Please refer to https://mariadb.com/kb/en/library/innodb-recovery-modes/ for information about forcing recovery.
2026-04-16 11:35:25 0 [ERROR] InnoDB: Page [page id: space=0, page number=301] log sequence number 382375 is in the future! Current system log sequence number 300306.
2026-04-16 11:35:25 0 [ERROR] InnoDB: Your database may be corrupt or you may have copied the InnoDB tablespace but not the InnoDB log files. Please refer to https://mariadb.com/kb/en/library/innodb-recovery-modes/ for information about forcing recovery.
2026-04-16 11:35:25 0 [ERROR] InnoDB: Page [page id: space=0, page number=45] log sequence number 382414 is in the future! Current system log sequence number 300306.
2026-04-16 11:35:25 0 [ERROR] InnoDB: Your database may be corrupt or you may have copied the InnoDB tablespace but not the InnoDB log files. Please refer to https://mariadb.com/kb/en/library/innodb-recovery-modes/ for information about forcing recovery.
2026-04-16 11:35:25 0 [ERROR] InnoDB: Page [page id: space=0, page number=306] log sequence number 382414 is in the future! Current system log sequence number 300306.
2026-04-16 11:35:25 0 [ERROR] InnoDB: Your database may be corrupt or you may have copied the InnoDB tablespace but not the InnoDB log files. Please refer to https://mariadb.com/kb/en/library/innodb-recovery-modes/ for information about forcing recovery.
2026-04-16 11:35:25 0 [ERROR] InnoDB: Page [page id: space=0, page number=46] log sequence number 382453 is in the future! Current system log sequence number 300306.
2026-04-16 11:35:25 0 [ERROR] InnoDB: Your database may be corrupt or you may have copied the InnoDB tablespace but not the InnoDB log files. Please refer to https://mariadb.com/kb/en/library/innodb-recovery-modes/ for information about forcing recovery.
2026-04-16 11:35:25 0 [ERROR] InnoDB: Page [page id: space=0, page number=309] log sequence number 382453 is in the future! Current system log sequence number 300306.
2026-04-16 11:35:25 0 [ERROR] InnoDB: Your database may be corrupt or you may have copied the InnoDB tablespace but not the InnoDB log files. Please refer to https://mariadb.com/kb/en/library/innodb-recovery-modes/ for information about forcing recovery.
2026-04-16 11:35:25 0 [ERROR] InnoDB: Page [page id: space=0, page number=47] log sequence number 382508 is in the future! Current system log sequence number 300306.
2026-04-16 11:35:25 0 [ERROR] InnoDB: Your database may be corrupt or you may have copied the InnoDB tablespace but not the InnoDB log files. Please refer to https://mariadb.com/kb/en/library/innodb-recovery-modes/ for information about forcing recovery.
2026-04-16 11:35:25 0 [ERROR] InnoDB: Page [page id: space=0, page number=311] log sequence number 382508 is in the future! Current system log sequence number 300306.
2026-04-16 11:35:25 0 [ERROR] InnoDB: Your database may be corrupt or you may have copied the InnoDB tablespace but not the InnoDB log files. Please refer to https://mariadb.com/kb/en/library/innodb-recovery-modes/ for information about forcing recovery.
2026-04-16 11:35:25 0 [ERROR] InnoDB: Page [page id: space=0, page number=48] log sequence number 302721 is in the future! Current system log sequence number 300306.
2026-04-16 11:35:25 0 [ERROR] InnoDB: Your database may be corrupt or you may have copied the InnoDB tablespace but not the InnoDB log files. Please refer to https://mariadb.com/kb/en/library/innodb-recovery-modes/ for information about forcing recovery.
2026-04-16 11:35:25 0 [ERROR] InnoDB: Page [page id: space=0, page number=312] log sequence number 302721 is in the future! Current system log sequence number 300306.
2026-04-16 11:35:25 0 [ERROR] InnoDB: Your database may be corrupt or you may have copied the InnoDB tablespace but not the InnoDB log files. Please refer to https://mariadb.com/kb/en/library/innodb-recovery-modes/ for information about forcing recovery.
2026-04-16 11:35:25 0 [ERROR] InnoDB: Page [page id: space=0, page number=49] log sequence number 302760 is in the future! Current system log sequence number 300306.
2026-04-16 11:35:25 0 [ERROR] InnoDB: Your database may be corrupt or you may have copied the InnoDB tablespace but not the InnoDB log files. Please refer to https://mariadb.com/kb/en/library/innodb-recovery-modes/ for information about forcing recovery.
2026-04-16 11:35:25 0 [ERROR] InnoDB: Page [page id: space=0, page number=313] log sequence number 302760 is in the future! Current system log sequence number 300306.
2026-04-16 11:35:25 0 [ERROR] InnoDB: Your database may be corrupt or you may have copied the InnoDB tablespace but not the InnoDB log files. Please refer to https://mariadb.com/kb/en/library/innodb-recovery-modes/ for information about forcing recovery.
2026-04-16 11:35:25 0 [ERROR] InnoDB: Page [page id: space=0, page number=50] log sequence number 302799 is in the future! Current system log sequence number 300306.
2026-04-16 11:35:25 0 [ERROR] InnoDB: Your database may be corrupt or you may have copied the InnoDB tablespace but not the InnoDB log files. Please refer to https://mariadb.com/kb/en/library/innodb-recovery-modes/ for information about forcing recovery.
2026-04-16 11:35:25 0 [ERROR] InnoDB: Page [page id: space=0, page number=314] log sequence number 302799 is in the future! Current system log sequence number 300306.
2026-04-16 11:35:25 0 [ERROR] InnoDB: Your database may be corrupt or you may have copied the InnoDB tablespace but not the InnoDB log files. Please refer to https://mariadb.com/kb/en/library/innodb-recovery-modes/ for information about forcing recovery.
2026-04-16 11:35:26 0 [ERROR] InnoDB: Page [page id: space=0, page number=51] log sequence number 301616 is in the future! Current system log sequence number 300306.
2026-04-16 11:35:26 0 [ERROR] InnoDB: Your database may be corrupt or you may have copied the InnoDB tablespace but not the InnoDB log files. Please refer to https://mariadb.com/kb/en/library/innodb-recovery-modes/ for information about forcing recovery.
2026-04-16 11:35:26 0 [ERROR] InnoDB: Page [page id: space=0, page number=315] log sequence number 301616 is in the future! Current system log sequence number 300306.
2026-04-16 11:35:26 0 [ERROR] InnoDB: Your database may be corrupt or you may have copied the InnoDB tablespace but not the InnoDB log files. Please refer to https://mariadb.com/kb/en/library/innodb-recovery-modes/ for information about forcing recovery.
2026-04-16 11:35:26 0 [ERROR] InnoDB: Page [page id: space=0, page number=52] log sequence number 301694 is in the future! Current system log sequence number 300306.
2026-04-16 11:35:26 0 [ERROR] InnoDB: Your database may be corrupt or you may have copied the InnoDB tablespace but not the InnoDB log files. Please refer to https://mariadb.com/kb/en/library/innodb-recovery-modes/ for information about forcing recovery.
2026-04-16 11:35:26 0 [ERROR] InnoDB: Page [page id: space=0, page number=316] log sequence number 301694 is in the future! Current system log sequence number 300306.
2026-04-16 11:35:26 0 [ERROR] InnoDB: Your database may be corrupt or you may have copied the InnoDB tablespace but not the InnoDB log files. Please refer to https://mariadb.com/kb/en/library/innodb-recovery-modes/ for information about forcing recovery.
2026-04-16 11:35:26 0 [ERROR] InnoDB: Page [page id: space=0, page number=53] log sequence number 301733 is in the future! Current system log sequence number 300306.
2026-04-16 11:35:26 0 [ERROR] InnoDB: Your database may be corrupt or you may have copied the InnoDB tablespace but not the InnoDB log files. Please refer to https://mariadb.com/kb/en/library/innodb-recovery-modes/ for information about forcing recovery.
2026-04-16 11:35:26 0 [ERROR] InnoDB: Page [page id: space=0, page number=317] log sequence number 301733 is in the future! Current system log sequence number 300306.
2026-04-16 11:35:26 0 [ERROR] InnoDB: Your database may be corrupt or you may have copied the InnoDB tablespace but not the InnoDB log files. Please refer to https://mariadb.com/kb/en/library/innodb-recovery-modes/ for information about forcing recovery.
2026-04-16 11:35:26 0 [ERROR] InnoDB: Page [page id: space=0, page number=54] log sequence number 301772 is in the future! Current system log sequence number 300306.
2026-04-16 11:35:26 0 [ERROR] InnoDB: Your database may be corrupt or you may have copied the InnoDB tablespace but not the InnoDB log files. Please refer to https://mariadb.com/kb/en/library/innodb-recovery-modes/ for information about forcing recovery.
2026-04-16 11:35:26 0 [ERROR] InnoDB: Page [page id: space=0, page number=318] log sequence number 301772 is in the future! Current system log sequence number 300306.
2026-04-16 11:35:26 0 [ERROR] InnoDB: Your database may be corrupt or you may have copied the InnoDB tablespace but not the InnoDB log files. Please refer to https://mariadb.com/kb/en/library/innodb-recovery-modes/ for information about forcing recovery.
2026-04-16 11:35:26 0 [ERROR] InnoDB: Page [page id: space=0, page number=55] log sequence number 301811 is in the future! Current system log sequence number 300306.
2026-04-16 11:35:26 0 [ERROR] InnoDB: Your database may be corrupt or you may have copied the InnoDB tablespace but not the InnoDB log files. Please refer to https://mariadb.com/kb/en/library/innodb-recovery-modes/ for information about forcing recovery.
2026-04-16 11:35:26 0 [ERROR] InnoDB: Page [page id: space=0, page number=319] log sequence number 301811 is in the future! Current system log sequence number 300306.
2026-04-16 11:35:26 0 [ERROR] InnoDB: Your database may be corrupt or you may have copied the InnoDB tablespace but not the InnoDB log files. Please refer to https://mariadb.com/kb/en/library/innodb-recovery-modes/ for information about forcing recovery.
2026-04-16 11:35:26 0 [ERROR] InnoDB: Page [page id: space=0, page number=56] log sequence number 301850 is in the future! Current system log sequence number 300306.
2026-04-16 11:35:26 0 [ERROR] InnoDB: Your database may be corrupt or you may have copied the InnoDB tablespace but not the InnoDB log files. Please refer to https://mariadb.com/kb/en/library/innodb-recovery-modes/ for information about forcing recovery.
2026-04-16 11:35:26 0 [ERROR] InnoDB: Page [page id: space=0, page number=320] log sequence number 301850 is in the future! Current system log sequence number 300306.
2026-04-16 11:35:26 0 [ERROR] InnoDB: Your database may be corrupt or you may have copied the InnoDB tablespace but not the InnoDB log files. Please refer to https://mariadb.com/kb/en/library/innodb-recovery-modes/ for information about forcing recovery.
2026-04-16 11:35:26 0 [ERROR] InnoDB: Page [page id: space=0, page number=57] log sequence number 301889 is in the future! Current system log sequence number 300306.
2026-04-16 11:35:26 0 [ERROR] InnoDB: Your database may be corrupt or you may have copied the InnoDB tablespace but not the InnoDB log files. Please refer to https://mariadb.com/kb/en/library/innodb-recovery-modes/ for information about forcing recovery.
2026-04-16 11:35:26 0 [ERROR] InnoDB: Page [page id: space=0, page number=321] log sequence number 301889 is in the future! Current system log sequence number 300306.
2026-04-16 11:35:26 0 [ERROR] InnoDB: Your database may be corrupt or you may have copied the InnoDB tablespace but not the InnoDB log files. Please refer to https://mariadb.com/kb/en/library/innodb-recovery-modes/ for information about forcing recovery.
2026-04-16 11:35:26 0 [ERROR] InnoDB: Page [page id: space=0, page number=58] log sequence number 301928 is in the future! Current system log sequence number 300306.
2026-04-16 11:35:26 0 [ERROR] InnoDB: Your database may be corrupt or you may have copied the InnoDB tablespace but not the InnoDB log files. Please refer to https://mariadb.com/kb/en/library/innodb-recovery-modes/ for information about forcing recovery.
2026-04-16 11:35:26 0 [ERROR] InnoDB: Page [page id: space=0, page number=323] log sequence number 301928 is in the future! Current system log sequence number 300306.
2026-04-16 11:35:26 0 [ERROR] InnoDB: Your database may be corrupt or you may have copied the InnoDB tablespace but not the InnoDB log files. Please refer to https://mariadb.com/kb/en/library/innodb-recovery-modes/ for information about forcing recovery.
2026-04-16 11:35:26 0 [ERROR] InnoDB: Page [page id: space=0, page number=59] log sequence number 301967 is in the future! Current system log sequence number 300306.
2026-04-16 11:35:26 0 [ERROR] InnoDB: Your database may be corrupt or you may have copied the InnoDB tablespace but not the InnoDB log files. Please refer to https://mariadb.com/kb/en/library/innodb-recovery-modes/ for information about forcing recovery.
2026-04-16 11:35:26 0 [ERROR] InnoDB: Page [page id: space=0, page number=324] log sequence number 301967 is in the future! Current system log sequence number 300306.
2026-04-16 11:35:26 0 [ERROR] InnoDB: Your database may be corrupt or you may have copied the InnoDB tablespace but not the InnoDB log files. Please refer to https://mariadb.com/kb/en/library/innodb-recovery-modes/ for information about forcing recovery.
2026-04-16 11:35:26 0 [ERROR] InnoDB: Page [page id: space=0, page number=60] log sequence number 302006 is in the future! Current system log sequence number 300306.
2026-04-16 11:35:26 0 [ERROR] InnoDB: Your database may be corrupt or you may have copied the InnoDB tablespace but not the InnoDB log files. Please refer to https://mariadb.com/kb/en/library/innodb-recovery-modes/ for information about forcing recovery.
2026-04-16 11:35:26 0 [ERROR] InnoDB: Page [page id: space=0, page number=325] log sequence number 302006 is in the future! Current system log sequence number 300306.
2026-04-16 11:35:26 0 [ERROR] InnoDB: Your database may be corrupt or you may have copied the InnoDB tablespace but not the InnoDB log files. Please refer to https://mariadb.com/kb/en/library/innodb-recovery-modes/ for information about forcing recovery.
2026-04-16 11:35:26 0 [ERROR] InnoDB: Page [page id: space=0, page number=61] log sequence number 302045 is in the future! Current system log sequence number 300306.
2026-04-16 11:35:26 0 [ERROR] InnoDB: Your database may be corrupt or you may have copied the InnoDB tablespace but not the InnoDB log files. Please refer to https://mariadb.com/kb/en/library/innodb-recovery-modes/ for information about forcing recovery.
2026-04-16 11:35:26 0 [ERROR] InnoDB: Page [page id: space=0, page number=326] log sequence number 302045 is in the future! Current system log sequence number 300306.
2026-04-16 11:35:26 0 [ERROR] InnoDB: Your database may be corrupt or you may have copied the InnoDB tablespace but not the InnoDB log files. Please refer to https://mariadb.com/kb/en/library/innodb-recovery-modes/ for information about forcing recovery.
2026-04-16 11:35:26 0 [ERROR] InnoDB: Page [page id: space=0, page number=62] log sequence number 302100 is in the future! Current system log sequence number 300306.
2026-04-16 11:35:26 0 [ERROR] InnoDB: Your database may be corrupt or you may have copied the InnoDB tablespace but not the InnoDB log files. Please refer to https://mariadb.com/kb/en/library/innodb-recovery-modes/ for information about forcing recovery.
2026-04-16 11:35:26 0 [ERROR] InnoDB: Page [page id: space=0, page number=327] log sequence number 302100 is in the future! Current system log sequence number 300306.
2026-04-16 11:35:26 0 [ERROR] InnoDB: Your database may be corrupt or you may have copied the InnoDB tablespace but not the InnoDB log files. Please refer to https://mariadb.com/kb/en/library/innodb-recovery-modes/ for information about forcing recovery.
2026-04-16 11:35:26 0 [ERROR] InnoDB: Page [page id: space=0, page number=63] log sequence number 302139 is in the future! Current system log sequence number 300306.
2026-04-16 11:35:26 0 [ERROR] InnoDB: Your database may be corrupt or you may have copied the InnoDB tablespace but not the InnoDB log files. Please refer to https://mariadb.com/kb/en/library/innodb-recovery-modes/ for information about forcing recovery.
2026-04-16 11:35:26 0 [ERROR] InnoDB: Page [page id: space=0, page number=328] log sequence number 302139 is in the future! Current system log sequence number 300306.
2026-04-16 11:35:26 0 [ERROR] InnoDB: Your database may be corrupt or you may have copied the InnoDB tablespace but not the InnoDB log files. Please refer to https://mariadb.com/kb/en/library/innodb-recovery-modes/ for information about forcing recovery.
2026-04-16 11:35:26 0 [ERROR] InnoDB: Page [page id: space=0, page number=192] log sequence number 302183 is in the future! Current system log sequence number 300306.
2026-04-16 11:35:26 0 [ERROR] InnoDB: Your database may be corrupt or you may have copied the InnoDB tablespace but not the InnoDB log files. Please refer to https://mariadb.com/kb/en/library/innodb-recovery-modes/ for information about forcing recovery.
2026-04-16 11:35:26 0 [ERROR] InnoDB: Page [page id: space=0, page number=329] log sequence number 302183 is in the future! Current system log sequence number 300306.
2026-04-16 11:35:26 0 [ERROR] InnoDB: Your database may be corrupt or you may have copied the InnoDB tablespace but not the InnoDB log files. Please refer to https://mariadb.com/kb/en/library/innodb-recovery-modes/ for information about forcing recovery.
2026-04-16 11:35:26 0 [ERROR] InnoDB: Page [page id: space=0, page number=193] log sequence number 335526 is in the future! Current system log sequence number 300306.
2026-04-16 11:35:26 0 [ERROR] InnoDB: Your database may be corrupt or you may have copied the InnoDB tablespace but not the InnoDB log files. Please refer to https://mariadb.com/kb/en/library/innodb-recovery-modes/ for information about forcing recovery.
2026-04-16 11:35:26 0 [ERROR] InnoDB: Page [page id: space=0, page number=330] log sequence number 335526 is in the future! Current system log sequence number 300306.
2026-04-16 11:35:26 0 [ERROR] InnoDB: Your database may be corrupt or you may have copied the InnoDB tablespace but not the InnoDB log files. Please refer to https://mariadb.com/kb/en/library/innodb-recovery-modes/ for information about forcing recovery.
2026-04-16 11:35:26 0 [ERROR] InnoDB: Page [page id: space=0, page number=194] log sequence number 335570 is in the future! Current system log sequence number 300306.
2026-04-16 11:35:26 0 [ERROR] InnoDB: Your database may be corrupt or you may have copied the InnoDB tablespace but not the InnoDB log files. Please refer to https://mariadb.com/kb/en/library/innodb-recovery-modes/ for information about forcing recovery.
2026-04-16 11:35:26 0 [ERROR] InnoDB: Page [page id: space=0, page number=331] log sequence number 335570 is in the future! Current system log sequence number 300306.
2026-04-16 11:35:26 0 [ERROR] InnoDB: Your database may be corrupt or you may have copied the InnoDB tablespace but not the InnoDB log files. Please refer to https://mariadb.com/kb/en/library/innodb-recovery-modes/ for information about forcing recovery.
2026-04-16 11:35:26 0 [ERROR] InnoDB: Page [page id: space=0, page number=195] log sequence number 335614 is in the future! Current system log sequence number 300306.
2026-04-16 11:35:26 0 [ERROR] InnoDB: Your database may be corrupt or you may have copied the InnoDB tablespace but not the InnoDB log files. Please refer to https://mariadb.com/kb/en/library/innodb-recovery-modes/ for information about forcing recovery.
2026-04-16 11:35:26 0 [ERROR] InnoDB: Page [page id: space=0, page number=332] log sequence number 335614 is in the future! Current system log sequence number 300306.
2026-04-16 11:35:26 0 [ERROR] InnoDB: Your database may be corrupt or you may have copied the InnoDB tablespace but not the InnoDB log files. Please refer to https://mariadb.com/kb/en/library/innodb-recovery-modes/ for information about forcing recovery.
2026-04-16 11:35:26 0 [ERROR] InnoDB: Page [page id: space=0, page number=196] log sequence number 337869 is in the future! Current system log sequence number 300306.
2026-04-16 11:35:26 0 [ERROR] InnoDB: Your database may be corrupt or you may have copied the InnoDB tablespace but not the InnoDB log files. Please refer to https://mariadb.com/kb/en/library/innodb-recovery-modes/ for information about forcing recovery.
2026-04-16 11:35:26 0 [ERROR] InnoDB: Page [page id: space=0, page number=333] log sequence number 337869 is in the future! Current system log sequence number 300306.
2026-04-16 11:35:26 0 [ERROR] InnoDB: Your database may be corrupt or you may have copied the InnoDB tablespace but not the InnoDB log files. Please refer to https://mariadb.com/kb/en/library/innodb-recovery-modes/ for information about forcing recovery.
2026-04-16 11:35:26 0 [ERROR] InnoDB: Page [page id: space=0, page number=197] log sequence number 337913 is in the future! Current system log sequence number 300306.
2026-04-16 11:35:26 0 [ERROR] InnoDB: Your database may be corrupt or you may have copied the InnoDB tablespace but not the InnoDB log files. Please refer to https://mariadb.com/kb/en/library/innodb-recovery-modes/ for information about forcing recovery.
2026-04-16 11:35:26 0 [ERROR] InnoDB: Page [page id: space=0, page number=334] log sequence number 337913 is in the future! Current system log sequence number 300306.
2026-04-16 11:35:26 0 [ERROR] InnoDB: Your database may be corrupt or you may have copied the InnoDB tablespace but not the InnoDB log files. Please refer to https://mariadb.com/kb/en/library/innodb-recovery-modes/ for information about forcing recovery.
2026-04-16 11:35:26 0 [ERROR] InnoDB: Page [page id: space=0, page number=198] log sequence number 337973 is in the future! Current system log sequence number 300306.
2026-04-16 11:35:26 0 [ERROR] InnoDB: Your database may be corrupt or you may have copied the InnoDB tablespace but not the InnoDB log files. Please refer to https://mariadb.com/kb/en/library/innodb-recovery-modes/ for information about forcing recovery.
2026-04-16 11:35:26 0 [ERROR] InnoDB: Page [page id: space=0, page number=335] log sequence number 337973 is in the future! Current system log sequence number 300306.
2026-04-16 11:35:26 0 [ERROR] InnoDB: Your database may be corrupt or you may have copied the InnoDB tablespace but not the InnoDB log files. Please refer to https://mariadb.com/kb/en/library/innodb-recovery-modes/ for information about forcing recovery.
2026-04-16 11:35:26 0 [ERROR] InnoDB: Page [page id: space=0, page number=199] log sequence number 338327 is in the future! Current system log sequence number 300306.
2026-04-16 11:35:26 0 [ERROR] InnoDB: Your database may be corrupt or you may have copied the InnoDB tablespace but not the InnoDB log files. Please refer to https://mariadb.com/kb/en/library/innodb-recovery-modes/ for information about forcing recovery.
2026-04-16 11:35:26 0 [ERROR] InnoDB: Page [page id: space=0, page number=336] log sequence number 338327 is in the future! Current system log sequence number 300306.
2026-04-16 11:35:26 0 [ERROR] InnoDB: Your database may be corrupt or you may have copied the InnoDB tablespace but not the InnoDB log files. Please refer to https://mariadb.com/kb/en/library/innodb-recovery-modes/ for information about forcing recovery.
2026-04-16 11:35:26 0 [ERROR] InnoDB: Page [page id: space=0, page number=200] log sequence number 352576 is in the future! Current system log sequence number 300306.
2026-04-16 11:35:26 0 [ERROR] InnoDB: Your database may be corrupt or you may have copied the InnoDB tablespace but not the InnoDB log files. Please refer to https://mariadb.com/kb/en/library/innodb-recovery-modes/ for information about forcing recovery.
2026-04-16 11:35:26 0 [ERROR] InnoDB: Page [page id: space=0, page number=337] log sequence number 352576 is in the future! Current system log sequence number 300306.
2026-04-16 11:35:26 0 [ERROR] InnoDB: Your database may be corrupt or you may have copied the InnoDB tablespace but not the InnoDB log files. Please refer to https://mariadb.com/kb/en/library/innodb-recovery-modes/ for information about forcing recovery.
2026-04-16 11:35:26 0 [ERROR] InnoDB: Page [page id: space=0, page number=201] log sequence number 352620 is in the future! Current system log sequence number 300306.
2026-04-16 11:35:26 0 [ERROR] InnoDB: Your database may be corrupt or you may have copied the InnoDB tablespace but not the InnoDB log files. Please refer to https://mariadb.com/kb/en/library/innodb-recovery-modes/ for information about forcing recovery.
2026-04-16 11:35:26 0 [ERROR] InnoDB: Page [page id: space=0, page number=338] log sequence number 352620 is in the future! Current system log sequence number 300306.
2026-04-16 11:35:26 0 [ERROR] InnoDB: Your database may be corrupt or you may have copied the InnoDB tablespace but not the InnoDB log files. Please refer to https://mariadb.com/kb/en/library/innodb-recovery-modes/ for information about forcing recovery.
2026-04-16 11:35:26 0 [ERROR] InnoDB: Page [page id: space=0, page number=202] log sequence number 352664 is in the future! Current system log sequence number 300306.
2026-04-16 11:35:26 0 [ERROR] InnoDB: Your database may be corrupt or you may have copied the InnoDB tablespace but not the InnoDB log files. Please refer to https://mariadb.com/kb/en/library/innodb-recovery-modes/ for information about forcing recovery.
2026-04-16 11:35:26 0 [ERROR] InnoDB: Page [page id: space=0, page number=339] log sequence number 352664 is in the future! Current system log sequence number 300306.
2026-04-16 11:35:26 0 [ERROR] InnoDB: Your database may be corrupt or you may have copied the InnoDB tablespace but not the InnoDB log files. Please refer to https://mariadb.com/kb/en/library/innodb-recovery-modes/ for information about forcing recovery.
2026-04-16 11:35:26 0 [ERROR] InnoDB: Page [page id: space=0, page number=203] log sequence number 305998 is in the future! Current system log sequence number 300306.
2026-04-16 11:35:26 0 [ERROR] InnoDB: Your database may be corrupt or you may have copied the InnoDB tablespace but not the InnoDB log files. Please refer to https://mariadb.com/kb/en/library/innodb-recovery-modes/ for information about forcing recovery.
2026-04-16 11:35:26 0 [ERROR] InnoDB: Page [page id: space=0, page number=340] log sequence number 305998 is in the future! Current system log sequence number 300306.
2026-04-16 11:35:26 0 [ERROR] InnoDB: Your database may be corrupt or you may have copied the InnoDB tablespace but not the InnoDB log files. Please refer to https://mariadb.com/kb/en/library/innodb-recovery-modes/ for information about forcing recovery.
2026-04-16 11:35:26 0 [ERROR] InnoDB: Page [page id: space=0, page number=204] log sequence number 307021 is in the future! Current system log sequence number 300306.
2026-04-16 11:35:26 0 [ERROR] InnoDB: Your database may be corrupt or you may have copied the InnoDB tablespace but not the InnoDB log files. Please refer to https://mariadb.com/kb/en/library/innodb-recovery-modes/ for information about forcing recovery.
2026-04-16 11:35:26 0 [ERROR] InnoDB: Page [page id: space=0, page number=341] log sequence number 307021 is in the future! Current system log sequence number 300306.
2026-04-16 11:35:26 0 [ERROR] InnoDB: Your database may be corrupt or you may have copied the InnoDB tablespace but not the InnoDB log files. Please refer to https://mariadb.com/kb/en/library/innodb-recovery-modes/ for information about forcing recovery.
2026-04-16 11:35:26 0 [ERROR] InnoDB: Page [page id: space=0, page number=205] log sequence number 352708 is in the future! Current system log sequence number 300306.
2026-04-16 11:35:26 0 [ERROR] InnoDB: Your database may be corrupt or you may have copied the InnoDB tablespace but not the InnoDB log files. Please refer to https://mariadb.com/kb/en/library/innodb-recovery-modes/ for information about forcing recovery.
2026-04-16 11:35:26 0 [ERROR] InnoDB: Page [page id: space=0, page number=342] log sequence number 352708 is in the future! Current system log sequence number 300306.
2026-04-16 11:35:26 0 [ERROR] InnoDB: Your database may be corrupt or you may have copied the InnoDB tablespace but not the InnoDB log files. Please refer to https://mariadb.com/kb/en/library/innodb-recovery-modes/ for information about forcing recovery.
2026-04-16 11:35:26 0 [ERROR] InnoDB: Page [page id: space=0, page number=206] log sequence number 352752 is in the future! Current system log sequence number 300306.
2026-04-16 11:35:26 0 [ERROR] InnoDB: Your database may be corrupt or you may have copied the InnoDB tablespace but not the InnoDB log files. Please refer to https://mariadb.com/kb/en/library/innodb-recovery-modes/ for information about forcing recovery.
2026-04-16 11:35:26 0 [ERROR] InnoDB: Page [page id: space=0, page number=343] log sequence number 352752 is in the future! Current system log sequence number 300306.
2026-04-16 11:35:26 0 [ERROR] InnoDB: Your database may be corrupt or you may have copied the InnoDB tablespace but not the InnoDB log files. Please refer to https://mariadb.com/kb/en/library/innodb-recovery-modes/ for information about forcing recovery.
2026-04-16 11:35:26 0 [ERROR] InnoDB: Page [page id: space=0, page number=207] log sequence number 352812 is in the future! Current system log sequence number 300306.
2026-04-16 11:35:26 0 [ERROR] InnoDB: Your database may be corrupt or you may have copied the InnoDB tablespace but not the InnoDB log files. Please refer to https://mariadb.com/kb/en/library/innodb-recovery-modes/ for information about forcing recovery.
2026-04-16 11:35:26 0 [ERROR] InnoDB: Page [page id: space=0, page number=344] log sequence number 352812 is in the future! Current system log sequence number 300306.
2026-04-16 11:35:26 0 [ERROR] InnoDB: Your database may be corrupt or you may have copied the InnoDB tablespace but not the InnoDB log files. Please refer to https://mariadb.com/kb/en/library/innodb-recovery-modes/ for information about forcing recovery.
2026-04-16 11:35:26 0 [ERROR] InnoDB: Page [page id: space=0, page number=208] log sequence number 352856 is in the future! Current system log sequence number 300306.
2026-04-16 11:35:26 0 [ERROR] InnoDB: Your database may be corrupt or you may have copied the InnoDB tablespace but not the InnoDB log files. Please refer to https://mariadb.com/kb/en/library/innodb-recovery-modes/ for information about forcing recovery.
2026-04-16 11:35:26 0 [ERROR] InnoDB: Page [page id: space=0, page number=345] log sequence number 352856 is in the future! Current system log sequence number 300306.
2026-04-16 11:35:26 0 [ERROR] InnoDB: Your database may be corrupt or you may have copied the InnoDB tablespace but not the InnoDB log files. Please refer to https://mariadb.com/kb/en/library/innodb-recovery-modes/ for information about forcing recovery.
2026-04-16 11:35:26 0 [ERROR] InnoDB: Page [page id: space=0, page number=209] log sequence number 352900 is in the future! Current system log sequence number 300306.
2026-04-16 11:35:26 0 [ERROR] InnoDB: Your database may be corrupt or you may have copied the InnoDB tablespace but not the InnoDB log files. Please refer to https://mariadb.com/kb/en/library/innodb-recovery-modes/ for information about forcing recovery.
2026-04-16 11:35:26 0 [ERROR] InnoDB: Page [page id: space=0, page number=346] log sequence number 352900 is in the future! Current system log sequence number 300306.
2026-04-16 11:35:26 0 [ERROR] InnoDB: Your database may be corrupt or you may have copied the InnoDB tablespace but not the InnoDB log files. Please refer to https://mariadb.com/kb/en/library/innodb-recovery-modes/ for information about forcing recovery.
2026-04-16 11:35:26 0 [ERROR] InnoDB: Page [page id: space=0, page number=210] log sequence number 352944 is in the future! Current system log sequence number 300306.
2026-04-16 11:35:26 0 [ERROR] InnoDB: Your database may be corrupt or you may have copied the InnoDB tablespace but not the InnoDB log files. Please refer to https://mariadb.com/kb/en/library/innodb-recovery-modes/ for information about forcing recovery.
2026-04-16 11:35:26 0 [ERROR] InnoDB: Page [page id: space=0, page number=347] log sequence number 352944 is in the future! Current system log sequence number 300306.
2026-04-16 11:35:26 0 [ERROR] InnoDB: Your database may be corrupt or you may have copied the InnoDB tablespace but not the InnoDB log files. Please refer to https://mariadb.com/kb/en/library/innodb-recovery-modes/ for information about forcing recovery.
2026-04-16 11:35:26 0 [ERROR] InnoDB: Page [page id: space=0, page number=211] log sequence number 352988 is in the future! Current system log sequence number 300306.
2026-04-16 11:35:26 0 [ERROR] InnoDB: Your database may be corrupt or you may have copied the InnoDB tablespace but not the InnoDB log files. Please refer to https://mariadb.com/kb/en/library/innodb-recovery-modes/ for information about forcing recovery.
2026-04-16 11:35:26 0 [ERROR] InnoDB: Page [page id: space=0, page number=348] log sequence number 352988 is in the future! Current system log sequence number 300306.
2026-04-16 11:35:26 0 [ERROR] InnoDB: Your database may be corrupt or you may have copied the InnoDB tablespace but not the InnoDB log files. Please refer to https://mariadb.com/kb/en/library/innodb-recovery-modes/ for information about forcing recovery.
2026-04-16 11:35:26 0 [ERROR] InnoDB: Page [page id: space=0, page number=212] log sequence number 353032 is in the future! Current system log sequence number 300306.
2026-04-16 11:35:26 0 [ERROR] InnoDB: Your database may be corrupt or you may have copied the InnoDB tablespace but not the InnoDB log files. Please refer to https://mariadb.com/kb/en/library/innodb-recovery-modes/ for information about forcing recovery.
2026-04-16 11:35:26 0 [ERROR] InnoDB: Page [page id: space=0, page number=349] log sequence number 353032 is in the future! Current system log sequence number 300306.
2026-04-16 11:35:26 0 [ERROR] InnoDB: Your database may be corrupt or you may have copied the InnoDB tablespace but not the InnoDB log files. Please refer to https://mariadb.com/kb/en/library/innodb-recovery-modes/ for information about forcing recovery.
2026-04-16 11:35:26 0 [ERROR] InnoDB: Page [page id: space=0, page number=213] log sequence number 353076 is in the future! Current system log sequence number 300306.
2026-04-16 11:35:26 0 [ERROR] InnoDB: Your database may be corrupt or you may have copied the InnoDB tablespace but not the InnoDB log files. Please refer to https://mariadb.com/kb/en/library/innodb-recovery-modes/ for information about forcing recovery.
2026-04-16 11:35:26 0 [ERROR] InnoDB: Page [page id: space=0, page number=350] log sequence number 353076 is in the future! Current system log sequence number 300306.
2026-04-16 11:35:26 0 [ERROR] InnoDB: Your database may be corrupt or you may have copied the InnoDB tablespace but not the InnoDB log files. Please refer to https://mariadb.com/kb/en/library/innodb-recovery-modes/ for information about forcing recovery.
2026-04-16 11:35:26 0 [ERROR] InnoDB: Page [page id: space=0, page number=214] log sequence number 315502 is in the future! Current system log sequence number 300306.
2026-04-16 11:35:26 0 [ERROR] InnoDB: Your database may be corrupt or you may have copied the InnoDB tablespace but not the InnoDB log files. Please refer to https://mariadb.com/kb/en/library/innodb-recovery-modes/ for information about forcing recovery.
2026-04-16 11:35:26 0 [ERROR] InnoDB: Page [page id: space=0, page number=351] log sequence number 315502 is in the future! Current system log sequence number 300306.
2026-04-16 11:35:26 0 [ERROR] InnoDB: Your database may be corrupt or you may have copied the InnoDB tablespace but not the InnoDB log files. Please refer to https://mariadb.com/kb/en/library/innodb-recovery-modes/ for information about forcing recovery.
2026-04-16 11:35:26 0 [ERROR] InnoDB: Page [page id: space=0, page number=215] log sequence number 353120 is in the future! Current system log sequence number 300306.
2026-04-16 11:35:26 0 [ERROR] InnoDB: Your database may be corrupt or you may have copied the InnoDB tablespace but not the InnoDB log files. Please refer to https://mariadb.com/kb/en/library/innodb-recovery-modes/ for information about forcing recovery.
2026-04-16 11:35:26 0 [ERROR] InnoDB: Page [page id: space=0, page number=352] log sequence number 353120 is in the future! Current system log sequence number 300306.
2026-04-16 11:35:26 0 [ERROR] InnoDB: Your database may be corrupt or you may have copied the InnoDB tablespace but not the InnoDB log files. Please refer to https://mariadb.com/kb/en/library/innodb-recovery-modes/ for information about forcing recovery.
2026-04-16 11:35:26 0 [ERROR] InnoDB: Page [page id: space=0, page number=216] log sequence number 353164 is in the future! Current system log sequence number 300306.
2026-04-16 11:35:26 0 [ERROR] InnoDB: Your database may be corrupt or you may have copied the InnoDB tablespace but not the InnoDB log files. Please refer to https://mariadb.com/kb/en/library/innodb-recovery-modes/ for information about forcing recovery.
2026-04-16 11:35:26 0 [ERROR] InnoDB: Page [page id: space=0, page number=353] log sequence number 353164 is in the future! Current system log sequence number 300306.
2026-04-16 11:35:26 0 [ERROR] InnoDB: Your database may be corrupt or you may have copied the InnoDB tablespace but not the InnoDB log files. Please refer to https://mariadb.com/kb/en/library/innodb-recovery-modes/ for information about forcing recovery.
2026-04-16 11:35:26 0 [ERROR] InnoDB: Page [page id: space=0, page number=217] log sequence number 353208 is in the future! Current system log sequence number 300306.
2026-04-16 11:35:26 0 [ERROR] InnoDB: Your database may be corrupt or you may have copied the InnoDB tablespace but not the InnoDB log files. Please refer to https://mariadb.com/kb/en/library/innodb-recovery-modes/ for information about forcing recovery.
2026-04-16 11:35:26 0 [ERROR] InnoDB: Page [page id: space=0, page number=354] log sequence number 353208 is in the future! Current system log sequence number 300306.
2026-04-16 11:35:26 0 [ERROR] InnoDB: Your database may be corrupt or you may have copied the InnoDB tablespace but not the InnoDB log files. Please refer to https://mariadb.com/kb/en/library/innodb-recovery-modes/ for information about forcing recovery.
2026-04-16 11:35:26 0 [ERROR] InnoDB: Page [page id: space=0, page number=218] log sequence number 353252 is in the future! Current system log sequence number 300306.
2026-04-16 11:35:26 0 [ERROR] InnoDB: Your database may be corrupt or you may have copied the InnoDB tablespace but not the InnoDB log files. Please refer to https://mariadb.com/kb/en/library/innodb-recovery-modes/ for information about forcing recovery.
2026-04-16 11:35:26 0 [ERROR] InnoDB: Page [page id: space=0, page number=355] log sequence number 353252 is in the future! Current system log sequence number 300306.
2026-04-16 11:35:26 0 [ERROR] InnoDB: Your database may be corrupt or you may have copied the InnoDB tablespace but not the InnoDB log files. Please refer to https://mariadb.com/kb/en/library/innodb-recovery-modes/ for information about forcing recovery.
2026-04-16 11:35:26 0 [ERROR] InnoDB: Page [page id: space=0, page number=219] log sequence number 358596 is in the future! Current system log sequence number 300306.
2026-04-16 11:35:26 0 [ERROR] InnoDB: Your database may be corrupt or you may have copied the InnoDB tablespace but not the InnoDB log files. Please refer to https://mariadb.com/kb/en/library/innodb-recovery-modes/ for information about forcing recovery.
2026-04-16 11:35:26 0 [ERROR] InnoDB: Page [page id: space=0, page number=356] log sequence number 358596 is in the future! Current system log sequence number 300306.
2026-04-16 11:35:26 0 [ERROR] InnoDB: Your database may be corrupt or you may have copied the InnoDB tablespace but not the InnoDB log files. Please refer to https://mariadb.com/kb/en/library/innodb-recovery-modes/ for information about forcing recovery.
2026-04-16 11:35:26 0 [ERROR] InnoDB: Page [page id: space=0, page number=220] log sequence number 358640 is in the future! Current system log sequence number 300306.
2026-04-16 11:35:26 0 [ERROR] InnoDB: Your database may be corrupt or you may have copied the InnoDB tablespace but not the InnoDB log files. Please refer to https://mariadb.com/kb/en/library/innodb-recovery-modes/ for information about forcing recovery.
2026-04-16 11:35:26 0 [ERROR] InnoDB: Page [page id: space=0, page number=357] log sequence number 358640 is in the future! Current system log sequence number 300306.
2026-04-16 11:35:26 0 [ERROR] InnoDB: Your database may be corrupt or you may have copied the InnoDB tablespace but not the InnoDB log files. Please refer to https://mariadb.com/kb/en/library/innodb-recovery-modes/ for information about forcing recovery.
2026-04-16 11:35:26 0 [ERROR] InnoDB: Page [page id: space=0, page number=221] log sequence number 358684 is in the future! Current system log sequence number 300306.
2026-04-16 11:35:26 0 [ERROR] InnoDB: Your database may be corrupt or you may have copied the InnoDB tablespace but not the InnoDB log files. Please refer to https://mariadb.com/kb/en/library/innodb-recovery-modes/ for information about forcing recovery.
2026-04-16 11:35:26 0 [ERROR] InnoDB: Page [page id: space=0, page number=358] log sequence number 358684 is in the future! Current system log sequence number 300306.
2026-04-16 11:35:26 0 [ERROR] InnoDB: Your database may be corrupt or you may have copied the InnoDB tablespace but not the InnoDB log files. Please refer to https://mariadb.com/kb/en/library/innodb-recovery-modes/ for information about forcing recovery.
2026-04-16 11:35:26 0 [ERROR] InnoDB: Page [page id: space=0, page number=222] log sequence number 358728 is in the future! Current system log sequence number 300306.
2026-04-16 11:35:26 0 [ERROR] InnoDB: Your database may be corrupt or you may have copied the InnoDB tablespace but not the InnoDB log files. Please refer to https://mariadb.com/kb/en/library/innodb-recovery-modes/ for information about forcing recovery.
2026-04-16 11:35:26 0 [ERROR] InnoDB: Page [page id: space=0, page number=359] log sequence number 358728 is in the future! Current system log sequence number 300306.
2026-04-16 11:35:26 0 [ERROR] InnoDB: Your database may be corrupt or you may have copied the InnoDB tablespace but not the InnoDB log files. Please refer to https://mariadb.com/kb/en/library/innodb-recovery-modes/ for information about forcing recovery.
2026-04-16 11:35:26 0 [ERROR] InnoDB: Page [page id: space=0, page number=223] log sequence number 358772 is in the future! Current system log sequence number 300306.
2026-04-16 11:35:26 0 [ERROR] InnoDB: Your database may be corrupt or you may have copied the InnoDB tablespace but not the InnoDB log files. Please refer to https://mariadb.com/kb/en/library/innodb-recovery-modes/ for information about forcing recovery.
2026-04-16 11:35:26 0 [ERROR] InnoDB: Page [page id: space=0, page number=360] log sequence number 358772 is in the future! Current system log sequence number 300306.
2026-04-16 11:35:26 0 [ERROR] InnoDB: Your database may be corrupt or you may have copied the InnoDB tablespace but not the InnoDB log files. Please refer to https://mariadb.com/kb/en/library/innodb-recovery-modes/ for information about forcing recovery.
2026-04-16 11:35:26 0 [ERROR] InnoDB: Page [page id: space=0, page number=224] log sequence number 358816 is in the future! Current system log sequence number 300306.
2026-04-16 11:35:26 0 [ERROR] InnoDB: Your database may be corrupt or you may have copied the InnoDB tablespace but not the InnoDB log files. Please refer to https://mariadb.com/kb/en/library/innodb-recovery-modes/ for information about forcing recovery.
2026-04-16 11:35:26 0 [ERROR] InnoDB: Page [page id: space=0, page number=361] log sequence number 358816 is in the future! Current system log sequence number 300306.
2026-04-16 11:35:26 0 [ERROR] InnoDB: Your database may be corrupt or you may have copied the InnoDB tablespace but not the InnoDB log files. Please refer to https://mariadb.com/kb/en/library/innodb-recovery-modes/ for information about forcing recovery.
2026-04-16 11:35:26 0 [ERROR] InnoDB: Page [page id: space=0, page number=225] log sequence number 358860 is in the future! Current system log sequence number 300306.
2026-04-16 11:35:26 0 [ERROR] InnoDB: Your database may be corrupt or you may have copied the InnoDB tablespace but not the InnoDB log files. Please refer to https://mariadb.com/kb/en/library/innodb-recovery-modes/ for information about forcing recovery.
2026-04-16 11:35:26 0 [ERROR] InnoDB: Page [page id: space=0, page number=362] log sequence number 358860 is in the future! Current system log sequence number 300306.
2026-04-16 11:35:26 0 [ERROR] InnoDB: Your database may be corrupt or you may have copied the InnoDB tablespace but not the InnoDB log files. Please refer to https://mariadb.com/kb/en/library/innodb-recovery-modes/ for information about forcing recovery.
2026-04-16 11:35:26 0 [ERROR] InnoDB: Page [page id: space=0, page number=226] log sequence number 358904 is in the future! Current system log sequence number 300306.
2026-04-16 11:35:26 0 [ERROR] InnoDB: Your database may be corrupt or you may have copied the InnoDB tablespace but not the InnoDB log files. Please refer to https://mariadb.com/kb/en/library/innodb-recovery-modes/ for information about forcing recovery.
2026-04-16 11:35:26 0 [ERROR] InnoDB: Page [page id: space=0, page number=363] log sequence number 358904 is in the future! Current system log sequence number 300306.
2026-04-16 11:35:26 0 [ERROR] InnoDB: Your database may be corrupt or you may have copied the InnoDB tablespace but not the InnoDB log files. Please refer to https://mariadb.com/kb/en/library/innodb-recovery-modes/ for information about forcing recovery.
2026-04-16 11:35:26 0 [ERROR] InnoDB: Page [page id: space=0, page number=227] log sequence number 358964 is in the future! Current system log sequence number 300306.
2026-04-16 11:35:26 0 [ERROR] InnoDB: Your database may be corrupt or you may have copied the InnoDB tablespace but not the InnoDB log files. Please refer to https://mariadb.com/kb/en/library/innodb-recovery-modes/ for information about forcing recovery.
2026-04-16 11:35:26 0 [ERROR] InnoDB: Page [page id: space=0, page number=364] log sequence number 358964 is in the future! Current system log sequence number 300306.
2026-04-16 11:35:26 0 [ERROR] InnoDB: Your database may be corrupt or you may have copied the InnoDB tablespace but not the InnoDB log files. Please refer to https://mariadb.com/kb/en/library/innodb-recovery-modes/ for information about forcing recovery.
2026-04-16 11:35:26 0 [ERROR] InnoDB: Page [page id: space=0, page number=228] log sequence number 364909 is in the future! Current system log sequence number 300306.
2026-04-16 11:35:26 0 [ERROR] InnoDB: Your database may be corrupt or you may have copied the InnoDB tablespace but not the InnoDB log files. Please refer to https://mariadb.com/kb/en/library/innodb-recovery-modes/ for information about forcing recovery.
2026-04-16 11:35:26 0 [ERROR] InnoDB: Page [page id: space=0, page number=365] log sequence number 364909 is in the future! Current system log sequence number 300306.
2026-04-16 11:35:26 0 [ERROR] InnoDB: Your database may be corrupt or you may have copied the InnoDB tablespace but not the InnoDB log files. Please refer to https://mariadb.com/kb/en/library/innodb-recovery-modes/ for information about forcing recovery.
2026-04-16 11:35:26 0 [ERROR] InnoDB: Page [page id: space=0, page number=229] log sequence number 364953 is in the future! Current system log sequence number 300306.
2026-04-16 11:35:26 0 [ERROR] InnoDB: Your database may be corrupt or you may have copied the InnoDB tablespace but not the InnoDB log files. Please refer to https://mariadb.com/kb/en/library/innodb-recovery-modes/ for information about forcing recovery.
2026-04-16 11:35:26 0 [ERROR] InnoDB: Page [page id: space=0, page number=366] log sequence number 364953 is in the future! Current system log sequence number 300306.
2026-04-16 11:35:26 0 [ERROR] InnoDB: Your database may be corrupt or you may have copied the InnoDB tablespace but not the InnoDB log files. Please refer to https://mariadb.com/kb/en/library/innodb-recovery-modes/ for information about forcing recovery.
2026-04-16 11:35:26 0 [ERROR] InnoDB: Page [page id: space=0, page number=230] log sequence number 364997 is in the future! Current system log sequence number 300306.
2026-04-16 11:35:26 0 [ERROR] InnoDB: Your database may be corrupt or you may have copied the InnoDB tablespace but not the InnoDB log files. Please refer to https://mariadb.com/kb/en/library/innodb-recovery-modes/ for information about forcing recovery.
2026-04-16 11:35:26 0 [ERROR] InnoDB: Page [page id: space=0, page number=367] log sequence number 364997 is in the future! Current system log sequence number 300306.
2026-04-16 11:35:26 0 [ERROR] InnoDB: Your database may be corrupt or you may have copied the InnoDB tablespace but not the InnoDB log files. Please refer to https://mariadb.com/kb/en/library/innodb-recovery-modes/ for information about forcing recovery.
2026-04-16 11:35:26 0 [ERROR] InnoDB: Page [page id: space=0, page number=231] log sequence number 365041 is in the future! Current system log sequence number 300306.
2026-04-16 11:35:26 0 [ERROR] InnoDB: Your database may be corrupt or you may have copied the InnoDB tablespace but not the InnoDB log files. Please refer to https://mariadb.com/kb/en/library/innodb-recovery-modes/ for information about forcing recovery.
2026-04-16 11:35:26 0 [ERROR] InnoDB: Page [page id: space=0, page number=368] log sequence number 365041 is in the future! Current system log sequence number 300306.
2026-04-16 11:35:26 0 [ERROR] InnoDB: Your database may be corrupt or you may have copied the InnoDB tablespace but not the InnoDB log files. Please refer to https://mariadb.com/kb/en/library/innodb-recovery-modes/ for information about forcing recovery.
2026-04-16 11:35:26 0 [ERROR] InnoDB: Page [page id: space=0, page number=232] log sequence number 365101 is in the future! Current system log sequence number 300306.
2026-04-16 11:35:26 0 [ERROR] InnoDB: Your database may be corrupt or you may have copied the InnoDB tablespace but not the InnoDB log files. Please refer to https://mariadb.com/kb/en/library/innodb-recovery-modes/ for information about forcing recovery.
2026-04-16 11:35:26 0 [ERROR] InnoDB: Page [page id: space=0, page number=373] log sequence number 365101 is in the future! Current system log sequence number 300306.
2026-04-16 11:35:26 0 [ERROR] InnoDB: Your database may be corrupt or you may have copied the InnoDB tablespace but not the InnoDB log files. Please refer to https://mariadb.com/kb/en/library/innodb-recovery-modes/ for information about forcing recovery.
2026-04-16 11:35:26 0 [ERROR] InnoDB: Page [page id: space=0, page number=233] log sequence number 365145 is in the future! Current system log sequence number 300306.
2026-04-16 11:35:26 0 [ERROR] InnoDB: Your database may be corrupt or you may have copied the InnoDB tablespace but not the InnoDB log files. Please refer to https://mariadb.com/kb/en/library/innodb-recovery-modes/ for information about forcing recovery.
2026-04-16 11:35:26 0 [ERROR] InnoDB: Page [page id: space=0, page number=374] log sequence number 365145 is in the future! Current system log sequence number 300306.
2026-04-16 11:35:26 0 [ERROR] InnoDB: Your database may be corrupt or you may have copied the InnoDB tablespace but not the InnoDB log files. Please refer to https://mariadb.com/kb/en/library/innodb-recovery-modes/ for information about forcing recovery.
2026-04-16 11:35:26 0 [ERROR] InnoDB: Page [page id: space=0, page number=234] log sequence number 365189 is in the future! Current system log sequence number 300306.
2026-04-16 11:35:26 0 [ERROR] InnoDB: Your database may be corrupt or you may have copied the InnoDB tablespace but not the InnoDB log files. Please refer to https://mariadb.com/kb/en/library/innodb-recovery-modes/ for information about forcing recovery.
2026-04-16 11:35:26 0 [ERROR] InnoDB: Page [page id: space=0, page number=375] log sequence number 365189 is in the future! Current system log sequence number 300306.
2026-04-16 11:35:26 0 [ERROR] InnoDB: Your database may be corrupt or you may have copied the InnoDB tablespace but not the InnoDB log files. Please refer to https://mariadb.com/kb/en/library/innodb-recovery-modes/ for information about forcing recovery.
2026-04-16 11:35:26 0 [ERROR] InnoDB: Page [page id: space=0, page number=235] log sequence number 365233 is in the future! Current system log sequence number 300306.
2026-04-16 11:35:26 0 [ERROR] InnoDB: Your database may be corrupt or you may have copied the InnoDB tablespace but not the InnoDB log files. Please refer to https://mariadb.com/kb/en/library/innodb-recovery-modes/ for information about forcing recovery.
2026-04-16 11:35:26 0 [ERROR] InnoDB: Page [page id: space=0, page number=376] log sequence number 365233 is in the future! Current system log sequence number 300306.
2026-04-16 11:35:26 0 [ERROR] InnoDB: Your database may be corrupt or you may have copied the InnoDB tablespace but not the InnoDB log files. Please refer to https://mariadb.com/kb/en/library/innodb-recovery-modes/ for information about forcing recovery.
2026-04-16 11:35:26 0 [ERROR] InnoDB: Page [page id: space=0, page number=236] log sequence number 365277 is in the future! Current system log sequence number 300306.
2026-04-16 11:35:26 0 [ERROR] InnoDB: Your database may be corrupt or you may have copied the InnoDB tablespace but not the InnoDB log files. Please refer to https://mariadb.com/kb/en/library/innodb-recovery-modes/ for information about forcing recovery.
2026-04-16 11:35:26 0 [ERROR] InnoDB: Page [page id: space=0, page number=431] log sequence number 365277 is in the future! Current system log sequence number 300306.
2026-04-16 11:35:26 0 [ERROR] InnoDB: Your database may be corrupt or you may have copied the InnoDB tablespace but not the InnoDB log files. Please refer to https://mariadb.com/kb/en/library/innodb-recovery-modes/ for information about forcing recovery.
2026-04-16 11:35:26 0 [ERROR] InnoDB: Page [page id: space=0, page number=237] log sequence number 365321 is in the future! Current system log sequence number 300306.
2026-04-16 11:35:26 0 [ERROR] InnoDB: Your database may be corrupt or you may have copied the InnoDB tablespace but not the InnoDB log files. Please refer to https://mariadb.com/kb/en/library/innodb-recovery-modes/ for information about forcing recovery.
2026-04-16 11:35:26 0 [ERROR] InnoDB: Page [page id: space=0, page number=377] log sequence number 365321 is in the future! Current system log sequence number 300306.
2026-04-16 11:35:26 0 [ERROR] InnoDB: Your database may be corrupt or you may have copied the InnoDB tablespace but not the InnoDB log files. Please refer to https://mariadb.com/kb/en/library/innodb-recovery-modes/ for information about forcing recovery.
2026-04-16 11:35:26 0 [ERROR] InnoDB: Page [page id: space=0, page number=238] log sequence number 365365 is in the future! Current system log sequence number 300306.
2026-04-16 11:35:26 0 [ERROR] InnoDB: Your database may be corrupt or you may have copied the InnoDB tablespace but not the InnoDB log files. Please refer to https://mariadb.com/kb/en/library/innodb-recovery-modes/ for information about forcing recovery.
2026-04-16 11:35:26 0 [ERROR] InnoDB: Page [page id: space=0, page number=378] log sequence number 365365 is in the future! Current system log sequence number 300306.
2026-04-16 11:35:26 0 [ERROR] InnoDB: Your database may be corrupt or you may have copied the InnoDB tablespace but not the InnoDB log files. Please refer to https://mariadb.com/kb/en/library/innodb-recovery-modes/ for information about forcing recovery.
2026-04-16 11:35:26 0 [ERROR] InnoDB: Page [page id: space=0, page number=239] log sequence number 370749 is in the future! Current system log sequence number 300306.
2026-04-16 11:35:26 0 [ERROR] InnoDB: Your database may be corrupt or you may have copied the InnoDB tablespace but not the InnoDB log files. Please refer to https://mariadb.com/kb/en/library/innodb-recovery-modes/ for information about forcing recovery.
2026-04-16 11:35:26 0 [ERROR] InnoDB: Page [page id: space=0, page number=379] log sequence number 370749 is in the future! Current system log sequence number 300306.
2026-04-16 11:35:26 0 [ERROR] InnoDB: Your database may be corrupt or you may have copied the InnoDB tablespace but not the InnoDB log files. Please refer to https://mariadb.com/kb/en/library/innodb-recovery-modes/ for information about forcing recovery.
2026-04-16 11:35:26 0 [ERROR] InnoDB: Page [page id: space=0, page number=240] log sequence number 370793 is in the future! Current system log sequence number 300306.
2026-04-16 11:35:26 0 [ERROR] InnoDB: Your database may be corrupt or you may have copied the InnoDB tablespace but not the InnoDB log files. Please refer to https://mariadb.com/kb/en/library/innodb-recovery-modes/ for information about forcing recovery.
2026-04-16 11:35:26 0 [ERROR] InnoDB: Page [page id: space=0, page number=369] log sequence number 370793 is in the future! Current system log sequence number 300306.
2026-04-16 11:35:26 0 [ERROR] InnoDB: Your database may be corrupt or you may have copied the InnoDB tablespace but not the InnoDB log files. Please refer to https://mariadb.com/kb/en/library/innodb-recovery-modes/ for information about forcing recovery.
2026-04-16 11:35:26 0 [ERROR] InnoDB: Page [page id: space=0, page number=241] log sequence number 370837 is in the future! Current system log sequence number 300306.
2026-04-16 11:35:26 0 [ERROR] InnoDB: Your database may be corrupt or you may have copied the InnoDB tablespace but not the InnoDB log files. Please refer to https://mariadb.com/kb/en/library/innodb-recovery-modes/ for information about forcing recovery.
2026-04-16 11:35:26 0 [ERROR] InnoDB: Page [page id: space=0, page number=380] log sequence number 370837 is in the future! Current system log sequence number 300306.
2026-04-16 11:35:26 0 [ERROR] InnoDB: Your database may be corrupt or you may have copied the InnoDB tablespace but not the InnoDB log files. Please refer to https://mariadb.com/kb/en/library/innodb-recovery-modes/ for information about forcing recovery.
2026-04-16 11:35:26 0 [ERROR] InnoDB: Page [page id: space=0, page number=242] log sequence number 370881 is in the future! Current system log sequence number 300306.
2026-04-16 11:35:26 0 [ERROR] InnoDB: Your database may be corrupt or you may have copied the InnoDB tablespace but not the InnoDB log files. Please refer to https://mariadb.com/kb/en/library/innodb-recovery-modes/ for information about forcing recovery.
2026-04-16 11:35:26 0 [ERROR] InnoDB: Page [page id: space=0, page number=381] log sequence number 370881 is in the future! Current system log sequence number 300306.
2026-04-16 11:35:26 0 [ERROR] InnoDB: Your database may be corrupt or you may have copied the InnoDB tablespace but not the InnoDB log files. Please refer to https://mariadb.com/kb/en/library/innodb-recovery-modes/ for information about forcing recovery.
2026-04-16 11:35:26 0 [ERROR] InnoDB: Page [page id: space=0, page number=244] log sequence number 370925 is in the future! Current system log sequence number 300306.
2026-04-16 11:35:26 0 [ERROR] InnoDB: Your database may be corrupt or you may have copied the InnoDB tablespace but not the InnoDB log files. Please refer to https://mariadb.com/kb/en/library/innodb-recovery-modes/ for information about forcing recovery.
2026-04-16 11:35:26 0 [ERROR] InnoDB: Page [page id: space=0, page number=384] log sequence number 370925 is in the future! Current system log sequence number 300306.
2026-04-16 11:35:26 0 [ERROR] InnoDB: Your database may be corrupt or you may have copied the InnoDB tablespace but not the InnoDB log files. Please refer to https://mariadb.com/kb/en/library/innodb-recovery-modes/ for information about forcing recovery.
2026-04-16 11:35:26 0 [ERROR] InnoDB: Page [page id: space=0, page number=245] log sequence number 370969 is in the future! Current system log sequence number 300306.
2026-04-16 11:35:26 0 [ERROR] InnoDB: Your database may be corrupt or you may have copied the InnoDB tablespace but not the InnoDB log files. Please refer to https://mariadb.com/kb/en/library/innodb-recovery-modes/ for information about forcing recovery.
2026-04-16 11:35:26 0 [ERROR] InnoDB: Page [page id: space=0, page number=382] log sequence number 370969 is in the future! Current system log sequence number 300306.
2026-04-16 11:35:26 0 [ERROR] InnoDB: Your database may be corrupt or you may have copied the InnoDB tablespace but not the InnoDB log files. Please refer to https://mariadb.com/kb/en/library/innodb-recovery-modes/ for information about forcing recovery.
2026-04-16 11:35:26 0 [ERROR] InnoDB: Page [page id: space=0, page number=246] log sequence number 371013 is in the future! Current system log sequence number 300306.
2026-04-16 11:35:26 0 [ERROR] InnoDB: Your database may be corrupt or you may have copied the InnoDB tablespace but not the InnoDB log files. Please refer to https://mariadb.com/kb/en/library/innodb-recovery-modes/ for information about forcing recovery.
2026-04-16 11:35:26 0 [ERROR] InnoDB: Page [page id: space=0, page number=383] log sequence number 371013 is in the future! Current system log sequence number 300306.
2026-04-16 11:35:26 0 [ERROR] InnoDB: Your database may be corrupt or you may have copied the InnoDB tablespace but not the InnoDB log files. Please refer to https://mariadb.com/kb/en/library/innodb-recovery-modes/ for information about forcing recovery.
2026-04-16 11:35:26 0 [ERROR] InnoDB: Page [page id: space=0, page number=247] log sequence number 371057 is in the future! Current system log sequence number 300306.
2026-04-16 11:35:26 0 [ERROR] InnoDB: Your database may be corrupt or you may have copied the InnoDB tablespace but not the InnoDB log files. Please refer to https://mariadb.com/kb/en/library/innodb-recovery-modes/ for information about forcing recovery.
2026-04-16 11:35:26 0 [ERROR] InnoDB: Page [page id: space=0, page number=432] log sequence number 371057 is in the future! Current system log sequence number 300306.
2026-04-16 11:35:26 0 [ERROR] InnoDB: Your database may be corrupt or you may have copied the InnoDB tablespace but not the InnoDB log files. Please refer to https://mariadb.com/kb/en/library/innodb-recovery-modes/ for information about forcing recovery.
2026-04-16 11:35:26 0 [ERROR] InnoDB: Page [page id: space=0, page number=248] log sequence number 371101 is in the future! Current system log sequence number 300306.
2026-04-16 11:35:26 0 [ERROR] InnoDB: Your database may be corrupt or you may have copied the InnoDB tablespace but not the InnoDB log files. Please refer to https://mariadb.com/kb/en/library/innodb-recovery-modes/ for information about forcing recovery.
2026-04-16 11:35:26 0 [ERROR] InnoDB: Page [page id: space=0, page number=385] log sequence number 371101 is in the future! Current system log sequence number 300306.
2026-04-16 11:35:26 0 [ERROR] InnoDB: Your database may be corrupt or you may have copied the InnoDB tablespace but not the InnoDB log files. Please refer to https://mariadb.com/kb/en/library/innodb-recovery-modes/ for information about forcing recovery.
2026-04-16 11:35:26 0 [ERROR] InnoDB: Page [page id: space=0, page number=249] log sequence number 376354 is in the future! Current system log sequence number 300306.
2026-04-16 11:35:26 0 [ERROR] InnoDB: Your database may be corrupt or you may have copied the InnoDB tablespace but not the InnoDB log files. Please refer to https://mariadb.com/kb/en/library/innodb-recovery-modes/ for information about forcing recovery.
2026-04-16 11:35:26 0 [ERROR] InnoDB: Page [page id: space=0, page number=370] log sequence number 376354 is in the future! Current system log sequence number 300306.
2026-04-16 11:35:26 0 [ERROR] InnoDB: Your database may be corrupt or you may have copied the InnoDB tablespace but not the InnoDB log files. Please refer to https://mariadb.com/kb/en/library/innodb-recovery-modes/ for information about forcing recovery.
2026-04-16 11:35:26 0 [ERROR] InnoDB: Page [page id: space=0, page number=250] log sequence number 376398 is in the future! Current system log sequence number 300306.
2026-04-16 11:35:26 0 [ERROR] InnoDB: Your database may be corrupt or you may have copied the InnoDB tablespace but not the InnoDB log files. Please refer to https://mariadb.com/kb/en/library/innodb-recovery-modes/ for information about forcing recovery.
2026-04-16 11:35:26 0 [ERROR] InnoDB: Page [page id: space=0, page number=371] log sequence number 376398 is in the future! Current system log sequence number 300306.
2026-04-16 11:35:26 0 [ERROR] InnoDB: Your database may be corrupt or you may have copied the InnoDB tablespace but not the InnoDB log files. Please refer to https://mariadb.com/kb/en/library/innodb-recovery-modes/ for information about forcing recovery.
2026-04-16 11:35:26 0 [ERROR] InnoDB: Page [page id: space=0, page number=251] log sequence number 376442 is in the future! Current system log sequence number 300306.
2026-04-16 11:35:26 0 [ERROR] InnoDB: Your database may be corrupt or you may have copied the InnoDB tablespace but not the InnoDB log files. Please refer to https://mariadb.com/kb/en/library/innodb-recovery-modes/ for information about forcing recovery.
2026-04-16 11:35:26 0 [ERROR] InnoDB: Page [page id: space=0, page number=386] log sequence number 376442 is in the future! Current system log sequence number 300306.
2026-04-16 11:35:26 0 [ERROR] InnoDB: Your database may be corrupt or you may have copied the InnoDB tablespace but not the InnoDB log files. Please refer to https://mariadb.com/kb/en/library/innodb-recovery-modes/ for information about forcing recovery.
2026-04-16 11:35:26 0 [ERROR] InnoDB: Page [page id: space=0, page number=252] log sequence number 376486 is in the future! Current system log sequence number 300306.
2026-04-16 11:35:26 0 [ERROR] InnoDB: Your database may be corrupt or you may have copied the InnoDB tablespace but not the InnoDB log files. Please refer to https://mariadb.com/kb/en/library/innodb-recovery-modes/ for information about forcing recovery.
2026-04-16 11:35:26 0 [ERROR] InnoDB: Page [page id: space=0, page number=387] log sequence number 376486 is in the future! Current system log sequence number 300306.
2026-04-16 11:35:26 0 [ERROR] InnoDB: Your database may be corrupt or you may have copied the InnoDB tablespace but not the InnoDB log files. Please refer to https://mariadb.com/kb/en/library/innodb-recovery-modes/ for information about forcing recovery.
2026-04-16 11:35:26 0 [ERROR] InnoDB: Page [page id: space=0, page number=253] log sequence number 376530 is in the future! Current system log sequence number 300306.
2026-04-16 11:35:26 0 [ERROR] InnoDB: Your database may be corrupt or you may have copied the InnoDB tablespace but not the InnoDB log files. Please refer to https://mariadb.com/kb/en/library/innodb-recovery-modes/ for information about forcing recovery.
2026-04-16 11:35:26 0 [ERROR] InnoDB: Page [page id: space=0, page number=372] log sequence number 376530 is in the future! Current system log sequence number 300306.
2026-04-16 11:35:26 0 [ERROR] InnoDB: Your database may be corrupt or you may have copied the InnoDB tablespace but not the InnoDB log files. Please refer to https://mariadb.com/kb/en/library/innodb-recovery-modes/ for information about forcing recovery.
2026-04-16 11:35:26 0 [ERROR] InnoDB: Page [page id: space=0, page number=254] log sequence number 376574 is in the future! Current system log sequence number 300306.
2026-04-16 11:35:26 0 [ERROR] InnoDB: Your database may be corrupt or you may have copied the InnoDB tablespace but not the InnoDB log files. Please refer to https://mariadb.com/kb/en/library/innodb-recovery-modes/ for information about forcing recovery.
2026-04-16 11:35:26 0 [ERROR] InnoDB: Page [page id: space=0, page number=388] log sequence number 376574 is in the future! Current system log sequence number 300306.
2026-04-16 11:35:26 0 [ERROR] InnoDB: Your database may be corrupt or you may have copied the InnoDB tablespace but not the InnoDB log files. Please refer to https://mariadb.com/kb/en/library/innodb-recovery-modes/ for information about forcing recovery.
2026-04-16 11:35:26 0 [ERROR] InnoDB: Page [page id: space=0, page number=255] log sequence number 376618 is in the future! Current system log sequence number 300306.
2026-04-16 11:35:26 0 [ERROR] InnoDB: Your database may be corrupt or you may have copied the InnoDB tablespace but not the InnoDB log files. Please refer to https://mariadb.com/kb/en/library/innodb-recovery-modes/ for information about forcing recovery.
2026-04-16 11:35:26 0 [ERROR] InnoDB: Page [page id: space=0, page number=389] log sequence number 376618 is in the future! Current system log sequence number 300306.
2026-04-16 11:35:26 0 [ERROR] InnoDB: Your database may be corrupt or you may have copied the InnoDB tablespace but not the InnoDB log files. Please refer to https://mariadb.com/kb/en/library/innodb-recovery-modes/ for information about forcing recovery.
2026-04-16 11:35:26 0 [ERROR] InnoDB: Page [page id: space=0, page number=256] log sequence number 376662 is in the future! Current system log sequence number 300306.
2026-04-16 11:35:26 0 [ERROR] InnoDB: Your database may be corrupt or you may have copied the InnoDB tablespace but not the InnoDB log files. Please refer to https://mariadb.com/kb/en/library/innodb-recovery-modes/ for information about forcing recovery.
2026-04-16 11:35:26 0 [ERROR] InnoDB: Page [page id: space=0, page number=390] log sequence number 376662 is in the future! Current system log sequence number 300306.
2026-04-16 11:35:26 0 [ERROR] InnoDB: Your database may be corrupt or you may have copied the InnoDB tablespace but not the InnoDB log files. Please refer to https://mariadb.com/kb/en/library/innodb-recovery-modes/ for information about forcing recovery.
2026-04-16 11:35:26 0 [ERROR] InnoDB: Page [page id: space=0, page number=257] log sequence number 376706 is in the future! Current system log sequence number 300306.
2026-04-16 11:35:26 0 [ERROR] InnoDB: Your database may be corrupt or you may have copied the InnoDB tablespace but not the InnoDB log files. Please refer to https://mariadb.com/kb/en/library/innodb-recovery-modes/ for information about forcing recovery.
2026-04-16 11:35:26 0 [ERROR] InnoDB: Page [page id: space=0, page number=391] log sequence number 376706 is in the future! Current system log sequence number 300306.
2026-04-16 11:35:26 0 [ERROR] InnoDB: Your database may be corrupt or you may have copied the InnoDB tablespace but not the InnoDB log files. Please refer to https://mariadb.com/kb/en/library/innodb-recovery-modes/ for information about forcing recovery.
2026-04-16 11:35:26 0 [ERROR] InnoDB: Page [page id: space=0, page number=258] log sequence number 382629 is in the future! Current system log sequence number 300306.
2026-04-16 11:35:26 0 [ERROR] InnoDB: Your database may be corrupt or you may have copied the InnoDB tablespace but not the InnoDB log files. Please refer to https://mariadb.com/kb/en/library/innodb-recovery-modes/ for information about forcing recovery.
2026-04-16 11:35:26 0 [ERROR] InnoDB: Page [page id: space=0, page number=392] log sequence number 382629 is in the future! Current system log sequence number 300306.
2026-04-16 11:35:26 0 [ERROR] InnoDB: Your database may be corrupt or you may have copied the InnoDB tablespace but not the InnoDB log files. Please refer to https://mariadb.com/kb/en/library/innodb-recovery-modes/ for information about forcing recovery.
2026-04-16 11:35:26 0 [ERROR] InnoDB: Page [page id: space=0, page number=259] log sequence number 382673 is in the future! Current system log sequence number 300306.
2026-04-16 11:35:26 0 [ERROR] InnoDB: Your database may be corrupt or you may have copied the InnoDB tablespace but not the InnoDB log files. Please refer to https://mariadb.com/kb/en/library/innodb-recovery-modes/ for information about forcing recovery.
2026-04-16 11:35:26 0 [ERROR] InnoDB: Page [page id: space=0, page number=393] log sequence number 382673 is in the future! Current system log sequence number 300306.
2026-04-16 11:35:26 0 [ERROR] InnoDB: Your database may be corrupt or you may have copied the InnoDB tablespace but not the InnoDB log files. Please refer to https://mariadb.com/kb/en/library/innodb-recovery-modes/ for information about forcing recovery.
2026-04-16 11:35:26 0 [ERROR] InnoDB: Page [page id: space=0, page number=260] log sequence number 382717 is in the future! Current system log sequence number 300306.
2026-04-16 11:35:26 0 [ERROR] InnoDB: Your database may be corrupt or you may have copied the InnoDB tablespace but not the InnoDB log files. Please refer to https://mariadb.com/kb/en/library/innodb-recovery-modes/ for information about forcing recovery.
2026-04-16 11:35:26 0 [ERROR] InnoDB: Page [page id: space=0, page number=396] log sequence number 382717 is in the future! Current system log sequence number 300306.
2026-04-16 11:35:26 0 [ERROR] InnoDB: Your database may be corrupt or you may have copied the InnoDB tablespace but not the InnoDB log files. Please refer to https://mariadb.com/kb/en/library/innodb-recovery-modes/ for information about forcing recovery.
2026-04-16 11:35:26 0 [ERROR] InnoDB: Page [page id: space=0, page number=261] log sequence number 382761 is in the future! Current system log sequence number 300306.
2026-04-16 11:35:26 0 [ERROR] InnoDB: Your database may be corrupt or you may have copied the InnoDB tablespace but not the InnoDB log files. Please refer to https://mariadb.com/kb/en/library/innodb-recovery-modes/ for information about forcing recovery.
2026-04-16 11:35:26 0 [ERROR] InnoDB: Page [page id: space=0, page number=394] log sequence number 382761 is in the future! Current system log sequence number 300306.
2026-04-16 11:35:26 0 [ERROR] InnoDB: Your database may be corrupt or you may have copied the InnoDB tablespace but not the InnoDB log files. Please refer to https://mariadb.com/kb/en/library/innodb-recovery-modes/ for information about forcing recovery.
2026-04-16 11:35:26 0 [ERROR] InnoDB: Page [page id: space=0, page number=262] log sequence number 382805 is in the future! Current system log sequence number 300306.
2026-04-16 11:35:26 0 [ERROR] InnoDB: Your database may be corrupt or you may have copied the InnoDB tablespace but not the InnoDB log files. Please refer to https://mariadb.com/kb/en/library/innodb-recovery-modes/ for information about forcing recovery.
2026-04-16 11:35:26 0 [ERROR] InnoDB: Page [page id: space=0, page number=395] log sequence number 382805 is in the future! Current system log sequence number 300306.
2026-04-16 11:35:26 0 [ERROR] InnoDB: Your database may be corrupt or you may have copied the InnoDB tablespace but not the InnoDB log files. Please refer to https://mariadb.com/kb/en/library/innodb-recovery-modes/ for information about forcing recovery.
2026-04-16 11:35:26 0 [ERROR] InnoDB: Page [page id: space=0, page number=263] log sequence number 382849 is in the future! Current system log sequence number 300306.
2026-04-16 11:35:26 0 [ERROR] InnoDB: Your database may be corrupt or you may have copied the InnoDB tablespace but not the InnoDB log files. Please refer to https://mariadb.com/kb/en/library/innodb-recovery-modes/ for information about forcing recovery.
2026-04-16 11:35:26 0 [ERROR] InnoDB: Page [page id: space=0, page number=433] log sequence number 382849 is in the future! Current system log sequence number 300306.
2026-04-16 11:35:26 0 [ERROR] InnoDB: Your database may be corrupt or you may have copied the InnoDB tablespace but not the InnoDB log files. Please refer to https://mariadb.com/kb/en/library/innodb-recovery-modes/ for information about forcing recovery.
2026-04-16 11:35:26 0 [ERROR] InnoDB: Page [page id: space=0, page number=264] log sequence number 382893 is in the future! Current system log sequence number 300306.
2026-04-16 11:35:26 0 [ERROR] InnoDB: Your database may be corrupt or you may have copied the InnoDB tablespace but not the InnoDB log files. Please refer to https://mariadb.com/kb/en/library/innodb-recovery-modes/ for information about forcing recovery.
2026-04-16 11:35:26 0 [ERROR] InnoDB: Page [page id: space=0, page number=397] log sequence number 382893 is in the future! Current system log sequence number 300306.
2026-04-16 11:35:26 0 [ERROR] InnoDB: Your database may be corrupt or you may have copied the InnoDB tablespace but not the InnoDB log files. Please refer to https://mariadb.com/kb/en/library/innodb-recovery-modes/ for information about forcing recovery.
2026-04-16 11:35:26 0 [ERROR] InnoDB: Page [page id: space=0, page number=265] log sequence number 382937 is in the future! Current system log sequence number 300306.
2026-04-16 11:35:26 0 [ERROR] InnoDB: Your database may be corrupt or you may have copied the InnoDB tablespace but not the InnoDB log files. Please refer to https://mariadb.com/kb/en/library/innodb-recovery-modes/ for information about forcing recovery.
2026-04-16 11:35:26 0 [ERROR] InnoDB: Page [page id: space=0, page number=398] log sequence number 382937 is in the future! Current system log sequence number 300306.
2026-04-16 11:35:26 0 [ERROR] InnoDB: Your database may be corrupt or you may have copied the InnoDB tablespace but not the InnoDB log files. Please refer to https://mariadb.com/kb/en/library/innodb-recovery-modes/ for information about forcing recovery.
2026-04-16 11:35:26 0 [ERROR] InnoDB: Page [page id: space=0, page number=266] log sequence number 382997 is in the future! Current system log sequence number 300306.
2026-04-16 11:35:26 0 [ERROR] InnoDB: Your database may be corrupt or you may have copied the InnoDB tablespace but not the InnoDB log files. Please refer to https://mariadb.com/kb/en/library/innodb-recovery-modes/ for information about forcing recovery.
2026-04-16 11:35:26 0 [ERROR] InnoDB: Page [page id: space=0, page number=434] log sequence number 382997 is in the future! Current system log sequence number 300306.
2026-04-16 11:35:26 0 [ERROR] InnoDB: Your database may be corrupt or you may have copied the InnoDB tablespace but not the InnoDB log files. Please refer to https://mariadb.com/kb/en/library/innodb-recovery-modes/ for information about forcing recovery.
2026-04-16 11:35:26 0 [ERROR] InnoDB: Page [page id: space=0, page number=267] log sequence number 383231 is in the future! Current system log sequence number 300306.
2026-04-16 11:35:26 0 [ERROR] InnoDB: Your database may be corrupt or you may have copied the InnoDB tablespace but not the InnoDB log files. Please refer to https://mariadb.com/kb/en/library/innodb-recovery-modes/ for information about forcing recovery.
2026-04-16 11:35:26 0 [ERROR] InnoDB: Page [page id: space=0, page number=399] log sequence number 383231 is in the future! Current system log sequence number 300306.
2026-04-16 11:35:26 0 [ERROR] InnoDB: Your database may be corrupt or you may have copied the InnoDB tablespace but not the InnoDB log files. Please refer to https://mariadb.com/kb/en/library/innodb-recovery-modes/ for information about forcing recovery.
2026-04-16 11:35:26 0 [ERROR] InnoDB: Page [page id: space=0, page number=269] log sequence number 359334 is in the future! Current system log sequence number 300306.
2026-04-16 11:35:26 0 [ERROR] InnoDB: Your database may be corrupt or you may have copied the InnoDB tablespace but not the InnoDB log files. Please refer to https://mariadb.com/kb/en/library/innodb-recovery-modes/ for information about forcing recovery.
2026-04-16 11:35:26 0 [ERROR] InnoDB: Page [page id: space=0, page number=400] log sequence number 359334 is in the future! Current system log sequence number 300306.
2026-04-16 11:35:26 0 [ERROR] InnoDB: Your database may be corrupt or you may have copied the InnoDB tablespace but not the InnoDB log files. Please refer to https://mariadb.com/kb/en/library/innodb-recovery-modes/ for information about forcing recovery.
2026-04-16 11:35:26 0 [ERROR] InnoDB: Page [page id: space=0, page number=270] log sequence number 359378 is in the future! Current system log sequence number 300306.
2026-04-16 11:35:26 0 [ERROR] InnoDB: Your database may be corrupt or you may have copied the InnoDB tablespace but not the InnoDB log files. Please refer to https://mariadb.com/kb/en/library/innodb-recovery-modes/ for information about forcing recovery.
2026-04-16 11:35:26 0 [ERROR] InnoDB: Page [page id: space=0, page number=401] log sequence number 359378 is in the future! Current system log sequence number 300306.
2026-04-16 11:35:26 0 [ERROR] InnoDB: Your database may be corrupt or you may have copied the InnoDB tablespace but not the InnoDB log files. Please refer to https://mariadb.com/kb/en/library/innodb-recovery-modes/ for information about forcing recovery.
2026-04-16 11:35:26 0 [ERROR] InnoDB: Page [page id: space=0, page number=271] log sequence number 360018 is in the future! Current system log sequence number 300306.
2026-04-16 11:35:26 0 [ERROR] InnoDB: Your database may be corrupt or you may have copied the InnoDB tablespace but not the InnoDB log files. Please refer to https://mariadb.com/kb/en/library/innodb-recovery-modes/ for information about forcing recovery.
2026-04-16 11:35:26 0 [ERROR] InnoDB: Page [page id: space=0, page number=402] log sequence number 360018 is in the future! Current system log sequence number 300306.
2026-04-16 11:35:26 0 [ERROR] InnoDB: Your database may be corrupt or you may have copied the InnoDB tablespace but not the InnoDB log files. Please refer to https://mariadb.com/kb/en/library/innodb-recovery-modes/ for information about forcing recovery.
2026-04-16 11:35:26 0 [ERROR] InnoDB: Page [page id: space=0, page number=273] log sequence number 373289 is in the future! Current system log sequence number 300306.
2026-04-16 11:35:26 0 [ERROR] InnoDB: Your database may be corrupt or you may have copied the InnoDB tablespace but not the InnoDB log files. Please refer to https://mariadb.com/kb/en/library/innodb-recovery-modes/ for information about forcing recovery.
2026-04-16 11:35:26 0 [ERROR] InnoDB: Page [page id: space=0, page number=403] log sequence number 373289 is in the future! Current system log sequence number 300306.
2026-04-16 11:35:26 0 [ERROR] InnoDB: Your database may be corrupt or you may have copied the InnoDB tablespace but not the InnoDB log files. Please refer to https://mariadb.com/kb/en/library/innodb-recovery-modes/ for information about forcing recovery.
2026-04-16 11:35:26 0 [ERROR] InnoDB: Page [page id: space=0, page number=275] log sequence number 373333 is in the future! Current system log sequence number 300306.
2026-04-16 11:35:26 0 [ERROR] InnoDB: Your database may be corrupt or you may have copied the InnoDB tablespace but not the InnoDB log files. Please refer to https://mariadb.com/kb/en/library/innodb-recovery-modes/ for information about forcing recovery.
2026-04-16 11:35:26 0 [ERROR] InnoDB: Page [page id: space=0, page number=404] log sequence number 373333 is in the future! Current system log sequence number 300306.
2026-04-16 11:35:26 0 [ERROR] InnoDB: Your database may be corrupt or you may have copied the InnoDB tablespace but not the InnoDB log files. Please refer to https://mariadb.com/kb/en/library/innodb-recovery-modes/ for information about forcing recovery.
2026-04-16 11:35:26 0 [ERROR] InnoDB: Page [page id: space=0, page number=276] log sequence number 373377 is in the future! Current system log sequence number 300306.
2026-04-16 11:35:26 0 [ERROR] InnoDB: Your database may be corrupt or you may have copied the InnoDB tablespace but not the InnoDB log files. Please refer to https://mariadb.com/kb/en/library/innodb-recovery-modes/ for information about forcing recovery.
2026-04-16 11:35:26 0 [ERROR] InnoDB: Page [page id: space=0, page number=405] log sequence number 373377 is in the future! Current system log sequence number 300306.
2026-04-16 11:35:26 0 [ERROR] InnoDB: Your database may be corrupt or you may have copied the InnoDB tablespace but not the InnoDB log files. Please refer to https://mariadb.com/kb/en/library/innodb-recovery-modes/ for information about forcing recovery.
2026-04-16 11:35:26 0 [ERROR] InnoDB: Page [page id: space=0, page number=277] log sequence number 373421 is in the future! Current system log sequence number 300306.
2026-04-16 11:35:26 0 [ERROR] InnoDB: Your database may be corrupt or you may have copied the InnoDB tablespace but not the InnoDB log files. Please refer to https://mariadb.com/kb/en/library/innodb-recovery-modes/ for information about forcing recovery.
2026-04-16 11:35:26 0 [ERROR] InnoDB: Page [page id: space=0, page number=406] log sequence number 373421 is in the future! Current system log sequence number 300306.
2026-04-16 11:35:26 0 [ERROR] InnoDB: Your database may be corrupt or you may have copied the InnoDB tablespace but not the InnoDB log files. Please refer to https://mariadb.com/kb/en/library/innodb-recovery-modes/ for information about forcing recovery.
2026-04-16 11:35:26 0 [ERROR] InnoDB: Page [page id: space=0, page number=278] log sequence number 373465 is in the future! Current system log sequence number 300306.
2026-04-16 11:35:26 0 [ERROR] InnoDB: Your database may be corrupt or you may have copied the InnoDB tablespace but not the InnoDB log files. Please refer to https://mariadb.com/kb/en/library/innodb-recovery-modes/ for information about forcing recovery.
2026-04-16 11:35:26 0 [ERROR] InnoDB: Page [page id: space=0, page number=407] log sequence number 373465 is in the future! Current system log sequence number 300306.
2026-04-16 11:35:26 0 [ERROR] InnoDB: Your database may be corrupt or you may have copied the InnoDB tablespace but not the InnoDB log files. Please refer to https://mariadb.com/kb/en/library/innodb-recovery-modes/ for information about forcing recovery.
2026-04-16 11:35:26 0 [ERROR] InnoDB: Page [page id: space=0, page number=279] log sequence number 373509 is in the future! Current system log sequence number 300306.
2026-04-16 11:35:26 0 [ERROR] InnoDB: Your database may be corrupt or you may have copied the InnoDB tablespace but not the InnoDB log files. Please refer to https://mariadb.com/kb/en/library/innodb-recovery-modes/ for information about forcing recovery.
2026-04-16 11:35:26 0 [ERROR] InnoDB: Page [page id: space=0, page number=409] log sequence number 373509 is in the future! Current system log sequence number 300306.
2026-04-16 11:35:26 0 [ERROR] InnoDB: Your database may be corrupt or you may have copied the InnoDB tablespace but not the InnoDB log files. Please refer to https://mariadb.com/kb/en/library/innodb-recovery-modes/ for information about forcing recovery.
2026-04-16 11:35:26 0 [ERROR] InnoDB: Page [page id: space=0, page number=280] log sequence number 373553 is in the future! Current system log sequence number 300306.
2026-04-16 11:35:26 0 [ERROR] InnoDB: Your database may be corrupt or you may have copied the InnoDB tablespace but not the InnoDB log files. Please refer to https://mariadb.com/kb/en/library/innodb-recovery-modes/ for information about forcing recovery.
2026-04-16 11:35:26 0 [ERROR] InnoDB: Page [page id: space=0, page number=410] log sequence number 373553 is in the future! Current system log sequence number 300306.
2026-04-16 11:35:26 0 [ERROR] InnoDB: Your database may be corrupt or you may have copied the InnoDB tablespace but not the InnoDB log files. Please refer to https://mariadb.com/kb/en/library/innodb-recovery-modes/ for information about forcing recovery.
2026-04-16 11:35:26 0 [ERROR] InnoDB: Page [page id: space=0, page number=281] log sequence number 373597 is in the future! Current system log sequence number 300306.
2026-04-16 11:35:26 0 [ERROR] InnoDB: Your database may be corrupt or you may have copied the InnoDB tablespace but not the InnoDB log files. Please refer to https://mariadb.com/kb/en/library/innodb-recovery-modes/ for information about forcing recovery.
2026-04-16 11:35:26 0 [ERROR] InnoDB: Page [page id: space=0, page number=411] log sequence number 373597 is in the future! Current system log sequence number 300306.
2026-04-16 11:35:26 0 [ERROR] InnoDB: Your database may be corrupt or you may have copied the InnoDB tablespace but not the InnoDB log files. Please refer to https://mariadb.com/kb/en/library/innodb-recovery-modes/ for information about forcing recovery.
2026-04-16 11:35:26 0 [ERROR] InnoDB: Page [page id: space=0, page number=282] log sequence number 373641 is in the future! Current system log sequence number 300306.
2026-04-16 11:35:26 0 [ERROR] InnoDB: Your database may be corrupt or you may have copied the InnoDB tablespace but not the InnoDB log files. Please refer to https://mariadb.com/kb/en/library/innodb-recovery-modes/ for information about forcing recovery.
2026-04-16 11:35:26 0 [ERROR] InnoDB: Page [page id: space=0, page number=412] log sequence number 373641 is in the future! Current system log sequence number 300306.
2026-04-16 11:35:26 0 [ERROR] InnoDB: Your database may be corrupt or you may have copied the InnoDB tablespace but not the InnoDB log files. Please refer to https://mariadb.com/kb/en/library/innodb-recovery-modes/ for information about forcing recovery.
2026-04-16 11:35:26 0 [ERROR] InnoDB: Page [page id: space=0, page number=283] log sequence number 373685 is in the future! Current system log sequence number 300306.
2026-04-16 11:35:26 0 [ERROR] InnoDB: Your database may be corrupt or you may have copied the InnoDB tablespace but not the InnoDB log files. Please refer to https://mariadb.com/kb/en/library/innodb-recovery-modes/ for information about forcing recovery.
2026-04-16 11:35:26 0 [ERROR] InnoDB: Page [page id: space=0, page number=413] log sequence number 373685 is in the future! Current system log sequence number 300306.
2026-04-16 11:35:26 0 [ERROR] InnoDB: Your database may be corrupt or you may have copied the InnoDB tablespace but not the InnoDB log files. Please refer to https://mariadb.com/kb/en/library/innodb-recovery-modes/ for information about forcing recovery.
2026-04-16 11:35:26 0 [ERROR] InnoDB: Page [page id: space=0, page number=284] log sequence number 373729 is in the future! Current system log sequence number 300306.
2026-04-16 11:35:26 0 [ERROR] InnoDB: Your database may be corrupt or you may have copied the InnoDB tablespace but not the InnoDB log files. Please refer to https://mariadb.com/kb/en/library/innodb-recovery-modes/ for information about forcing recovery.
2026-04-16 11:35:26 0 [ERROR] InnoDB: Page [page id: space=0, page number=414] log sequence number 373729 is in the future! Current system log sequence number 300306.
2026-04-16 11:35:26 0 [ERROR] InnoDB: Your database may be corrupt or you may have copied the InnoDB tablespace but not the InnoDB log files. Please refer to https://mariadb.com/kb/en/library/innodb-recovery-modes/ for information about forcing recovery.
2026-04-16 11:35:26 0 [ERROR] InnoDB: Page [page id: space=0, page number=285] log sequence number 373789 is in the future! Current system log sequence number 300306.
2026-04-16 11:35:26 0 [ERROR] InnoDB: Your database may be corrupt or you may have copied the InnoDB tablespace but not the InnoDB log files. Please refer to https://mariadb.com/kb/en/library/innodb-recovery-modes/ for information about forcing recovery.
2026-04-16 11:35:26 0 [ERROR] InnoDB: Page [page id: space=0, page number=415] log sequence number 373789 is in the future! Current system log sequence number 300306.
2026-04-16 11:35:26 0 [ERROR] InnoDB: Your database may be corrupt or you may have copied the InnoDB tablespace but not the InnoDB log files. Please refer to https://mariadb.com/kb/en/library/innodb-recovery-modes/ for information about forcing recovery.
2026-04-16 11:35:26 0 [ERROR] InnoDB: Page [page id: space=0, page number=286] log sequence number 373833 is in the future! Current system log sequence number 300306.
2026-04-16 11:35:26 0 [ERROR] InnoDB: Your database may be corrupt or you may have copied the InnoDB tablespace but not the InnoDB log files. Please refer to https://mariadb.com/kb/en/library/innodb-recovery-modes/ for information about forcing recovery.
2026-04-16 11:35:26 0 [ERROR] InnoDB: Page [page id: space=0, page number=416] log sequence number 373833 is in the future! Current system log sequence number 300306.
2026-04-16 11:35:26 0 [ERROR] InnoDB: Your database may be corrupt or you may have copied the InnoDB tablespace but not the InnoDB log files. Please refer to https://mariadb.com/kb/en/library/innodb-recovery-modes/ for information about forcing recovery.
2026-04-16 11:35:26 0 [ERROR] InnoDB: Page [page id: space=0, page number=287] log sequence number 373877 is in the future! Current system log sequence number 300306.
2026-04-16 11:35:26 0 [ERROR] InnoDB: Your database may be corrupt or you may have copied the InnoDB tablespace but not the InnoDB log files. Please refer to https://mariadb.com/kb/en/library/innodb-recovery-modes/ for information about forcing recovery.
2026-04-16 11:35:26 0 [ERROR] InnoDB: Page [page id: space=0, page number=417] log sequence number 373877 is in the future! Current system log sequence number 300306.
2026-04-16 11:35:26 0 [ERROR] InnoDB: Your database may be corrupt or you may have copied the InnoDB tablespace but not the InnoDB log files. Please refer to https://mariadb.com/kb/en/library/innodb-recovery-modes/ for information about forcing recovery.
2026-04-16 11:35:26 0 [ERROR] InnoDB: Page [page id: space=0, page number=288] log sequence number 373921 is in the future! Current system log sequence number 300306.
2026-04-16 11:35:26 0 [ERROR] InnoDB: Your database may be corrupt or you may have copied the InnoDB tablespace but not the InnoDB log files. Please refer to https://mariadb.com/kb/en/library/innodb-recovery-modes/ for information about forcing recovery.
2026-04-16 11:35:26 0 [ERROR] InnoDB: Page [page id: space=0, page number=418] log sequence number 373921 is in the future! Current system log sequence number 300306.
2026-04-16 11:35:26 0 [ERROR] InnoDB: Your database may be corrupt or you may have copied the InnoDB tablespace but not the InnoDB log files. Please refer to https://mariadb.com/kb/en/library/innodb-recovery-modes/ for information about forcing recovery.
2026-04-16 11:35:26 0 [ERROR] InnoDB: Page [page id: space=0, page number=289] log sequence number 373965 is in the future! Current system log sequence number 300306.
2026-04-16 11:35:26 0 [ERROR] InnoDB: Your database may be corrupt or you may have copied the InnoDB tablespace but not the InnoDB log files. Please refer to https://mariadb.com/kb/en/library/innodb-recovery-modes/ for information about forcing recovery.
2026-04-16 11:35:26 0 [ERROR] InnoDB: Page [page id: space=0, page number=419] log sequence number 373965 is in the future! Current system log sequence number 300306.
2026-04-16 11:35:26 0 [ERROR] InnoDB: Your database may be corrupt or you may have copied the InnoDB tablespace but not the InnoDB log files. Please refer to https://mariadb.com/kb/en/library/innodb-recovery-modes/ for information about forcing recovery.
2026-04-16 11:35:26 0 [ERROR] InnoDB: Page [page id: space=0, page number=290] log sequence number 374009 is in the future! Current system log sequence number 300306.
2026-04-16 11:35:26 0 [ERROR] InnoDB: Your database may be corrupt or you may have copied the InnoDB tablespace but not the InnoDB log files. Please refer to https://mariadb.com/kb/en/library/innodb-recovery-modes/ for information about forcing recovery.
2026-04-16 11:35:26 0 [ERROR] InnoDB: Page [page id: space=0, page number=420] log sequence number 374009 is in the future! Current system log sequence number 300306.
2026-04-16 11:35:26 0 [ERROR] InnoDB: Your database may be corrupt or you may have copied the InnoDB tablespace but not the InnoDB log files. Please refer to https://mariadb.com/kb/en/library/innodb-recovery-modes/ for information about forcing recovery.
2026-04-16 11:35:26 0 [ERROR] InnoDB: Page [page id: space=0, page number=291] log sequence number 374053 is in the future! Current system log sequence number 300306.
2026-04-16 11:35:26 0 [ERROR] InnoDB: Your database may be corrupt or you may have copied the InnoDB tablespace but not the InnoDB log files. Please refer to https://mariadb.com/kb/en/library/innodb-recovery-modes/ for information about forcing recovery.
2026-04-16 11:35:26 0 [ERROR] InnoDB: Page [page id: space=0, page number=421] log sequence number 374053 is in the future! Current system log sequence number 300306.
2026-04-16 11:35:26 0 [ERROR] InnoDB: Your database may be corrupt or you may have copied the InnoDB tablespace but not the InnoDB log files. Please refer to https://mariadb.com/kb/en/library/innodb-recovery-modes/ for information about forcing recovery.
2026-04-16 11:35:26 0 [ERROR] InnoDB: Page [page id: space=0, page number=292] log sequence number 382552 is in the future! Current system log sequence number 300306.
2026-04-16 11:35:26 0 [ERROR] InnoDB: Your database may be corrupt or you may have copied the InnoDB tablespace but not the InnoDB log files. Please refer to https://mariadb.com/kb/en/library/innodb-recovery-modes/ for information about forcing recovery.
2026-04-16 11:35:26 0 [ERROR] InnoDB: Page [page id: space=0, page number=422] log sequence number 382552 is in the future! Current system log sequence number 300306.
2026-04-16 11:35:26 0 [ERROR] InnoDB: Your database may be corrupt or you may have copied the InnoDB tablespace but not the InnoDB log files. Please refer to https://mariadb.com/kb/en/library/innodb-recovery-modes/ for information about forcing recovery.
2026-04-16 11:35:26 0 [ERROR] InnoDB: Page [page id: space=0, page number=293] log sequence number 382596 is in the future! Current system log sequence number 300306.
2026-04-16 11:35:26 0 [ERROR] InnoDB: Your database may be corrupt or you may have copied the InnoDB tablespace but not the InnoDB log files. Please refer to https://mariadb.com/kb/en/library/innodb-recovery-modes/ for information about forcing recovery.
2026-04-16 11:35:26 0 [ERROR] InnoDB: Page [page id: space=0, page number=423] log sequence number 382596 is in the future! Current system log sequence number 300306.
2026-04-16 11:35:26 0 [ERROR] InnoDB: Your database may be corrupt or you may have copied the InnoDB tablespace but not the InnoDB log files. Please refer to https://mariadb.com/kb/en/library/innodb-recovery-modes/ for information about forcing recovery.
2026-04-16 11:35:26 0 [ERROR] InnoDB: Page [page id: space=0, page number=294] log sequence number 382640 is in the future! Current system log sequence number 300306.
2026-04-16 11:35:26 0 [ERROR] InnoDB: Your database may be corrupt or you may have copied the InnoDB tablespace but not the InnoDB log files. Please refer to https://mariadb.com/kb/en/library/innodb-recovery-modes/ for information about forcing recovery.
2026-04-16 11:35:26 0 [ERROR] InnoDB: Page [page id: space=0, page number=424] log sequence number 382640 is in the future! Current system log sequence number 300306.
2026-04-16 11:35:26 0 [ERROR] InnoDB: Your database may be corrupt or you may have copied the InnoDB tablespace but not the InnoDB log files. Please refer to https://mariadb.com/kb/en/library/innodb-recovery-modes/ for information about forcing recovery.
2026-04-16 11:35:26 0 [ERROR] InnoDB: Page [page id: space=0, page number=295] log sequence number 382684 is in the future! Current system log sequence number 300306.
2026-04-16 11:35:26 0 [ERROR] InnoDB: Your database may be corrupt or you may have copied the InnoDB tablespace but not the InnoDB log files. Please refer to https://mariadb.com/kb/en/library/innodb-recovery-modes/ for information about forcing recovery.
2026-04-16 11:35:26 0 [ERROR] InnoDB: Page [page id: space=0, page number=425] log sequence number 382684 is in the future! Current system log sequence number 300306.
2026-04-16 11:35:26 0 [ERROR] InnoDB: Your database may be corrupt or you may have copied the InnoDB tablespace but not the InnoDB log files. Please refer to https://mariadb.com/kb/en/library/innodb-recovery-modes/ for information about forcing recovery.
2026-04-16 11:35:26 0 [ERROR] InnoDB: Page [page id: space=0, page number=296] log sequence number 382728 is in the future! Current system log sequence number 300306.
2026-04-16 11:35:26 0 [ERROR] InnoDB: Your database may be corrupt or you may have copied the InnoDB tablespace but not the InnoDB log files. Please refer to https://mariadb.com/kb/en/library/innodb-recovery-modes/ for information about forcing recovery.
2026-04-16 11:35:26 0 [ERROR] InnoDB: Page [page id: space=0, page number=426] log sequence number 382728 is in the future! Current system log sequence number 300306.
2026-04-16 11:35:26 0 [ERROR] InnoDB: Your database may be corrupt or you may have copied the InnoDB tablespace but not the InnoDB log files. Please refer to https://mariadb.com/kb/en/library/innodb-recovery-modes/ for information about forcing recovery.
2026-04-16 11:35:26 0 [ERROR] InnoDB: Page [page id: space=0, page number=297] log sequence number 382772 is in the future! Current system log sequence number 300306.
2026-04-16 11:35:26 0 [ERROR] InnoDB: Your database may be corrupt or you may have copied the InnoDB tablespace but not the InnoDB log files. Please refer to https://mariadb.com/kb/en/library/innodb-recovery-modes/ for information about forcing recovery.
2026-04-16 11:35:26 0 [ERROR] InnoDB: Page [page id: space=0, page number=427] log sequence number 382772 is in the future! Current system log sequence number 300306.
2026-04-16 11:35:26 0 [ERROR] InnoDB: Your database may be corrupt or you may have copied the InnoDB tablespace but not the InnoDB log files. Please refer to https://mariadb.com/kb/en/library/innodb-recovery-modes/ for information about forcing recovery.
2026-04-16 11:35:26 0 [ERROR] InnoDB: Page [page id: space=0, page number=298] log sequence number 382816 is in the future! Current system log sequence number 300306.
2026-04-16 11:35:26 0 [ERROR] InnoDB: Your database may be corrupt or you may have copied the InnoDB tablespace but not the InnoDB log files. Please refer to https://mariadb.com/kb/en/library/innodb-recovery-modes/ for information about forcing recovery.
2026-04-16 11:35:26 0 [ERROR] InnoDB: Page [page id: space=0, page number=428] log sequence number 382816 is in the future! Current system log sequence number 300306.
2026-04-16 11:35:26 0 [ERROR] InnoDB: Your database may be corrupt or you may have copied the InnoDB tablespace but not the InnoDB log files. Please refer to https://mariadb.com/kb/en/library/innodb-recovery-modes/ for information about forcing recovery.
2026-04-16 11:35:26 0 [ERROR] InnoDB: Page [page id: space=0, page number=299] log sequence number 382860 is in the future! Current system log sequence number 300306.
2026-04-16 11:35:26 0 [ERROR] InnoDB: Your database may be corrupt or you may have copied the InnoDB tablespace but not the InnoDB log files. Please refer to https://mariadb.com/kb/en/library/innodb-recovery-modes/ for information about forcing recovery.
2026-04-16 11:35:26 0 [ERROR] InnoDB: Page [page id: space=0, page number=429] log sequence number 382860 is in the future! Current system log sequence number 300306.
2026-04-16 11:35:26 0 [ERROR] InnoDB: Your database may be corrupt or you may have copied the InnoDB tablespace but not the InnoDB log files. Please refer to https://mariadb.com/kb/en/library/innodb-recovery-modes/ for information about forcing recovery.
2026-04-16 11:35:26 0 [ERROR] InnoDB: Page [page id: space=0, page number=300] log sequence number 382904 is in the future! Current system log sequence number 300306.
2026-04-16 11:35:26 0 [ERROR] InnoDB: Your database may be corrupt or you may have copied the InnoDB tablespace but not the InnoDB log files. Please refer to https://mariadb.com/kb/en/library/innodb-recovery-modes/ for information about forcing recovery.
2026-04-16 11:35:26 0 [ERROR] InnoDB: Page [page id: space=0, page number=430] log sequence number 382904 is in the future! Current system log sequence number 300306.
2026-04-16 11:35:26 0 [ERROR] InnoDB: Your database may be corrupt or you may have copied the InnoDB tablespace but not the InnoDB log files. Please refer to https://mariadb.com/kb/en/library/innodb-recovery-modes/ for information about forcing recovery.
2026-04-16 11:35:26 0 [ERROR] InnoDB: Page [page id: space=0, page number=0] log sequence number 381298 is in the future! Current system log sequence number 300306.
2026-04-16 11:35:26 0 [ERROR] InnoDB: Your database may be corrupt or you may have copied the InnoDB tablespace but not the InnoDB log files. Please refer to https://mariadb.com/kb/en/library/innodb-recovery-modes/ for information about forcing recovery.
2026-04-16 11:35:26 0 [ERROR] InnoDB: Page [page id: space=0, page number=8] log sequence number 349743 is in the future! Current system log sequence number 300306.
2026-04-16 11:35:26 0 [ERROR] InnoDB: Your database may be corrupt or you may have copied the InnoDB tablespace but not the InnoDB log files. Please refer to https://mariadb.com/kb/en/library/innodb-recovery-modes/ for information about forcing recovery.
2026-04-16 11:35:26 0 [ERROR] InnoDB: Page [page id: space=0, page number=10] log sequence number 349847 is in the future! Current system log sequence number 300306.
2026-04-16 11:35:26 0 [ERROR] InnoDB: Your database may be corrupt or you may have copied the InnoDB tablespace but not the InnoDB log files. Please refer to https://mariadb.com/kb/en/library/innodb-recovery-modes/ for information about forcing recovery.
2026-04-16 11:35:26 0 [ERROR] InnoDB: Page [page id: space=0, page number=12] log sequence number 349779 is in the future! Current system log sequence number 300306.
2026-04-16 11:35:26 0 [ERROR] InnoDB: Your database may be corrupt or you may have copied the InnoDB tablespace but not the InnoDB log files. Please refer to https://mariadb.com/kb/en/library/innodb-recovery-modes/ for information about forcing recovery.
2026-04-16 11:35:26 0 [ERROR] InnoDB: Page [page id: space=0, page number=307] log sequence number 349733 is in the future! Current system log sequence number 300306.
2026-04-16 11:35:26 0 [ERROR] InnoDB: Your database may be corrupt or you may have copied the InnoDB tablespace but not the InnoDB log files. Please refer to https://mariadb.com/kb/en/library/innodb-recovery-modes/ for information about forcing recovery.
2026-04-16 11:35:26 0 [ERROR] InnoDB: Page [page id: space=0, page number=308] log sequence number 349749 is in the future! Current system log sequence number 300306.
2026-04-16 11:35:26 0 [ERROR] InnoDB: Your database may be corrupt or you may have copied the InnoDB tablespace but not the InnoDB log files. Please refer to https://mariadb.com/kb/en/library/innodb-recovery-modes/ for information about forcing recovery.
2026-04-16 11:35:26 0 [Note] InnoDB: 128 out of 128 rollback segments are active.
2026-04-16 11:35:26 0 [Note] InnoDB: Removed temporary tablespace data file: "ibtmp1"
2026-04-16 11:35:26 0 [Note] InnoDB: Creating shared tablespace for temporary tables
2026-04-16 11:35:26 0 [Note] InnoDB: Setting file 'D:\xampp\mysql\data\ibtmp1' size to 12 MB. Physically writing the file full; Please wait ...
2026-04-16 11:35:26 0 [Note] InnoDB: File 'D:\xampp\mysql\data\ibtmp1' size is now 12 MB.
2026-04-16 11:35:26 0 [Note] InnoDB: Waiting for purge to start
2026-04-16 11:35:26 2 [ERROR] InnoDB: Page [page id: space=0, page number=9] log sequence number 349738 is in the future! Current system log sequence number 300306.
2026-04-16 11:35:26 2 [ERROR] InnoDB: Your database may be corrupt or you may have copied the InnoDB tablespace but not the InnoDB log files. Please refer to https://mariadb.com/kb/en/library/innodb-recovery-modes/ for information about forcing recovery.
2026-04-16 11:35:26 0 [Note] InnoDB: 10.4.32 started; log sequence number 300297; transaction id 752
2026-04-16 11:35:26 0 [Note] InnoDB: Loading buffer pool(s) from D:\xampp\mysql\data\ib_buffer_pool
2026-04-16 11:35:26 0 [Note] Plugin 'FEEDBACK' is disabled.
2026-04-16 11:35:26 0 [ERROR] InnoDB: Page [page id: space=0, page number=243] log sequence number 362601 is in the future! Current system log sequence number 300306.
2026-04-16 11:35:26 0 [ERROR] InnoDB: Your database may be corrupt or you may have copied the InnoDB tablespace but not the InnoDB log files. Please refer to https://mariadb.com/kb/en/library/innodb-recovery-modes/ for information about forcing recovery.
2026-04-16 11:35:26 0 [Note] Server socket created on IP: '::'.
2026-04-16 17:19:39 0 [Note] Starting MariaDB 10.4.32-MariaDB source revision c4143f909528e3fab0677a28631d10389354c491 as process 12668
2026-04-16 17:19:39 0 [Note] InnoDB: Mutexes and rw_locks use Windows interlocked functions
2026-04-16 17:19:39 0 [Note] InnoDB: Uses event mutexes
2026-04-16 17:19:39 0 [Note] InnoDB: Compressed tables use zlib 1.3
2026-04-16 17:19:39 0 [Note] InnoDB: Number of pools: 1
2026-04-16 17:19:39 0 [Note] InnoDB: Using SSE2 crc32 instructions
2026-04-16 17:19:39 0 [Note] InnoDB: Initializing buffer pool, total size = 16M, instances = 1, chunk size = 16M
2026-04-16 17:19:39 0 [Note] InnoDB: Completed initialization of buffer pool
2026-04-16 17:19:39 0 [Note] Starting MariaDB 10.4.32-MariaDB source revision c4143f909528e3fab0677a28631d10389354c491 as process 10936
2026-04-16 17:19:39 0 [Note] InnoDB: Mutexes and rw_locks use Windows interlocked functions
2026-04-16 17:19:39 0 [Note] InnoDB: Uses event mutexes
2026-04-16 17:19:39 0 [Note] InnoDB: Compressed tables use zlib 1.3
2026-04-16 17:19:39 0 [Note] InnoDB: Number of pools: 1
2026-04-16 17:19:39 0 [Note] InnoDB: Using SSE2 crc32 instructions
2026-04-16 17:19:39 0 [Note] InnoDB: Initializing buffer pool, total size = 16M, instances = 1, chunk size = 16M
2026-04-16 17:19:39 0 [Note] InnoDB: Completed initialization of buffer pool
2026-04-16 17:19:39 0 [ERROR] InnoDB: Operating system error number 32 in a file operation.
2026-04-16 17:19:39 0 [ERROR] InnoDB: The error means that another program is using InnoDB's files. This might be a backup or antivirus software or another instance of MySQL. Please close it to get rid of this error.
2026-04-16 17:19:40 0 [Note] InnoDB: Starting crash recovery from checkpoint LSN=305704
2026-04-16 17:19:40 0 [Warning] InnoDB: Are you sure you are using the right ib_logfiles to start up the database? Log sequence number in the ib_logfiles is 305704, less than the log sequence number in the first system tablespace file header, 383879.
2026-04-16 17:19:40 0 [Warning] InnoDB: Ignoring a doublewrite copy of page [page id: space=16, page number=3] with future log sequence number 340849
2026-04-16 17:19:40 0 [Warning] InnoDB: Ignoring a doublewrite copy of page [page id: space=0, page number=248] with future log sequence number 340829
2026-04-16 17:19:40 0 [Warning] InnoDB: Ignoring a doublewrite copy of page [page id: space=0, page number=385] with future log sequence number 340829
2026-04-16 17:19:40 0 [Warning] InnoDB: Ignoring a doublewrite copy of page [page id: space=0, page number=232] with future log sequence number 339797
2026-04-16 17:19:40 0 [Warning] InnoDB: Ignoring a doublewrite copy of page [page id: space=0, page number=373] with future log sequence number 339797
2026-04-16 17:19:40 0 [Warning] InnoDB: Ignoring a doublewrite copy of page [page id: space=0, page number=231] with future log sequence number 339753
2026-04-16 17:19:40 0 [Warning] InnoDB: Ignoring a doublewrite copy of page [page id: space=0, page number=368] with future log sequence number 339753
2026-04-16 17:19:40 0 [Warning] InnoDB: Ignoring a doublewrite copy of page [page id: space=0, page number=230] with future log sequence number 339709
2026-04-16 17:19:40 0 [Warning] InnoDB: Ignoring a doublewrite copy of page [page id: space=0, page number=367] with future log sequence number 339709
2026-04-16 17:19:40 0 [Warning] InnoDB: Ignoring a doublewrite copy of page [page id: space=0, page number=260] with future log sequence number 355374
2026-04-16 17:19:40 0 [Warning] InnoDB: Ignoring a doublewrite copy of page [page id: space=0, page number=290] with future log sequence number 374009
2026-04-16 17:19:40 0 [Warning] InnoDB: Ignoring a doublewrite copy of page [page id: space=0, page number=420] with future log sequence number 374009
2026-04-16 17:19:40 0 [Warning] InnoDB: Ignoring a doublewrite copy of page [page id: space=0, page number=223] with future log sequence number 317669
2026-04-16 17:19:40 0 [Warning] InnoDB: Ignoring a doublewrite copy of page [page id: space=2, page number=3] with future log sequence number 317754
2026-04-16 17:19:40 0 [Warning] InnoDB: Ignoring a doublewrite copy of page [page id: space=0, page number=360] with future log sequence number 317669
2026-04-16 17:19:40 0 [Warning] InnoDB: Ignoring a doublewrite copy of page [page id: space=0, page number=237] with future log sequence number 326879
2026-04-16 17:19:40 0 [Warning] InnoDB: Ignoring a doublewrite copy of page [page id: space=0, page number=377] with future log sequence number 326879
2026-04-16 17:19:40 0 [Warning] InnoDB: Ignoring a doublewrite copy of page [page id: space=0, page number=218] with future log sequence number 353252
2026-04-16 17:19:40 0 [Warning] InnoDB: Ignoring a doublewrite copy of page [page id: space=0, page number=355] with future log sequence number 353252
2026-04-16 17:19:40 0 [Warning] InnoDB: Ignoring a doublewrite copy of page [page id: space=0, page number=217] with future log sequence number 353208
2026-04-16 17:19:40 0 [Warning] InnoDB: Ignoring a doublewrite copy of page [page id: space=0, page number=354] with future log sequence number 353208
2026-04-16 17:19:40 0 [Warning] InnoDB: Ignoring a doublewrite copy of page [page id: space=0, page number=216] with future log sequence number 353164
2026-04-16 17:19:40 0 [Warning] InnoDB: Ignoring a doublewrite copy of page [page id: space=0, page number=353] with future log sequence number 353164
2026-04-16 17:19:40 0 [Warning] InnoDB: Ignoring a doublewrite copy of page [page id: space=0, page number=215] with future log sequence number 353120
2026-04-16 17:19:40 0 [Warning] InnoDB: Ignoring a doublewrite copy of page [page id: space=0, page number=352] with future log sequence number 353120
2026-04-16 17:19:40 0 [Warning] InnoDB: Ignoring a doublewrite copy of page [page id: space=0, page number=213] with future log sequence number 353076
2026-04-16 17:19:40 0 [Warning] InnoDB: Ignoring a doublewrite copy of page [page id: space=0, page number=237] with future log sequence number 365321
2026-04-16 17:19:40 0 [Warning] InnoDB: Ignoring a doublewrite copy of page [page id: space=0, page number=377] with future log sequence number 365321
2026-04-16 17:19:40 0 [Warning] InnoDB: Ignoring a doublewrite copy of page [page id: space=0, page number=249] with future log sequence number 371342
2026-04-16 17:19:40 0 [Warning] InnoDB: Ignoring a doublewrite copy of page [page id: space=16, page number=3] with future log sequence number 371362
2026-04-16 17:19:40 0 [Warning] InnoDB: Ignoring a doublewrite copy of page [page id: space=0, page number=370] with future log sequence number 371342
2026-04-16 17:19:40 0 [Warning] InnoDB: Ignoring a doublewrite copy of page [page id: space=0, page number=266] with future log sequence number 382997
2026-04-16 17:19:40 0 [Warning] InnoDB: Ignoring a doublewrite copy of page [page id: space=0, page number=434] with future log sequence number 382997
2026-04-16 17:19:40 0 [Warning] InnoDB: Ignoring a doublewrite copy of page [page id: space=0, page number=265] with future log sequence number 382937
2026-04-16 17:19:40 0 [Warning] InnoDB: Ignoring a doublewrite copy of page [page id: space=0, page number=398] with future log sequence number 382937
2026-04-16 17:19:40 0 [ERROR] InnoDB: Page [page id: space=0, page number=7] log sequence number 339768 is in the future! Current system log sequence number 305722.
2026-04-16 17:19:40 0 [ERROR] InnoDB: Your database may be corrupt or you may have copied the InnoDB tablespace but not the InnoDB log files. Please refer to https://mariadb.com/kb/en/library/innodb-recovery-modes/ for information about forcing recovery.
2026-04-16 17:19:40 0 [ERROR] InnoDB: Page [page id: space=0, page number=11] log sequence number 349764 is in the future! Current system log sequence number 305722.
2026-04-16 17:19:40 0 [ERROR] InnoDB: Your database may be corrupt or you may have copied the InnoDB tablespace but not the InnoDB log files. Please refer to https://mariadb.com/kb/en/library/innodb-recovery-modes/ for information about forcing recovery.
2026-04-16 17:19:40 0 [ERROR] InnoDB: Page [page id: space=0, page number=6] log sequence number 382375 is in the future! Current system log sequence number 305722.
2026-04-16 17:19:40 0 [ERROR] InnoDB: Your database may be corrupt or you may have copied the InnoDB tablespace but not the InnoDB log files. Please refer to https://mariadb.com/kb/en/library/innodb-recovery-modes/ for information about forcing recovery.
2026-04-16 17:19:40 0 [ERROR] InnoDB: Page [page id: space=0, page number=301] log sequence number 382375 is in the future! Current system log sequence number 305722.
2026-04-16 17:19:40 0 [ERROR] InnoDB: Your database may be corrupt or you may have copied the InnoDB tablespace but not the InnoDB log files. Please refer to https://mariadb.com/kb/en/library/innodb-recovery-modes/ for information about forcing recovery.
2026-04-16 17:19:40 0 [ERROR] InnoDB: Page [page id: space=0, page number=45] log sequence number 382414 is in the future! Current system log sequence number 305722.
2026-04-16 17:19:40 0 [ERROR] InnoDB: Your database may be corrupt or you may have copied the InnoDB tablespace but not the InnoDB log files. Please refer to https://mariadb.com/kb/en/library/innodb-recovery-modes/ for information about forcing recovery.
2026-04-16 17:19:40 0 [ERROR] InnoDB: Page [page id: space=0, page number=306] log sequence number 382414 is in the future! Current system log sequence number 305722.
2026-04-16 17:19:40 0 [ERROR] InnoDB: Your database may be corrupt or you may have copied the InnoDB tablespace but not the InnoDB log files. Please refer to https://mariadb.com/kb/en/library/innodb-recovery-modes/ for information about forcing recovery.
2026-04-16 17:19:40 0 [ERROR] InnoDB: Page [page id: space=0, page number=46] log sequence number 382453 is in the future! Current system log sequence number 305722.
2026-04-16 17:19:40 0 [ERROR] InnoDB: Your database may be corrupt or you may have copied the InnoDB tablespace but not the InnoDB log files. Please refer to https://mariadb.com/kb/en/library/innodb-recovery-modes/ for information about forcing recovery.
2026-04-16 17:19:40 0 [ERROR] InnoDB: Page [page id: space=0, page number=309] log sequence number 382453 is in the future! Current system log sequence number 305722.
2026-04-16 17:19:40 0 [ERROR] InnoDB: Your database may be corrupt or you may have copied the InnoDB tablespace but not the InnoDB log files. Please refer to https://mariadb.com/kb/en/library/innodb-recovery-modes/ for information about forcing recovery.
2026-04-16 17:19:40 0 [ERROR] InnoDB: Page [page id: space=0, page number=193] log sequence number 335526 is in the future! Current system log sequence number 305722.
2026-04-16 17:19:40 0 [ERROR] InnoDB: Your database may be corrupt or you may have copied the InnoDB tablespace but not the InnoDB log files. Please refer to https://mariadb.com/kb/en/library/innodb-recovery-modes/ for information about forcing recovery.
2026-04-16 17:19:40 0 [ERROR] InnoDB: Page [page id: space=0, page number=330] log sequence number 335526 is in the future! Current system log sequence number 305722.
2026-04-16 17:19:40 0 [ERROR] InnoDB: Your database may be corrupt or you may have copied the InnoDB tablespace but not the InnoDB log files. Please refer to https://mariadb.com/kb/en/library/innodb-recovery-modes/ for information about forcing recovery.
2026-04-16 17:19:40 0 [ERROR] InnoDB: Page [page id: space=0, page number=194] log sequence number 335570 is in the future! Current system log sequence number 305722.
2026-04-16 17:19:40 0 [ERROR] InnoDB: Your database may be corrupt or you may have copied the InnoDB tablespace but not the InnoDB log files. Please refer to https://mariadb.com/kb/en/library/innodb-recovery-modes/ for information about forcing recovery.
2026-04-16 17:19:40 0 [ERROR] InnoDB: Page [page id: space=0, page number=331] log sequence number 335570 is in the future! Current system log sequence number 305722.
2026-04-16 17:19:40 0 [ERROR] InnoDB: Your database may be corrupt or you may have copied the InnoDB tablespace but not the InnoDB log files. Please refer to https://mariadb.com/kb/en/library/innodb-recovery-modes/ for information about forcing recovery.
2026-04-16 17:19:40 0 [ERROR] InnoDB: Page [page id: space=0, page number=195] log sequence number 335614 is in the future! Current system log sequence number 305722.
2026-04-16 17:19:40 0 [ERROR] InnoDB: Your database may be corrupt or you may have copied the InnoDB tablespace but not the InnoDB log files. Please refer to https://mariadb.com/kb/en/library/innodb-recovery-modes/ for information about forcing recovery.
2026-04-16 17:19:40 0 [ERROR] InnoDB: Page [page id: space=0, page number=332] log sequence number 335614 is in the future! Current system log sequence number 305722.
2026-04-16 17:19:40 0 [ERROR] InnoDB: Your database may be corrupt or you may have copied the InnoDB tablespace but not the InnoDB log files. Please refer to https://mariadb.com/kb/en/library/innodb-recovery-modes/ for information about forcing recovery.
2026-04-16 17:19:40 0 [ERROR] InnoDB: Page [page id: space=0, page number=204] log sequence number 307021 is in the future! Current system log sequence number 305722.
2026-04-16 17:19:40 0 [ERROR] InnoDB: Your database may be corrupt or you may have copied the InnoDB tablespace but not the InnoDB log files. Please refer to https://mariadb.com/kb/en/library/innodb-recovery-modes/ for information about forcing recovery.
2026-04-16 17:19:40 0 [ERROR] InnoDB: Page [page id: space=0, page number=341] log sequence number 307021 is in the future! Current system log sequence number 305722.
2026-04-16 17:19:40 0 [ERROR] InnoDB: Your database may be corrupt or you may have copied the InnoDB tablespace but not the InnoDB log files. Please refer to https://mariadb.com/kb/en/library/innodb-recovery-modes/ for information about forcing recovery.
2026-04-16 17:19:40 0 [ERROR] InnoDB: Page [page id: space=0, page number=205] log sequence number 352708 is in the future! Current system log sequence number 305722.
2026-04-16 17:19:40 0 [ERROR] InnoDB: Your database may be corrupt or you may have copied the InnoDB tablespace but not the InnoDB log files. Please refer to https://mariadb.com/kb/en/library/innodb-recovery-modes/ for information about forcing recovery.
2026-04-16 17:19:40 0 [ERROR] InnoDB: Page [page id: space=0, page number=342] log sequence number 352708 is in the future! Current system log sequence number 305722.
2026-04-16 17:19:40 0 [ERROR] InnoDB: Your database may be corrupt or you may have copied the InnoDB tablespace but not the InnoDB log files. Please refer to https://mariadb.com/kb/en/library/innodb-recovery-modes/ for information about forcing recovery.
2026-04-16 17:19:40 0 [ERROR] InnoDB: Page [page id: space=0, page number=206] log sequence number 352752 is in the future! Current system log sequence number 305722.
2026-04-16 17:19:40 0 [ERROR] InnoDB: Your database may be corrupt or you may have copied the InnoDB tablespace but not the InnoDB log files. Please refer to https://mariadb.com/kb/en/library/innodb-recovery-modes/ for information about forcing recovery.
2026-04-16 17:19:40 0 [ERROR] InnoDB: Page [page id: space=0, page number=343] log sequence number 352752 is in the future! Current system log sequence number 305722.
2026-04-16 17:19:40 0 [ERROR] InnoDB: Your database may be corrupt or you may have copied the InnoDB tablespace but not the InnoDB log files. Please refer to https://mariadb.com/kb/en/library/innodb-recovery-modes/ for information about forcing recovery.
2026-04-16 17:19:40 0 [ERROR] InnoDB: Page [page id: space=0, page number=207] log sequence number 352812 is in the future! Current system log sequence number 305722.
2026-04-16 17:19:40 0 [ERROR] InnoDB: Your database may be corrupt or you may have copied the InnoDB tablespace but not the InnoDB log files. Please refer to https://mariadb.com/kb/en/library/innodb-recovery-modes/ for information about forcing recovery.
2026-04-16 17:19:40 0 [ERROR] InnoDB: Page [page id: space=0, page number=344] log sequence number 352812 is in the future! Current system log sequence number 305722.
2026-04-16 17:19:40 0 [ERROR] InnoDB: Your database may be corrupt or you may have copied the InnoDB tablespace but not the InnoDB log files. Please refer to https://mariadb.com/kb/en/library/innodb-recovery-modes/ for information about forcing recovery.
2026-04-16 17:19:40 0 [ERROR] InnoDB: Page [page id: space=0, page number=208] log sequence number 352856 is in the future! Current system log sequence number 305722.
2026-04-16 17:19:40 0 [ERROR] InnoDB: Your database may be corrupt or you may have copied the InnoDB tablespace but not the InnoDB log files. Please refer to https://mariadb.com/kb/en/library/innodb-recovery-modes/ for information about forcing recovery.
2026-04-16 17:19:40 0 [ERROR] InnoDB: Page [page id: space=0, page number=345] log sequence number 352856 is in the future! Current system log sequence number 305722.
2026-04-16 17:19:40 0 [ERROR] InnoDB: Your database may be corrupt or you may have copied the InnoDB tablespace but not the InnoDB log files. Please refer to https://mariadb.com/kb/en/library/innodb-recovery-modes/ for information about forcing recovery.
2026-04-16 17:19:40 0 [ERROR] InnoDB: Page [page id: space=0, page number=209] log sequence number 352900 is in the future! Current system log sequence number 305722.
2026-04-16 17:19:40 0 [ERROR] InnoDB: Your database may be corrupt or you may have copied the InnoDB tablespace but not the InnoDB log files. Please refer to https://mariadb.com/kb/en/library/innodb-recovery-modes/ for information about forcing recovery.
2026-04-16 17:19:40 0 [ERROR] InnoDB: Page [page id: space=0, page number=346] log sequence number 352900 is in the future! Current system log sequence number 305722.
2026-04-16 17:19:40 0 [ERROR] InnoDB: Your database may be corrupt or you may have copied the InnoDB tablespace but not the InnoDB log files. Please refer to https://mariadb.com/kb/en/library/innodb-recovery-modes/ for information about forcing recovery.
2026-04-16 17:19:40 0 [ERROR] InnoDB: Page [page id: space=0, page number=210] log sequence number 352944 is in the future! Current system log sequence number 305722.
2026-04-16 17:19:40 0 [ERROR] InnoDB: Your database may be corrupt or you may have copied the InnoDB tablespace but not the InnoDB log files. Please refer to https://mariadb.com/kb/en/library/innodb-recovery-modes/ for information about forcing recovery.
2026-04-16 17:19:40 0 [ERROR] InnoDB: Page [page id: space=0, page number=347] log sequence number 352944 is in the future! Current system log sequence number 305722.
2026-04-16 17:19:40 0 [ERROR] InnoDB: Your database may be corrupt or you may have copied the InnoDB tablespace but not the InnoDB log files. Please refer to https://mariadb.com/kb/en/library/innodb-recovery-modes/ for information about forcing recovery.
2026-04-16 17:19:40 0 [ERROR] InnoDB: Page [page id: space=0, page number=211] log sequence number 352988 is in the future! Current system log sequence number 305722.
2026-04-16 17:19:40 0 [ERROR] InnoDB: Your database may be corrupt or you may have copied the InnoDB tablespace but not the InnoDB log files. Please refer to https://mariadb.com/kb/en/library/innodb-recovery-modes/ for information about forcing recovery.
2026-04-16 17:19:40 0 [ERROR] InnoDB: Page [page id: space=0, page number=348] log sequence number 352988 is in the future! Current system log sequence number 305722.
2026-04-16 17:19:40 0 [ERROR] InnoDB: Your database may be corrupt or you may have copied the InnoDB tablespace but not the InnoDB log files. Please refer to https://mariadb.com/kb/en/library/innodb-recovery-modes/ for information about forcing recovery.
2026-04-16 17:19:40 0 [ERROR] InnoDB: Page [page id: space=0, page number=212] log sequence number 353032 is in the future! Current system log sequence number 305722.
2026-04-16 17:19:40 0 [ERROR] InnoDB: Your database may be corrupt or you may have copied the InnoDB tablespace but not the InnoDB log files. Please refer to https://mariadb.com/kb/en/library/innodb-recovery-modes/ for information about forcing recovery.
2026-04-16 17:19:40 0 [ERROR] InnoDB: Page [page id: space=0, page number=349] log sequence number 353032 is in the future! Current system log sequence number 305722.
2026-04-16 17:19:40 0 [ERROR] InnoDB: Your database may be corrupt or you may have copied the InnoDB tablespace but not the InnoDB log files. Please refer to https://mariadb.com/kb/en/library/innodb-recovery-modes/ for information about forcing recovery.
2026-04-16 17:19:40 0 [ERROR] InnoDB: Page [page id: space=0, page number=213] log sequence number 353076 is in the future! Current system log sequence number 305722.
2026-04-16 17:19:40 0 [ERROR] InnoDB: Your database may be corrupt or you may have copied the InnoDB tablespace but not the InnoDB log files. Please refer to https://mariadb.com/kb/en/library/innodb-recovery-modes/ for information about forcing recovery.
2026-04-16 17:19:40 0 [ERROR] InnoDB: Page [page id: space=0, page number=350] log sequence number 353076 is in the future! Current system log sequence number 305722.
2026-04-16 17:19:40 0 [ERROR] InnoDB: Your database may be corrupt or you may have copied the InnoDB tablespace but not the InnoDB log files. Please refer to https://mariadb.com/kb/en/library/innodb-recovery-modes/ for information about forcing recovery.
2026-04-16 17:19:40 0 [ERROR] InnoDB: Page [page id: space=0, page number=214] log sequence number 315502 is in the future! Current system log sequence number 305722.
2026-04-16 17:19:40 0 [ERROR] InnoDB: Your database may be corrupt or you may have copied the InnoDB tablespace but not the InnoDB log files. Please refer to https://mariadb.com/kb/en/library/innodb-recovery-modes/ for information about forcing recovery.
2026-04-16 17:19:40 0 [ERROR] InnoDB: Page [page id: space=0, page number=351] log sequence number 315502 is in the future! Current system log sequence number 305722.
2026-04-16 17:19:40 0 [ERROR] InnoDB: Your database may be corrupt or you may have copied the InnoDB tablespace but not the InnoDB log files. Please refer to https://mariadb.com/kb/en/library/innodb-recovery-modes/ for information about forcing recovery.
2026-04-16 17:19:40 0 [ERROR] InnoDB: Page [page id: space=0, page number=215] log sequence number 353120 is in the future! Current system log sequence number 305722.
2026-04-16 17:19:40 0 [ERROR] InnoDB: Your database may be corrupt or you may have copied the InnoDB tablespace but not the InnoDB log files. Please refer to https://mariadb.com/kb/en/library/innodb-recovery-modes/ for information about forcing recovery.
2026-04-16 17:19:40 0 [ERROR] InnoDB: Page [page id: space=0, page number=352] log sequence number 353120 is in the future! Current system log sequence number 305722.
2026-04-16 17:19:40 0 [ERROR] InnoDB: Your database may be corrupt or you may have copied the InnoDB tablespace but not the InnoDB log files. Please refer to https://mariadb.com/kb/en/library/innodb-recovery-modes/ for information about forcing recovery.
2026-04-16 17:19:40 0 [ERROR] InnoDB: Page [page id: space=0, page number=216] log sequence number 353164 is in the future! Current system log sequence number 305722.
2026-04-16 17:19:40 0 [ERROR] InnoDB: Your database may be corrupt or you may have copied the InnoDB tablespace but not the InnoDB log files. Please refer to https://mariadb.com/kb/en/library/innodb-recovery-modes/ for information about forcing recovery.
2026-04-16 17:19:40 0 [ERROR] InnoDB: Page [page id: space=0, page number=353] log sequence number 353164 is in the future! Current system log sequence number 305722.
2026-04-16 17:19:40 0 [ERROR] InnoDB: Your database may be corrupt or you may have copied the InnoDB tablespace but not the InnoDB log files. Please refer to https://mariadb.com/kb/en/library/innodb-recovery-modes/ for information about forcing recovery.
2026-04-16 17:19:40 0 [ERROR] InnoDB: Page [page id: space=0, page number=217] log sequence number 353208 is in the future! Current system log sequence number 305722.
2026-04-16 17:19:40 0 [ERROR] InnoDB: Your database may be corrupt or you may have copied the InnoDB tablespace but not the InnoDB log files. Please refer to https://mariadb.com/kb/en/library/innodb-recovery-modes/ for information about forcing recovery.
2026-04-16 17:19:40 0 [ERROR] InnoDB: Page [page id: space=0, page number=354] log sequence number 353208 is in the future! Current system log sequence number 305722.
2026-04-16 17:19:40 0 [ERROR] InnoDB: Your database may be corrupt or you may have copied the InnoDB tablespace but not the InnoDB log files. Please refer to https://mariadb.com/kb/en/library/innodb-recovery-modes/ for information about forcing recovery.
2026-04-16 17:19:40 0 [ERROR] InnoDB: Page [page id: space=0, page number=218] log sequence number 353252 is in the future! Current system log sequence number 305722.
2026-04-16 17:19:40 0 [ERROR] InnoDB: Your database may be corrupt or you may have copied the InnoDB tablespace but not the InnoDB log files. Please refer to https://mariadb.com/kb/en/library/innodb-recovery-modes/ for information about forcing recovery.
2026-04-16 17:19:40 0 [ERROR] InnoDB: Page [page id: space=0, page number=355] log sequence number 353252 is in the future! Current system log sequence number 305722.
2026-04-16 17:19:40 0 [ERROR] InnoDB: Your database may be corrupt or you may have copied the InnoDB tablespace but not the InnoDB log files. Please refer to https://mariadb.com/kb/en/library/innodb-recovery-modes/ for information about forcing recovery.
2026-04-16 17:19:40 0 [ERROR] InnoDB: Page [page id: space=0, page number=219] log sequence number 358596 is in the future! Current system log sequence number 305722.
2026-04-16 17:19:40 0 [ERROR] InnoDB: Your database may be corrupt or you may have copied the InnoDB tablespace but not the InnoDB log files. Please refer to https://mariadb.com/kb/en/library/innodb-recovery-modes/ for information about forcing recovery.
2026-04-16 17:19:40 0 [ERROR] InnoDB: Page [page id: space=0, page number=356] log sequence number 358596 is in the future! Current system log sequence number 305722.
2026-04-16 17:19:40 0 [ERROR] InnoDB: Your database may be corrupt or you may have copied the InnoDB tablespace but not the InnoDB log files. Please refer to https://mariadb.com/kb/en/library/innodb-recovery-modes/ for information about forcing recovery.
2026-04-16 17:19:40 0 [ERROR] InnoDB: Page [page id: space=0, page number=220] log sequence number 358640 is in the future! Current system log sequence number 305722.
2026-04-16 17:19:40 0 [ERROR] InnoDB: Your database may be corrupt or you may have copied the InnoDB tablespace but not the InnoDB log files. Please refer to https://mariadb.com/kb/en/library/innodb-recovery-modes/ for information about forcing recovery.
2026-04-16 17:19:40 0 [ERROR] InnoDB: Page [page id: space=0, page number=357] log sequence number 358640 is in the future! Current system log sequence number 305722.
2026-04-16 17:19:40 0 [ERROR] InnoDB: Your database may be corrupt or you may have copied the InnoDB tablespace but not the InnoDB log files. Please refer to https://mariadb.com/kb/en/library/innodb-recovery-modes/ for information about forcing recovery.
2026-04-16 17:19:40 0 [ERROR] InnoDB: Page [page id: space=0, page number=221] log sequence number 358684 is in the future! Current system log sequence number 305722.
2026-04-16 17:19:40 0 [ERROR] InnoDB: Your database may be corrupt or you may have copied the InnoDB tablespace but not the InnoDB log files. Please refer to https://mariadb.com/kb/en/library/innodb-recovery-modes/ for information about forcing recovery.
2026-04-16 17:19:40 0 [ERROR] InnoDB: Page [page id: space=0, page number=358] log sequence number 358684 is in the future! Current system log sequence number 305722.
2026-04-16 17:19:40 0 [ERROR] InnoDB: Your database may be corrupt or you may have copied the InnoDB tablespace but not the InnoDB log files. Please refer to https://mariadb.com/kb/en/library/innodb-recovery-modes/ for information about forcing recovery.
2026-04-16 17:19:40 0 [ERROR] InnoDB: Page [page id: space=0, page number=222] log sequence number 358728 is in the future! Current system log sequence number 305722.
2026-04-16 17:19:40 0 [ERROR] InnoDB: Your database may be corrupt or you may have copied the InnoDB tablespace but not the InnoDB log files. Please refer to https://mariadb.com/kb/en/library/innodb-recovery-modes/ for information about forcing recovery.
2026-04-16 17:19:40 0 [ERROR] InnoDB: Page [page id: space=0, page number=359] log sequence number 358728 is in the future! Current system log sequence number 305722.
2026-04-16 17:19:40 0 [ERROR] InnoDB: Your database may be corrupt or you may have copied the InnoDB tablespace but not the InnoDB log files. Please refer to https://mariadb.com/kb/en/library/innodb-recovery-modes/ for information about forcing recovery.
2026-04-16 17:19:40 0 [ERROR] InnoDB: Page [page id: space=0, page number=223] log sequence number 358772 is in the future! Current system log sequence number 305722.
2026-04-16 17:19:40 0 [ERROR] InnoDB: Your database may be corrupt or you may have copied the InnoDB tablespace but not the InnoDB log files. Please refer to https://mariadb.com/kb/en/library/innodb-recovery-modes/ for information about forcing recovery.
2026-04-16 17:19:40 0 [ERROR] InnoDB: Page [page id: space=0, page number=360] log sequence number 358772 is in the future! Current system log sequence number 305722.
2026-04-16 17:19:40 0 [ERROR] InnoDB: Your database may be corrupt or you may have copied the InnoDB tablespace but not the InnoDB log files. Please refer to https://mariadb.com/kb/en/library/innodb-recovery-modes/ for information about forcing recovery.
2026-04-16 17:19:40 0 [ERROR] InnoDB: Page [page id: space=0, page number=224] log sequence number 358816 is in the future! Current system log sequence number 305722.
2026-04-16 17:19:40 0 [ERROR] InnoDB: Your database may be corrupt or you may have copied the InnoDB tablespace but not the InnoDB log files. Please refer to https://mariadb.com/kb/en/library/innodb-recovery-modes/ for information about forcing recovery.
2026-04-16 17:19:40 0 [ERROR] InnoDB: Page [page id: space=0, page number=361] log sequence number 358816 is in the future! Current system log sequence number 305722.
2026-04-16 17:19:40 0 [ERROR] InnoDB: Your database may be corrupt or you may have copied the InnoDB tablespace but not the InnoDB log files. Please refer to https://mariadb.com/kb/en/library/innodb-recovery-modes/ for information about forcing recovery.
2026-04-16 17:19:40 0 [ERROR] InnoDB: Page [page id: space=0, page number=225] log sequence number 358860 is in the future! Current system log sequence number 305722.
2026-04-16 17:19:40 0 [ERROR] InnoDB: Your database may be corrupt or you may have copied the InnoDB tablespace but not the InnoDB log files. Please refer to https://mariadb.com/kb/en/library/innodb-recovery-modes/ for information about forcing recovery.
2026-04-16 17:19:40 0 [ERROR] InnoDB: Page [page id: space=0, page number=362] log sequence number 358860 is in the future! Current system log sequence number 305722.
2026-04-16 17:19:40 0 [ERROR] InnoDB: Your database may be corrupt or you may have copied the InnoDB tablespace but not the InnoDB log files. Please refer to https://mariadb.com/kb/en/library/innodb-recovery-modes/ for information about forcing recovery.
2026-04-16 17:19:40 0 [ERROR] InnoDB: Page [page id: space=0, page number=226] log sequence number 358904 is in the future! Current system log sequence number 305722.
2026-04-16 17:19:40 0 [ERROR] InnoDB: Your database may be corrupt or you may have copied the InnoDB tablespace but not the InnoDB log files. Please refer to https://mariadb.com/kb/en/library/innodb-recovery-modes/ for information about forcing recovery.
2026-04-16 17:19:40 0 [ERROR] InnoDB: Page [page id: space=0, page number=363] log sequence number 358904 is in the future! Current system log sequence number 305722.
2026-04-16 17:19:40 0 [ERROR] InnoDB: Your database may be corrupt or you may have copied the InnoDB tablespace but not the InnoDB log files. Please refer to https://mariadb.com/kb/en/library/innodb-recovery-modes/ for information about forcing recovery.
2026-04-16 17:19:40 0 [ERROR] InnoDB: Page [page id: space=0, page number=227] log sequence number 358964 is in the future! Current system log sequence number 305722.
2026-04-16 17:19:40 0 [ERROR] InnoDB: Your database may be corrupt or you may have copied the InnoDB tablespace but not the InnoDB log files. Please refer to https://mariadb.com/kb/en/library/innodb-recovery-modes/ for information about forcing recovery.
2026-04-16 17:19:40 0 [ERROR] InnoDB: Page [page id: space=0, page number=364] log sequence number 358964 is in the future! Current system log sequence number 305722.
2026-04-16 17:19:40 0 [ERROR] InnoDB: Your database may be corrupt or you may have copied the InnoDB tablespace but not the InnoDB log files. Please refer to https://mariadb.com/kb/en/library/innodb-recovery-modes/ for information about forcing recovery.
2026-04-16 17:19:40 0 [ERROR] InnoDB: Page [page id: space=0, page number=228] log sequence number 364909 is in the future! Current system log sequence number 305722.
2026-04-16 17:19:40 0 [ERROR] InnoDB: Your database may be corrupt or you may have copied the InnoDB tablespace but not the InnoDB log files. Please refer to https://mariadb.com/kb/en/library/innodb-recovery-modes/ for information about forcing recovery.
2026-04-16 17:19:40 0 [ERROR] InnoDB: Page [page id: space=0, page number=365] log sequence number 364909 is in the future! Current system log sequence number 305722.
2026-04-16 17:19:40 0 [ERROR] InnoDB: Your database may be corrupt or you may have copied the InnoDB tablespace but not the InnoDB log files. Please refer to https://mariadb.com/kb/en/library/innodb-recovery-modes/ for information about forcing recovery.
2026-04-16 17:19:40 0 [ERROR] InnoDB: Page [page id: space=0, page number=229] log sequence number 364953 is in the future! Current system log sequence number 305722.
2026-04-16 17:19:40 0 [ERROR] InnoDB: Your database may be corrupt or you may have copied the InnoDB tablespace but not the InnoDB log files. Please refer to https://mariadb.com/kb/en/library/innodb-recovery-modes/ for information about forcing recovery.
2026-04-16 17:19:40 0 [ERROR] InnoDB: Page [page id: space=0, page number=366] log sequence number 364953 is in the future! Current system log sequence number 305722.
2026-04-16 17:19:40 0 [ERROR] InnoDB: Your database may be corrupt or you may have copied the InnoDB tablespace but not the InnoDB log files. Please refer to https://mariadb.com/kb/en/library/innodb-recovery-modes/ for information about forcing recovery.
2026-04-16 17:19:40 0 [ERROR] InnoDB: Page [page id: space=0, page number=230] log sequence number 364997 is in the future! Current system log sequence number 305722.
2026-04-16 17:19:40 0 [ERROR] InnoDB: Your database may be corrupt or you may have copied the InnoDB tablespace but not the InnoDB log files. Please refer to https://mariadb.com/kb/en/library/innodb-recovery-modes/ for information about forcing recovery.
2026-04-16 17:19:40 0 [ERROR] InnoDB: Page [page id: space=0, page number=367] log sequence number 364997 is in the future! Current system log sequence number 305722.
2026-04-16 17:19:40 0 [ERROR] InnoDB: Your database may be corrupt or you may have copied the InnoDB tablespace but not the InnoDB log files. Please refer to https://mariadb.com/kb/en/library/innodb-recovery-modes/ for information about forcing recovery.
2026-04-16 17:19:40 0 [ERROR] InnoDB: Page [page id: space=0, page number=231] log sequence number 365041 is in the future! Current system log sequence number 305722.
2026-04-16 17:19:40 0 [ERROR] InnoDB: Your database may be corrupt or you may have copied the InnoDB tablespace but not the InnoDB log files. Please refer to https://mariadb.com/kb/en/library/innodb-recovery-modes/ for information about forcing recovery.
2026-04-16 17:19:40 0 [ERROR] InnoDB: Page [page id: space=0, page number=368] log sequence number 365041 is in the future! Current system log sequence number 305722.
2026-04-16 17:19:40 0 [ERROR] InnoDB: Your database may be corrupt or you may have copied the InnoDB tablespace but not the InnoDB log files. Please refer to https://mariadb.com/kb/en/library/innodb-recovery-modes/ for information about forcing recovery.
2026-04-16 17:19:40 0 [ERROR] InnoDB: Page [page id: space=0, page number=232] log sequence number 365101 is in the future! Current system log sequence number 305722.
2026-04-16 17:19:40 0 [ERROR] InnoDB: Your database may be corrupt or you may have copied the InnoDB tablespace but not the InnoDB log files. Please refer to https://mariadb.com/kb/en/library/innodb-recovery-modes/ for information about forcing recovery.
2026-04-16 17:19:40 0 [ERROR] InnoDB: Page [page id: space=0, page number=373] log sequence number 365101 is in the future! Current system log sequence number 305722.
2026-04-16 17:19:40 0 [ERROR] InnoDB: Your database may be corrupt or you may have copied the InnoDB tablespace but not the InnoDB log files. Please refer to https://mariadb.com/kb/en/library/innodb-recovery-modes/ for information about forcing recovery.
2026-04-16 17:19:40 0 [ERROR] InnoDB: Page [page id: space=0, page number=233] log sequence number 365145 is in the future! Current system log sequence number 305722.
2026-04-16 17:19:40 0 [ERROR] InnoDB: Your database may be corrupt or you may have copied the InnoDB tablespace but not the InnoDB log files. Please refer to https://mariadb.com/kb/en/library/innodb-recovery-modes/ for information about forcing recovery.
2026-04-16 17:19:40 0 [ERROR] InnoDB: Page [page id: space=0, page number=374] log sequence number 365145 is in the future! Current system log sequence number 305722.
2026-04-16 17:19:40 0 [ERROR] InnoDB: Your database may be corrupt or you may have copied the InnoDB tablespace but not the InnoDB log files. Please refer to https://mariadb.com/kb/en/library/innodb-recovery-modes/ for information about forcing recovery.
2026-04-16 17:19:40 0 [ERROR] InnoDB: Page [page id: space=0, page number=234] log sequence number 365189 is in the future! Current system log sequence number 305722.
2026-04-16 17:19:40 0 [ERROR] InnoDB: Your database may be corrupt or you may have copied the InnoDB tablespace but not the InnoDB log files. Please refer to https://mariadb.com/kb/en/library/innodb-recovery-modes/ for information about forcing recovery.
2026-04-16 17:19:40 0 [ERROR] InnoDB: Page [page id: space=0, page number=375] log sequence number 365189 is in the future! Current system log sequence number 305722.
2026-04-16 17:19:40 0 [ERROR] InnoDB: Your database may be corrupt or you may have copied the InnoDB tablespace but not the InnoDB log files. Please refer to https://mariadb.com/kb/en/library/innodb-recovery-modes/ for information about forcing recovery.
2026-04-16 17:19:40 0 [ERROR] InnoDB: Page [page id: space=0, page number=235] log sequence number 365233 is in the future! Current system log sequence number 305722.
2026-04-16 17:19:40 0 [ERROR] InnoDB: Your database may be corrupt or you may have copied the InnoDB tablespace but not the InnoDB log files. Please refer to https://mariadb.com/kb/en/library/innodb-recovery-modes/ for information about forcing recovery.
2026-04-16 17:19:40 0 [ERROR] InnoDB: Page [page id: space=0, page number=376] log sequence number 365233 is in the future! Current system log sequence number 305722.
2026-04-16 17:19:40 0 [ERROR] InnoDB: Your database may be corrupt or you may have copied the InnoDB tablespace but not the InnoDB log files. Please refer to https://mariadb.com/kb/en/library/innodb-recovery-modes/ for information about forcing recovery.
2026-04-16 17:19:40 0 [ERROR] InnoDB: Page [page id: space=0, page number=236] log sequence number 365277 is in the future! Current system log sequence number 305722.
2026-04-16 17:19:40 0 [ERROR] InnoDB: Your database may be corrupt or you may have copied the InnoDB tablespace but not the InnoDB log files. Please refer to https://mariadb.com/kb/en/library/innodb-recovery-modes/ for information about forcing recovery.
2026-04-16 17:19:40 0 [ERROR] InnoDB: Page [page id: space=0, page number=431] log sequence number 365277 is in the future! Current system log sequence number 305722.
2026-04-16 17:19:40 0 [ERROR] InnoDB: Your database may be corrupt or you may have copied the InnoDB tablespace but not the InnoDB log files. Please refer to https://mariadb.com/kb/en/library/innodb-recovery-modes/ for information about forcing recovery.
2026-04-16 17:19:40 0 [ERROR] InnoDB: Page [page id: space=0, page number=237] log sequence number 365321 is in the future! Current system log sequence number 305722.
2026-04-16 17:19:40 0 [ERROR] InnoDB: Your database may be corrupt or you may have copied the InnoDB tablespace but not the InnoDB log files. Please refer to https://mariadb.com/kb/en/library/innodb-recovery-modes/ for information about forcing recovery.
2026-04-16 17:19:40 0 [ERROR] InnoDB: Page [page id: space=0, page number=377] log sequence number 365321 is in the future! Current system log sequence number 305722.
2026-04-16 17:19:40 0 [ERROR] InnoDB: Your database may be corrupt or you may have copied the InnoDB tablespace but not the InnoDB log files. Please refer to https://mariadb.com/kb/en/library/innodb-recovery-modes/ for information about forcing recovery.
2026-04-16 17:19:40 0 [ERROR] InnoDB: Page [page id: space=0, page number=238] log sequence number 365365 is in the future! Current system log sequence number 305722.
2026-04-16 17:19:40 0 [ERROR] InnoDB: Your database may be corrupt or you may have copied the InnoDB tablespace but not the InnoDB log files. Please refer to https://mariadb.com/kb/en/library/innodb-recovery-modes/ for information about forcing recovery.
2026-04-16 17:19:40 0 [ERROR] InnoDB: Page [page id: space=0, page number=378] log sequence number 365365 is in the future! Current system log sequence number 305722.
2026-04-16 17:19:40 0 [ERROR] InnoDB: Your database may be corrupt or you may have copied the InnoDB tablespace but not the InnoDB log files. Please refer to https://mariadb.com/kb/en/library/innodb-recovery-modes/ for information about forcing recovery.
2026-04-16 17:19:40 0 [ERROR] InnoDB: Page [page id: space=0, page number=239] log sequence number 370749 is in the future! Current system log sequence number 305722.
2026-04-16 17:19:40 0 [ERROR] InnoDB: Your database may be corrupt or you may have copied the InnoDB tablespace but not the InnoDB log files. Please refer to https://mariadb.com/kb/en/library/innodb-recovery-modes/ for information about forcing recovery.
2026-04-16 17:19:40 0 [ERROR] InnoDB: Page [page id: space=0, page number=379] log sequence number 370749 is in the future! Current system log sequence number 305722.
2026-04-16 17:19:40 0 [ERROR] InnoDB: Your database may be corrupt or you may have copied the InnoDB tablespace but not the InnoDB log files. Please refer to https://mariadb.com/kb/en/library/innodb-recovery-modes/ for information about forcing recovery.
2026-04-16 17:19:40 0 [ERROR] InnoDB: Page [page id: space=0, page number=240] log sequence number 370793 is in the future! Current system log sequence number 305722.
2026-04-16 17:19:40 0 [ERROR] InnoDB: Your database may be corrupt or you may have copied the InnoDB tablespace but not the InnoDB log files. Please refer to https://mariadb.com/kb/en/library/innodb-recovery-modes/ for information about forcing recovery.
2026-04-16 17:19:40 0 [ERROR] InnoDB: Page [page id: space=0, page number=369] log sequence number 370793 is in the future! Current system log sequence number 305722.
2026-04-16 17:19:40 0 [ERROR] InnoDB: Your database may be corrupt or you may have copied the InnoDB tablespace but not the InnoDB log files. Please refer to https://mariadb.com/kb/en/library/innodb-recovery-modes/ for information about forcing recovery.
2026-04-16 17:19:40 0 [ERROR] InnoDB: Page [page id: space=0, page number=241] log sequence number 370837 is in the future! Current system log sequence number 305722.
2026-04-16 17:19:40 0 [ERROR] InnoDB: Your database may be corrupt or you may have copied the InnoDB tablespace but not the InnoDB log files. Please refer to https://mariadb.com/kb/en/library/innodb-recovery-modes/ for information about forcing recovery.
2026-04-16 17:19:40 0 [ERROR] InnoDB: Page [page id: space=0, page number=380] log sequence number 370837 is in the future! Current system log sequence number 305722.
2026-04-16 17:19:40 0 [ERROR] InnoDB: Your database may be corrupt or you may have copied the InnoDB tablespace but not the InnoDB log files. Please refer to https://mariadb.com/kb/en/library/innodb-recovery-modes/ for information about forcing recovery.
2026-04-16 17:19:40 0 [ERROR] InnoDB: Page [page id: space=0, page number=242] log sequence number 370881 is in the future! Current system log sequence number 305722.
2026-04-16 17:19:40 0 [ERROR] InnoDB: Your database may be corrupt or you may have copied the InnoDB tablespace but not the InnoDB log files. Please refer to https://mariadb.com/kb/en/library/innodb-recovery-modes/ for information about forcing recovery.
2026-04-16 17:19:40 0 [ERROR] InnoDB: Page [page id: space=0, page number=381] log sequence number 370881 is in the future! Current system log sequence number 305722.
2026-04-16 17:19:40 0 [ERROR] InnoDB: Your database may be corrupt or you may have copied the InnoDB tablespace but not the InnoDB log files. Please refer to https://mariadb.com/kb/en/library/innodb-recovery-modes/ for information about forcing recovery.
2026-04-16 17:19:40 0 [ERROR] InnoDB: Page [page id: space=0, page number=244] log sequence number 370925 is in the future! Current system log sequence number 305722.
2026-04-16 17:19:40 0 [ERROR] InnoDB: Your database may be corrupt or you may have copied the InnoDB tablespace but not the InnoDB log files. Please refer to https://mariadb.com/kb/en/library/innodb-recovery-modes/ for information about forcing recovery.
2026-04-16 17:19:40 0 [ERROR] InnoDB: Page [page id: space=0, page number=384] log sequence number 370925 is in the future! Current system log sequence number 305722.
2026-04-16 17:19:40 0 [ERROR] InnoDB: Your database may be corrupt or you may have copied the InnoDB tablespace but not the InnoDB log files. Please refer to https://mariadb.com/kb/en/library/innodb-recovery-modes/ for information about forcing recovery.
2026-04-16 17:19:40 0 [ERROR] InnoDB: Page [page id: space=0, page number=245] log sequence number 370969 is in the future! Current system log sequence number 305722.
2026-04-16 17:19:40 0 [ERROR] InnoDB: Your database may be corrupt or you may have copied the InnoDB tablespace but not the InnoDB log files. Please refer to https://mariadb.com/kb/en/library/innodb-recovery-modes/ for information about forcing recovery.
2026-04-16 17:19:40 0 [ERROR] InnoDB: Page [page id: space=0, page number=382] log sequence number 370969 is in the future! Current system log sequence number 305722.
2026-04-16 17:19:40 0 [ERROR] InnoDB: Your database may be corrupt or you may have copied the InnoDB tablespace but not the InnoDB log files. Please refer to https://mariadb.com/kb/en/library/innodb-recovery-modes/ for information about forcing recovery.
2026-04-16 17:19:40 0 [ERROR] InnoDB: Page [page id: space=0, page number=246] log sequence number 371013 is in the future! Current system log sequence number 305722.
2026-04-16 17:19:40 0 [ERROR] InnoDB: Your database may be corrupt or you may have copied the InnoDB tablespace but not the InnoDB log files. Please refer to https://mariadb.com/kb/en/library/innodb-recovery-modes/ for information about forcing recovery.
2026-04-16 17:19:40 0 [ERROR] InnoDB: Page [page id: space=0, page number=383] log sequence number 371013 is in the future! Current system log sequence number 305722.
2026-04-16 17:19:40 0 [ERROR] InnoDB: Your database may be corrupt or you may have copied the InnoDB tablespace but not the InnoDB log files. Please refer to https://mariadb.com/kb/en/library/innodb-recovery-modes/ for information about forcing recovery.
2026-04-16 17:19:40 0 [ERROR] InnoDB: Page [page id: space=0, page number=247] log sequence number 371057 is in the future! Current system log sequence number 305722.
2026-04-16 17:19:40 0 [ERROR] InnoDB: Your database may be corrupt or you may have copied the InnoDB tablespace but not the InnoDB log files. Please refer to https://mariadb.com/kb/en/library/innodb-recovery-modes/ for information about forcing recovery.
2026-04-16 17:19:40 0 [ERROR] InnoDB: Page [page id: space=0, page number=432] log sequence number 371057 is in the future! Current system log sequence number 305722.
2026-04-16 17:19:40 0 [ERROR] InnoDB: Your database may be corrupt or you may have copied the InnoDB tablespace but not the InnoDB log files. Please refer to https://mariadb.com/kb/en/library/innodb-recovery-modes/ for information about forcing recovery.
2026-04-16 17:19:40 0 [ERROR] InnoDB: Page [page id: space=0, page number=248] log sequence number 371101 is in the future! Current system log sequence number 305722.
2026-04-16 17:19:40 0 [ERROR] InnoDB: Your database may be corrupt or you may have copied the InnoDB tablespace but not the InnoDB log files. Please refer to https://mariadb.com/kb/en/library/innodb-recovery-modes/ for information about forcing recovery.
2026-04-16 17:19:40 0 [ERROR] InnoDB: Page [page id: space=0, page number=385] log sequence number 371101 is in the future! Current system log sequence number 305722.
2026-04-16 17:19:40 0 [ERROR] InnoDB: Your database may be corrupt or you may have copied the InnoDB tablespace but not the InnoDB log files. Please refer to https://mariadb.com/kb/en/library/innodb-recovery-modes/ for information about forcing recovery.
2026-04-16 17:19:40 0 [ERROR] InnoDB: Page [page id: space=0, page number=249] log sequence number 376354 is in the future! Current system log sequence number 305722.
2026-04-16 17:19:40 0 [ERROR] InnoDB: Your database may be corrupt or you may have copied the InnoDB tablespace but not the InnoDB log files. Please refer to https://mariadb.com/kb/en/library/innodb-recovery-modes/ for information about forcing recovery.
2026-04-16 17:19:40 0 [ERROR] InnoDB: Page [page id: space=0, page number=370] log sequence number 376354 is in the future! Current system log sequence number 305722.
2026-04-16 17:19:40 0 [ERROR] InnoDB: Your database may be corrupt or you may have copied the InnoDB tablespace but not the InnoDB log files. Please refer to https://mariadb.com/kb/en/library/innodb-recovery-modes/ for information about forcing recovery.
2026-04-16 17:19:40 0 [ERROR] InnoDB: Page [page id: space=0, page number=250] log sequence number 376398 is in the future! Current system log sequence number 305722.
2026-04-16 17:19:40 0 [ERROR] InnoDB: Your database may be corrupt or you may have copied the InnoDB tablespace but not the InnoDB log files. Please refer to https://mariadb.com/kb/en/library/innodb-recovery-modes/ for information about forcing recovery.
2026-04-16 17:19:40 0 [ERROR] InnoDB: Page [page id: space=0, page number=371] log sequence number 376398 is in the future! Current system log sequence number 305722.
2026-04-16 17:19:40 0 [ERROR] InnoDB: Your database may be corrupt or you may have copied the InnoDB tablespace but not the InnoDB log files. Please refer to https://mariadb.com/kb/en/library/innodb-recovery-modes/ for information about forcing recovery.
2026-04-16 17:19:40 0 [ERROR] InnoDB: Page [page id: space=0, page number=251] log sequence number 376442 is in the future! Current system log sequence number 305722.
2026-04-16 17:19:40 0 [ERROR] InnoDB: Your database may be corrupt or you may have copied the InnoDB tablespace but not the InnoDB log files. Please refer to https://mariadb.com/kb/en/library/innodb-recovery-modes/ for information about forcing recovery.
2026-04-16 17:19:40 0 [ERROR] InnoDB: Page [page id: space=0, page number=386] log sequence number 376442 is in the future! Current system log sequence number 305722.
2026-04-16 17:19:40 0 [ERROR] InnoDB: Your database may be corrupt or you may have copied the InnoDB tablespace but not the InnoDB log files. Please refer to https://mariadb.com/kb/en/library/innodb-recovery-modes/ for information about forcing recovery.
2026-04-16 17:19:40 0 [ERROR] InnoDB: Page [page id: space=0, page number=252] log sequence number 376486 is in the future! Current system log sequence number 305722.
2026-04-16 17:19:40 0 [ERROR] InnoDB: Your database may be corrupt or you may have copied the InnoDB tablespace but not the InnoDB log files. Please refer to https://mariadb.com/kb/en/library/innodb-recovery-modes/ for information about forcing recovery.
2026-04-16 17:19:40 0 [ERROR] InnoDB: Page [page id: space=0, page number=387] log sequence number 376486 is in the future! Current system log sequence number 305722.
2026-04-16 17:19:40 0 [ERROR] InnoDB: Your database may be corrupt or you may have copied the InnoDB tablespace but not the InnoDB log files. Please refer to https://mariadb.com/kb/en/library/innodb-recovery-modes/ for information about forcing recovery.
2026-04-16 17:19:40 0 [ERROR] InnoDB: Page [page id: space=0, page number=253] log sequence number 376530 is in the future! Current system log sequence number 305722.
2026-04-16 17:19:40 0 [ERROR] InnoDB: Your database may be corrupt or you may have copied the InnoDB tablespace but not the InnoDB log files. Please refer to https://mariadb.com/kb/en/library/innodb-recovery-modes/ for information about forcing recovery.
2026-04-16 17:19:40 0 [ERROR] InnoDB: Page [page id: space=0, page number=372] log sequence number 376530 is in the future! Current system log sequence number 305722.
2026-04-16 17:19:40 0 [ERROR] InnoDB: Your database may be corrupt or you may have copied the InnoDB tablespace but not the InnoDB log files. Please refer to https://mariadb.com/kb/en/library/innodb-recovery-modes/ for information about forcing recovery.
2026-04-16 17:19:40 0 [ERROR] InnoDB: Page [page id: space=0, page number=254] log sequence number 376574 is in the future! Current system log sequence number 305722.
2026-04-16 17:19:40 0 [ERROR] InnoDB: Your database may be corrupt or you may have copied the InnoDB tablespace but not the InnoDB log files. Please refer to https://mariadb.com/kb/en/library/innodb-recovery-modes/ for information about forcing recovery.
2026-04-16 17:19:40 0 [ERROR] InnoDB: Page [page id: space=0, page number=388] log sequence number 376574 is in the future! Current system log sequence number 305722.
2026-04-16 17:19:40 0 [ERROR] InnoDB: Your database may be corrupt or you may have copied the InnoDB tablespace but not the InnoDB log files. Please refer to https://mariadb.com/kb/en/library/innodb-recovery-modes/ for information about forcing recovery.
2026-04-16 17:19:40 0 [ERROR] InnoDB: Page [page id: space=0, page number=255] log sequence number 376618 is in the future! Current system log sequence number 305722.
2026-04-16 17:19:40 0 [ERROR] InnoDB: Your database may be corrupt or you may have copied the InnoDB tablespace but not the InnoDB log files. Please refer to https://mariadb.com/kb/en/library/innodb-recovery-modes/ for information about forcing recovery.
2026-04-16 17:19:40 0 [ERROR] InnoDB: Page [page id: space=0, page number=389] log sequence number 376618 is in the future! Current system log sequence number 305722.
2026-04-16 17:19:40 0 [ERROR] InnoDB: Your database may be corrupt or you may have copied the InnoDB tablespace but not the InnoDB log files. Please refer to https://mariadb.com/kb/en/library/innodb-recovery-modes/ for information about forcing recovery.
2026-04-16 17:19:40 0 [ERROR] InnoDB: Page [page id: space=0, page number=256] log sequence number 376662 is in the future! Current system log sequence number 305722.
2026-04-16 17:19:40 0 [ERROR] InnoDB: Your database may be corrupt or you may have copied the InnoDB tablespace but not the InnoDB log files. Please refer to https://mariadb.com/kb/en/library/innodb-recovery-modes/ for information about forcing recovery.
2026-04-16 17:19:40 0 [ERROR] InnoDB: Page [page id: space=0, page number=390] log sequence number 376662 is in the future! Current system log sequence number 305722.
2026-04-16 17:19:40 0 [ERROR] InnoDB: Your database may be corrupt or you may have copied the InnoDB tablespace but not the InnoDB log files. Please refer to https://mariadb.com/kb/en/library/innodb-recovery-modes/ for information about forcing recovery.
2026-04-16 17:19:40 0 [ERROR] InnoDB: Page [page id: space=0, page number=257] log sequence number 376706 is in the future! Current system log sequence number 305722.
2026-04-16 17:19:40 0 [ERROR] InnoDB: Your database may be corrupt or you may have copied the InnoDB tablespace but not the InnoDB log files. Please refer to https://mariadb.com/kb/en/library/innodb-recovery-modes/ for information about forcing recovery.
2026-04-16 17:19:40 0 [ERROR] InnoDB: Page [page id: space=0, page number=391] log sequence number 376706 is in the future! Current system log sequence number 305722.
2026-04-16 17:19:40 0 [ERROR] InnoDB: Your database may be corrupt or you may have copied the InnoDB tablespace but not the InnoDB log files. Please refer to https://mariadb.com/kb/en/library/innodb-recovery-modes/ for information about forcing recovery.
2026-04-16 17:19:40 0 [ERROR] InnoDB: Page [page id: space=0, page number=258] log sequence number 382629 is in the future! Current system log sequence number 305722.
2026-04-16 17:19:40 0 [ERROR] InnoDB: Your database may be corrupt or you may have copied the InnoDB tablespace but not the InnoDB log files. Please refer to https://mariadb.com/kb/en/library/innodb-recovery-modes/ for information about forcing recovery.
2026-04-16 17:19:40 0 [ERROR] InnoDB: Page [page id: space=0, page number=392] log sequence number 382629 is in the future! Current system log sequence number 305722.
2026-04-16 17:19:40 0 [ERROR] InnoDB: Your database may be corrupt or you may have copied the InnoDB tablespace but not the InnoDB log files. Please refer to https://mariadb.com/kb/en/library/innodb-recovery-modes/ for information about forcing recovery.
2026-04-16 17:19:40 0 [ERROR] InnoDB: Page [page id: space=0, page number=259] log sequence number 382673 is in the future! Current system log sequence number 305722.
2026-04-16 17:19:40 0 [ERROR] InnoDB: Your database may be corrupt or you may have copied the InnoDB tablespace but not the InnoDB log files. Please refer to https://mariadb.com/kb/en/library/innodb-recovery-modes/ for information about forcing recovery.
2026-04-16 17:19:40 0 [ERROR] InnoDB: Page [page id: space=0, page number=393] log sequence number 382673 is in the future! Current system log sequence number 305722.
2026-04-16 17:19:40 0 [ERROR] InnoDB: Your database may be corrupt or you may have copied the InnoDB tablespace but not the InnoDB log files. Please refer to https://mariadb.com/kb/en/library/innodb-recovery-modes/ for information about forcing recovery.
2026-04-16 17:19:40 0 [ERROR] InnoDB: Page [page id: space=0, page number=260] log sequence number 382717 is in the future! Current system log sequence number 305722.
2026-04-16 17:19:40 0 [ERROR] InnoDB: Your database may be corrupt or you may have copied the InnoDB tablespace but not the InnoDB log files. Please refer to https://mariadb.com/kb/en/library/innodb-recovery-modes/ for information about forcing recovery.
2026-04-16 17:19:40 0 [ERROR] InnoDB: Page [page id: space=0, page number=396] log sequence number 382717 is in the future! Current system log sequence number 305722.
2026-04-16 17:19:40 0 [ERROR] InnoDB: Your database may be corrupt or you may have copied the InnoDB tablespace but not the InnoDB log files. Please refer to https://mariadb.com/kb/en/library/innodb-recovery-modes/ for information about forcing recovery.
2026-04-16 17:19:40 0 [ERROR] InnoDB: Page [page id: space=0, page number=261] log sequence number 382761 is in the future! Current system log sequence number 305722.
2026-04-16 17:19:40 0 [ERROR] InnoDB: Your database may be corrupt or you may have copied the InnoDB tablespace but not the InnoDB log files. Please refer to https://mariadb.com/kb/en/library/innodb-recovery-modes/ for information about forcing recovery.
2026-04-16 17:19:40 0 [ERROR] InnoDB: Page [page id: space=0, page number=394] log sequence number 382761 is in the future! Current system log sequence number 305722.
2026-04-16 17:19:40 0 [ERROR] InnoDB: Your database may be corrupt or you may have copied the InnoDB tablespace but not the InnoDB log files. Please refer to https://mariadb.com/kb/en/library/innodb-recovery-modes/ for information about forcing recovery.
2026-04-16 17:19:40 0 [ERROR] InnoDB: Page [page id: space=0, page number=262] log sequence number 382805 is in the future! Current system log sequence number 305722.
2026-04-16 17:19:40 0 [ERROR] InnoDB: Your database may be corrupt or you may have copied the InnoDB tablespace but not the InnoDB log files. Please refer to https://mariadb.com/kb/en/library/innodb-recovery-modes/ for information about forcing recovery.
2026-04-16 17:19:40 0 [ERROR] InnoDB: Page [page id: space=0, page number=395] log sequence number 382805 is in the future! Current system log sequence number 305722.
2026-04-16 17:19:40 0 [ERROR] InnoDB: Your database may be corrupt or you may have copied the InnoDB tablespace but not the InnoDB log files. Please refer to https://mariadb.com/kb/en/library/innodb-recovery-modes/ for information about forcing recovery.
2026-04-16 17:19:40 0 [ERROR] InnoDB: Page [page id: space=0, page number=263] log sequence number 382849 is in the future! Current system log sequence number 305722.
2026-04-16 17:19:40 0 [ERROR] InnoDB: Your database may be corrupt or you may have copied the InnoDB tablespace but not the InnoDB log files. Please refer to https://mariadb.com/kb/en/library/innodb-recovery-modes/ for information about forcing recovery.
2026-04-16 17:19:40 0 [ERROR] InnoDB: Page [page id: space=0, page number=433] log sequence number 382849 is in the future! Current system log sequence number 305722.
2026-04-16 17:19:40 0 [ERROR] InnoDB: Your database may be corrupt or you may have copied the InnoDB tablespace but not the InnoDB log files. Please refer to https://mariadb.com/kb/en/library/innodb-recovery-modes/ for information about forcing recovery.
2026-04-16 17:19:40 0 [ERROR] InnoDB: Page [page id: space=0, page number=264] log sequence number 382893 is in the future! Current system log sequence number 305722.
2026-04-16 17:19:40 0 [ERROR] InnoDB: Your database may be corrupt or you may have copied the InnoDB tablespace but not the InnoDB log files. Please refer to https://mariadb.com/kb/en/library/innodb-recovery-modes/ for information about forcing recovery.
2026-04-16 17:19:40 0 [ERROR] InnoDB: Page [page id: space=0, page number=397] log sequence number 382893 is in the future! Current system log sequence number 305722.
2026-04-16 17:19:40 0 [ERROR] InnoDB: Your database may be corrupt or you may have copied the InnoDB tablespace but not the InnoDB log files. Please refer to https://mariadb.com/kb/en/library/innodb-recovery-modes/ for information about forcing recovery.
2026-04-16 17:19:40 0 [ERROR] InnoDB: Page [page id: space=0, page number=265] log sequence number 382937 is in the future! Current system log sequence number 305722.
2026-04-16 17:19:40 0 [ERROR] InnoDB: Your database may be corrupt or you may have copied the InnoDB tablespace but not the InnoDB log files. Please refer to https://mariadb.com/kb/en/library/innodb-recovery-modes/ for information about forcing recovery.
2026-04-16 17:19:40 0 [ERROR] InnoDB: Page [page id: space=0, page number=398] log sequence number 382937 is in the future! Current system log sequence number 305722.
2026-04-16 17:19:40 0 [ERROR] InnoDB: Your database may be corrupt or you may have copied the InnoDB tablespace but not the InnoDB log files. Please refer to https://mariadb.com/kb/en/library/innodb-recovery-modes/ for information about forcing recovery.
2026-04-16 17:19:40 0 [ERROR] InnoDB: Page [page id: space=0, page number=266] log sequence number 382997 is in the future! Current system log sequence number 305722.
2026-04-16 17:19:40 0 [ERROR] InnoDB: Your database may be corrupt or you may have copied the InnoDB tablespace but not the InnoDB log files. Please refer to https://mariadb.com/kb/en/library/innodb-recovery-modes/ for information about forcing recovery.
2026-04-16 17:19:40 0 [ERROR] InnoDB: Page [page id: space=0, page number=434] log sequence number 382997 is in the future! Current system log sequence number 305722.
2026-04-16 17:19:40 0 [ERROR] InnoDB: Your database may be corrupt or you may have copied the InnoDB tablespace but not the InnoDB log files. Please refer to https://mariadb.com/kb/en/library/innodb-recovery-modes/ for information about forcing recovery.
2026-04-16 17:19:40 0 [ERROR] InnoDB: Page [page id: space=0, page number=269] log sequence number 359334 is in the future! Current system log sequence number 305722.
2026-04-16 17:19:40 0 [ERROR] InnoDB: Your database may be corrupt or you may have copied the InnoDB tablespace but not the InnoDB log files. Please refer to https://mariadb.com/kb/en/library/innodb-recovery-modes/ for information about forcing recovery.
2026-04-16 17:19:40 0 [ERROR] InnoDB: Page [page id: space=0, page number=400] log sequence number 359334 is in the future! Current system log sequence number 305722.
2026-04-16 17:19:40 0 [ERROR] InnoDB: Your database may be corrupt or you may have copied the InnoDB tablespace but not the InnoDB log files. Please refer to https://mariadb.com/kb/en/library/innodb-recovery-modes/ for information about forcing recovery.
2026-04-16 17:19:40 0 [ERROR] InnoDB: Page [page id: space=0, page number=270] log sequence number 359378 is in the future! Current system log sequence number 305722.
2026-04-16 17:19:40 0 [ERROR] InnoDB: Your database may be corrupt or you may have copied the InnoDB tablespace but not the InnoDB log files. Please refer to https://mariadb.com/kb/en/library/innodb-recovery-modes/ for information about forcing recovery.
2026-04-16 17:19:40 0 [ERROR] InnoDB: Page [page id: space=0, page number=401] log sequence number 359378 is in the future! Current system log sequence number 305722.
2026-04-16 17:19:40 0 [ERROR] InnoDB: Your database may be corrupt or you may have copied the InnoDB tablespace but not the InnoDB log files. Please refer to https://mariadb.com/kb/en/library/innodb-recovery-modes/ for information about forcing recovery.
2026-04-16 17:19:40 0 [ERROR] InnoDB: Page [page id: space=0, page number=271] log sequence number 360018 is in the future! Current system log sequence number 305722.
2026-04-16 17:19:40 0 [ERROR] InnoDB: Your database may be corrupt or you may have copied the InnoDB tablespace but not the InnoDB log files. Please refer to https://mariadb.com/kb/en/library/innodb-recovery-modes/ for information about forcing recovery.
2026-04-16 17:19:40 0 [ERROR] InnoDB: Page [page id: space=0, page number=402] log sequence number 360018 is in the future! Current system log sequence number 305722.
2026-04-16 17:19:40 0 [ERROR] InnoDB: Your database may be corrupt or you may have copied the InnoDB tablespace but not the InnoDB log files. Please refer to https://mariadb.com/kb/en/library/innodb-recovery-modes/ for information about forcing recovery.
2026-04-16 17:19:40 0 [ERROR] InnoDB: Page [page id: space=0, page number=273] log sequence number 373289 is in the future! Current system log sequence number 305722.
2026-04-16 17:19:40 0 [ERROR] InnoDB: Your database may be corrupt or you may have copied the InnoDB tablespace but not the InnoDB log files. Please refer to https://mariadb.com/kb/en/library/innodb-recovery-modes/ for information about forcing recovery.
2026-04-16 17:19:40 0 [ERROR] InnoDB: Page [page id: space=0, page number=403] log sequence number 373289 is in the future! Current system log sequence number 305722.
2026-04-16 17:19:40 0 [ERROR] InnoDB: Your database may be corrupt or you may have copied the InnoDB tablespace but not the InnoDB log files. Please refer to https://mariadb.com/kb/en/library/innodb-recovery-modes/ for information about forcing recovery.
2026-04-16 17:19:40 0 [ERROR] InnoDB: Page [page id: space=0, page number=275] log sequence number 373333 is in the future! Current system log sequence number 305722.
2026-04-16 17:19:40 0 [ERROR] InnoDB: Your database may be corrupt or you may have copied the InnoDB tablespace but not the InnoDB log files. Please refer to https://mariadb.com/kb/en/library/innodb-recovery-modes/ for information about forcing recovery.
2026-04-16 17:19:40 0 [ERROR] InnoDB: Page [page id: space=0, page number=404] log sequence number 373333 is in the future! Current system log sequence number 305722.
2026-04-16 17:19:40 0 [ERROR] InnoDB: Your database may be corrupt or you may have copied the InnoDB tablespace but not the InnoDB log files. Please refer to https://mariadb.com/kb/en/library/innodb-recovery-modes/ for information about forcing recovery.
2026-04-16 17:19:40 0 [ERROR] InnoDB: Page [page id: space=0, page number=276] log sequence number 373377 is in the future! Current system log sequence number 305722.
2026-04-16 17:19:40 0 [ERROR] InnoDB: Your database may be corrupt or you may have copied the InnoDB tablespace but not the InnoDB log files. Please refer to https://mariadb.com/kb/en/library/innodb-recovery-modes/ for information about forcing recovery.
2026-04-16 17:19:40 0 [ERROR] InnoDB: Page [page id: space=0, page number=405] log sequence number 373377 is in the future! Current system log sequence number 305722.
2026-04-16 17:19:40 0 [ERROR] InnoDB: Your database may be corrupt or you may have copied the InnoDB tablespace but not the InnoDB log files. Please refer to https://mariadb.com/kb/en/library/innodb-recovery-modes/ for information about forcing recovery.
2026-04-16 17:19:40 0 [ERROR] InnoDB: Page [page id: space=0, page number=277] log sequence number 373421 is in the future! Current system log sequence number 305722.
2026-04-16 17:19:40 0 [ERROR] InnoDB: Your database may be corrupt or you may have copied the InnoDB tablespace but not the InnoDB log files. Please refer to https://mariadb.com/kb/en/library/innodb-recovery-modes/ for information about forcing recovery.
2026-04-16 17:19:40 0 [ERROR] InnoDB: Page [page id: space=0, page number=406] log sequence number 373421 is in the future! Current system log sequence number 305722.
2026-04-16 17:19:40 0 [ERROR] InnoDB: Your database may be corrupt or you may have copied the InnoDB tablespace but not the InnoDB log files. Please refer to https://mariadb.com/kb/en/library/innodb-recovery-modes/ for information about forcing recovery.
2026-04-16 17:19:40 0 [ERROR] InnoDB: Page [page id: space=0, page number=278] log sequence number 373465 is in the future! Current system log sequence number 305722.
2026-04-16 17:19:40 0 [ERROR] InnoDB: Your database may be corrupt or you may have copied the InnoDB tablespace but not the InnoDB log files. Please refer to https://mariadb.com/kb/en/library/innodb-recovery-modes/ for information about forcing recovery.
2026-04-16 17:19:40 0 [ERROR] InnoDB: Page [page id: space=0, page number=407] log sequence number 373465 is in the future! Current system log sequence number 305722.
2026-04-16 17:19:40 0 [ERROR] InnoDB: Your database may be corrupt or you may have copied the InnoDB tablespace but not the InnoDB log files. Please refer to https://mariadb.com/kb/en/library/innodb-recovery-modes/ for information about forcing recovery.
2026-04-16 17:19:40 0 [ERROR] InnoDB: Page [page id: space=0, page number=279] log sequence number 373509 is in the future! Current system log sequence number 305722.
2026-04-16 17:19:40 0 [ERROR] InnoDB: Your database may be corrupt or you may have copied the InnoDB tablespace but not the InnoDB log files. Please refer to https://mariadb.com/kb/en/library/innodb-recovery-modes/ for information about forcing recovery.
2026-04-16 17:19:40 0 [ERROR] InnoDB: Page [page id: space=0, page number=409] log sequence number 373509 is in the future! Current system log sequence number 305722.
2026-04-16 17:19:40 0 [ERROR] InnoDB: Your database may be corrupt or you may have copied the InnoDB tablespace but not the InnoDB log files. Please refer to https://mariadb.com/kb/en/library/innodb-recovery-modes/ for information about forcing recovery.
2026-04-16 17:19:40 0 [ERROR] InnoDB: Page [page id: space=0, page number=280] log sequence number 373553 is in the future! Current system log sequence number 305722.
2026-04-16 17:19:40 0 [ERROR] InnoDB: Your database may be corrupt or you may have copied the InnoDB tablespace but not the InnoDB log files. Please refer to https://mariadb.com/kb/en/library/innodb-recovery-modes/ for information about forcing recovery.
2026-04-16 17:19:40 0 [ERROR] InnoDB: Page [page id: space=0, page number=410] log sequence number 373553 is in the future! Current system log sequence number 305722.
2026-04-16 17:19:40 0 [ERROR] InnoDB: Your database may be corrupt or you may have copied the InnoDB tablespace but not the InnoDB log files. Please refer to https://mariadb.com/kb/en/library/innodb-recovery-modes/ for information about forcing recovery.
2026-04-16 17:19:40 0 [ERROR] InnoDB: Page [page id: space=0, page number=281] log sequence number 373597 is in the future! Current system log sequence number 305722.
2026-04-16 17:19:40 0 [ERROR] InnoDB: Your database may be corrupt or you may have copied the InnoDB tablespace but not the InnoDB log files. Please refer to https://mariadb.com/kb/en/library/innodb-recovery-modes/ for information about forcing recovery.
2026-04-16 17:19:40 0 [ERROR] InnoDB: Page [page id: space=0, page number=411] log sequence number 373597 is in the future! Current system log sequence number 305722.
2026-04-16 17:19:40 0 [ERROR] InnoDB: Your database may be corrupt or you may have copied the InnoDB tablespace but not the InnoDB log files. Please refer to https://mariadb.com/kb/en/library/innodb-recovery-modes/ for information about forcing recovery.
2026-04-16 17:19:40 0 [ERROR] InnoDB: Page [page id: space=0, page number=282] log sequence number 373641 is in the future! Current system log sequence number 305722.
2026-04-16 17:19:40 0 [ERROR] InnoDB: Your database may be corrupt or you may have copied the InnoDB tablespace but not the InnoDB log files. Please refer to https://mariadb.com/kb/en/library/innodb-recovery-modes/ for information about forcing recovery.
2026-04-16 17:19:40 0 [ERROR] InnoDB: Page [page id: space=0, page number=412] log sequence number 373641 is in the future! Current system log sequence number 305722.
2026-04-16 17:19:40 0 [ERROR] InnoDB: Your database may be corrupt or you may have copied the InnoDB tablespace but not the InnoDB log files. Please refer to https://mariadb.com/kb/en/library/innodb-recovery-modes/ for information about forcing recovery.
2026-04-16 17:19:40 0 [ERROR] InnoDB: Page [page id: space=0, page number=283] log sequence number 373685 is in the future! Current system log sequence number 305722.
2026-04-16 17:19:40 0 [ERROR] InnoDB: Your database may be corrupt or you may have copied the InnoDB tablespace but not the InnoDB log files. Please refer to https://mariadb.com/kb/en/library/innodb-recovery-modes/ for information about forcing recovery.
2026-04-16 17:19:40 0 [ERROR] InnoDB: Page [page id: space=0, page number=413] log sequence number 373685 is in the future! Current system log sequence number 305722.
2026-04-16 17:19:40 0 [ERROR] InnoDB: Your database may be corrupt or you may have copied the InnoDB tablespace but not the InnoDB log files. Please refer to https://mariadb.com/kb/en/library/innodb-recovery-modes/ for information about forcing recovery.
2026-04-16 17:19:40 0 [ERROR] InnoDB: Page [page id: space=0, page number=284] log sequence number 373729 is in the future! Current system log sequence number 305722.
2026-04-16 17:19:40 0 [ERROR] InnoDB: Your database may be corrupt or you may have copied the InnoDB tablespace but not the InnoDB log files. Please refer to https://mariadb.com/kb/en/library/innodb-recovery-modes/ for information about forcing recovery.
2026-04-16 17:19:40 0 [ERROR] InnoDB: Page [page id: space=0, page number=414] log sequence number 373729 is in the future! Current system log sequence number 305722.
2026-04-16 17:19:40 0 [ERROR] InnoDB: Your database may be corrupt or you may have copied the InnoDB tablespace but not the InnoDB log files. Please refer to https://mariadb.com/kb/en/library/innodb-recovery-modes/ for information about forcing recovery.
2026-04-16 17:19:40 0 [ERROR] InnoDB: Page [page id: space=0, page number=285] log sequence number 373789 is in the future! Current system log sequence number 305722.
2026-04-16 17:19:40 0 [ERROR] InnoDB: Your database may be corrupt or you may have copied the InnoDB tablespace but not the InnoDB log files. Please refer to https://mariadb.com/kb/en/library/innodb-recovery-modes/ for information about forcing recovery.
2026-04-16 17:19:40 0 [ERROR] InnoDB: Page [page id: space=0, page number=415] log sequence number 373789 is in the future! Current system log sequence number 305722.
2026-04-16 17:19:40 0 [ERROR] InnoDB: Your database may be corrupt or you may have copied the InnoDB tablespace but not the InnoDB log files. Please refer to https://mariadb.com/kb/en/library/innodb-recovery-modes/ for information about forcing recovery.
2026-04-16 17:19:40 0 [ERROR] InnoDB: Page [page id: space=0, page number=286] log sequence number 373833 is in the future! Current system log sequence number 305722.
2026-04-16 17:19:40 0 [ERROR] InnoDB: Your database may be corrupt or you may have copied the InnoDB tablespace but not the InnoDB log files. Please refer to https://mariadb.com/kb/en/library/innodb-recovery-modes/ for information about forcing recovery.
2026-04-16 17:19:40 0 [ERROR] InnoDB: Page [page id: space=0, page number=416] log sequence number 373833 is in the future! Current system log sequence number 305722.
2026-04-16 17:19:40 0 [ERROR] InnoDB: Your database may be corrupt or you may have copied the InnoDB tablespace but not the InnoDB log files. Please refer to https://mariadb.com/kb/en/library/innodb-recovery-modes/ for information about forcing recovery.
2026-04-16 17:19:40 0 [ERROR] InnoDB: Page [page id: space=0, page number=287] log sequence number 373877 is in the future! Current system log sequence number 305722.
2026-04-16 17:19:40 0 [ERROR] InnoDB: Your database may be corrupt or you may have copied the InnoDB tablespace but not the InnoDB log files. Please refer to https://mariadb.com/kb/en/library/innodb-recovery-modes/ for information about forcing recovery.
2026-04-16 17:19:40 0 [ERROR] InnoDB: Page [page id: space=0, page number=417] log sequence number 373877 is in the future! Current system log sequence number 305722.
2026-04-16 17:19:40 0 [ERROR] InnoDB: Your database may be corrupt or you may have copied the InnoDB tablespace but not the InnoDB log files. Please refer to https://mariadb.com/kb/en/library/innodb-recovery-modes/ for information about forcing recovery.
2026-04-16 17:19:40 0 [ERROR] InnoDB: Page [page id: space=0, page number=288] log sequence number 373921 is in the future! Current system log sequence number 305722.
2026-04-16 17:19:40 0 [ERROR] InnoDB: Your database may be corrupt or you may have copied the InnoDB tablespace but not the InnoDB log files. Please refer to https://mariadb.com/kb/en/library/innodb-recovery-modes/ for information about forcing recovery.
2026-04-16 17:19:40 0 [ERROR] InnoDB: Page [page id: space=0, page number=418] log sequence number 373921 is in the future! Current system log sequence number 305722.
2026-04-16 17:19:40 0 [ERROR] InnoDB: Your database may be corrupt or you may have copied the InnoDB tablespace but not the InnoDB log files. Please refer to https://mariadb.com/kb/en/library/innodb-recovery-modes/ for information about forcing recovery.
2026-04-16 17:19:40 0 [ERROR] InnoDB: Page [page id: space=0, page number=289] log sequence number 373965 is in the future! Current system log sequence number 305722.
2026-04-16 17:19:40 0 [ERROR] InnoDB: Your database may be corrupt or you may have copied the InnoDB tablespace but not the InnoDB log files. Please refer to https://mariadb.com/kb/en/library/innodb-recovery-modes/ for information about forcing recovery.
2026-04-16 17:19:40 0 [ERROR] InnoDB: Page [page id: space=0, page number=419] log sequence number 373965 is in the future! Current system log sequence number 305722.
2026-04-16 17:19:40 0 [ERROR] InnoDB: Your database may be corrupt or you may have copied the InnoDB tablespace but not the InnoDB log files. Please refer to https://mariadb.com/kb/en/library/innodb-recovery-modes/ for information about forcing recovery.
2026-04-16 17:19:40 0 [ERROR] InnoDB: Page [page id: space=0, page number=290] log sequence number 374009 is in the future! Current system log sequence number 305722.
2026-04-16 17:19:40 0 [ERROR] InnoDB: Your database may be corrupt or you may have copied the InnoDB tablespace but not the InnoDB log files. Please refer to https://mariadb.com/kb/en/library/innodb-recovery-modes/ for information about forcing recovery.
2026-04-16 17:19:40 0 [ERROR] InnoDB: Page [page id: space=0, page number=420] log sequence number 374009 is in the future! Current system log sequence number 305722.
2026-04-16 17:19:40 0 [ERROR] InnoDB: Your database may be corrupt or you may have copied the InnoDB tablespace but not the InnoDB log files. Please refer to https://mariadb.com/kb/en/library/innodb-recovery-modes/ for information about forcing recovery.
2026-04-16 17:19:40 0 [ERROR] InnoDB: Page [page id: space=0, page number=291] log sequence number 374053 is in the future! Current system log sequence number 305722.
2026-04-16 17:19:40 0 [ERROR] InnoDB: Your database may be corrupt or you may have copied the InnoDB tablespace but not the InnoDB log files. Please refer to https://mariadb.com/kb/en/library/innodb-recovery-modes/ for information about forcing recovery.
2026-04-16 17:19:40 0 [ERROR] InnoDB: Page [page id: space=0, page number=421] log sequence number 374053 is in the future! Current system log sequence number 305722.
2026-04-16 17:19:40 0 [ERROR] InnoDB: Your database may be corrupt or you may have copied the InnoDB tablespace but not the InnoDB log files. Please refer to https://mariadb.com/kb/en/library/innodb-recovery-modes/ for information about forcing recovery.
2026-04-16 17:19:40 0 [ERROR] InnoDB: Page [page id: space=0, page number=292] log sequence number 382552 is in the future! Current system log sequence number 305722.
2026-04-16 17:19:40 0 [ERROR] InnoDB: Your database may be corrupt or you may have copied the InnoDB tablespace but not the InnoDB log files. Please refer to https://mariadb.com/kb/en/library/innodb-recovery-modes/ for information about forcing recovery.
2026-04-16 17:19:40 0 [ERROR] InnoDB: Page [page id: space=0, page number=422] log sequence number 382552 is in the future! Current system log sequence number 305722.
2026-04-16 17:19:40 0 [ERROR] InnoDB: Your database may be corrupt or you may have copied the InnoDB tablespace but not the InnoDB log files. Please refer to https://mariadb.com/kb/en/library/innodb-recovery-modes/ for information about forcing recovery.
2026-04-16 17:19:40 0 [ERROR] InnoDB: Page [page id: space=0, page number=293] log sequence number 382596 is in the future! Current system log sequence number 305722.
2026-04-16 17:19:40 0 [ERROR] InnoDB: Your database may be corrupt or you may have copied the InnoDB tablespace but not the InnoDB log files. Please refer to https://mariadb.com/kb/en/library/innodb-recovery-modes/ for information about forcing recovery.
2026-04-16 17:19:40 0 [ERROR] InnoDB: Page [page id: space=0, page number=423] log sequence number 382596 is in the future! Current system log sequence number 305722.
2026-04-16 17:19:40 0 [ERROR] InnoDB: Your database may be corrupt or you may have copied the InnoDB tablespace but not the InnoDB log files. Please refer to https://mariadb.com/kb/en/library/innodb-recovery-modes/ for information about forcing recovery.
2026-04-16 17:19:40 0 [ERROR] InnoDB: Page [page id: space=0, page number=294] log sequence number 382640 is in the future! Current system log sequence number 305722.
2026-04-16 17:19:40 0 [ERROR] InnoDB: Your database may be corrupt or you may have copied the InnoDB tablespace but not the InnoDB log files. Please refer to https://mariadb.com/kb/en/library/innodb-recovery-modes/ for information about forcing recovery.
2026-04-16 17:19:40 0 [ERROR] InnoDB: Page [page id: space=0, page number=424] log sequence number 382640 is in the future! Current system log sequence number 305722.
2026-04-16 17:19:40 0 [ERROR] InnoDB: Your database may be corrupt or you may have copied the InnoDB tablespace but not the InnoDB log files. Please refer to https://mariadb.com/kb/en/library/innodb-recovery-modes/ for information about forcing recovery.
2026-04-16 17:19:40 0 [ERROR] InnoDB: Page [page id: space=0, page number=295] log sequence number 382684 is in the future! Current system log sequence number 305722.
2026-04-16 17:19:40 0 [ERROR] InnoDB: Your database may be corrupt or you may have copied the InnoDB tablespace but not the InnoDB log files. Please refer to https://mariadb.com/kb/en/library/innodb-recovery-modes/ for information about forcing recovery.
2026-04-16 17:19:40 0 [ERROR] InnoDB: Page [page id: space=0, page number=425] log sequence number 382684 is in the future! Current system log sequence number 305722.
2026-04-16 17:19:40 0 [ERROR] InnoDB: Your database may be corrupt or you may have copied the InnoDB tablespace but not the InnoDB log files. Please refer to https://mariadb.com/kb/en/library/innodb-recovery-modes/ for information about forcing recovery.
2026-04-16 17:19:40 0 [ERROR] InnoDB: Page [page id: space=0, page number=296] log sequence number 382728 is in the future! Current system log sequence number 305722.
2026-04-16 17:19:40 0 [ERROR] InnoDB: Your database may be corrupt or you may have copied the InnoDB tablespace but not the InnoDB log files. Please refer to https://mariadb.com/kb/en/library/innodb-recovery-modes/ for information about forcing recovery.
2026-04-16 17:19:40 0 [ERROR] InnoDB: Page [page id: space=0, page number=426] log sequence number 382728 is in the future! Current system log sequence number 305722.
2026-04-16 17:19:40 0 [ERROR] InnoDB: Your database may be corrupt or you may have copied the InnoDB tablespace but not the InnoDB log files. Please refer to https://mariadb.com/kb/en/library/innodb-recovery-modes/ for information about forcing recovery.
2026-04-16 17:19:40 0 [ERROR] InnoDB: Page [page id: space=0, page number=297] log sequence number 382772 is in the future! Current system log sequence number 305722.
2026-04-16 17:19:40 0 [ERROR] InnoDB: Your database may be corrupt or you may have copied the InnoDB tablespace but not the InnoDB log files. Please refer to https://mariadb.com/kb/en/library/innodb-recovery-modes/ for information about forcing recovery.
2026-04-16 17:19:40 0 [ERROR] InnoDB: Page [page id: space=0, page number=427] log sequence number 382772 is in the future! Current system log sequence number 305722.
2026-04-16 17:19:40 0 [ERROR] InnoDB: Your database may be corrupt or you may have copied the InnoDB tablespace but not the InnoDB log files. Please refer to https://mariadb.com/kb/en/library/innodb-recovery-modes/ for information about forcing recovery.
2026-04-16 17:19:40 0 [ERROR] InnoDB: Page [page id: space=0, page number=298] log sequence number 382816 is in the future! Current system log sequence number 305722.
2026-04-16 17:19:40 0 [ERROR] InnoDB: Your database may be corrupt or you may have copied the InnoDB tablespace but not the InnoDB log files. Please refer to https://mariadb.com/kb/en/library/innodb-recovery-modes/ for information about forcing recovery.
2026-04-16 17:19:40 0 [ERROR] InnoDB: Page [page id: space=0, page number=428] log sequence number 382816 is in the future! Current system log sequence number 305722.
2026-04-16 17:19:40 0 [ERROR] InnoDB: Your database may be corrupt or you may have copied the InnoDB tablespace but not the InnoDB log files. Please refer to https://mariadb.com/kb/en/library/innodb-recovery-modes/ for information about forcing recovery.
2026-04-16 17:19:40 0 [ERROR] InnoDB: Page [page id: space=0, page number=299] log sequence number 382860 is in the future! Current system log sequence number 305722.
2026-04-16 17:19:40 0 [ERROR] InnoDB: Your database may be corrupt or you may have copied the InnoDB tablespace but not the InnoDB log files. Please refer to https://mariadb.com/kb/en/library/innodb-recovery-modes/ for information about forcing recovery.
2026-04-16 17:19:40 0 [ERROR] InnoDB: Page [page id: space=0, page number=429] log sequence number 382860 is in the future! Current system log sequence number 305722.
2026-04-16 17:19:40 0 [ERROR] InnoDB: Your database may be corrupt or you may have copied the InnoDB tablespace but not the InnoDB log files. Please refer to https://mariadb.com/kb/en/library/innodb-recovery-modes/ for information about forcing recovery.
2026-04-16 17:19:40 0 [ERROR] InnoDB: Page [page id: space=0, page number=300] log sequence number 382904 is in the future! Current system log sequence number 305722.
2026-04-16 17:19:40 0 [ERROR] InnoDB: Your database may be corrupt or you may have copied the InnoDB tablespace but not the InnoDB log files. Please refer to https://mariadb.com/kb/en/library/innodb-recovery-modes/ for information about forcing recovery.
2026-04-16 17:19:40 0 [ERROR] InnoDB: Page [page id: space=0, page number=430] log sequence number 382904 is in the future! Current system log sequence number 305722.
2026-04-16 17:19:40 0 [ERROR] InnoDB: Your database may be corrupt or you may have copied the InnoDB tablespace but not the InnoDB log files. Please refer to https://mariadb.com/kb/en/library/innodb-recovery-modes/ for information about forcing recovery.
2026-04-16 17:19:41 0 [ERROR] InnoDB: Page [page id: space=0, page number=0] log sequence number 381298 is in the future! Current system log sequence number 305722.
2026-04-16 17:19:41 0 [ERROR] InnoDB: Your database may be corrupt or you may have copied the InnoDB tablespace but not the InnoDB log files. Please refer to https://mariadb.com/kb/en/library/innodb-recovery-modes/ for information about forcing recovery.
2026-04-16 17:19:41 0 [ERROR] InnoDB: Page [page id: space=0, page number=7] log sequence number 339768 is in the future! Current system log sequence number 305722.
2026-04-16 17:19:41 0 [ERROR] InnoDB: Your database may be corrupt or you may have copied the InnoDB tablespace but not the InnoDB log files. Please refer to https://mariadb.com/kb/en/library/innodb-recovery-modes/ for information about forcing recovery.
2026-04-16 17:19:41 0 [ERROR] InnoDB: Page [page id: space=0, page number=8] log sequence number 349743 is in the future! Current system log sequence number 305722.
2026-04-16 17:19:41 0 [ERROR] InnoDB: Your database may be corrupt or you may have copied the InnoDB tablespace but not the InnoDB log files. Please refer to https://mariadb.com/kb/en/library/innodb-recovery-modes/ for information about forcing recovery.
2026-04-16 17:19:41 0 [ERROR] InnoDB: Page [page id: space=0, page number=10] log sequence number 349847 is in the future! Current system log sequence number 305722.
2026-04-16 17:19:41 0 [ERROR] InnoDB: Your database may be corrupt or you may have copied the InnoDB tablespace but not the InnoDB log files. Please refer to https://mariadb.com/kb/en/library/innodb-recovery-modes/ for information about forcing recovery.
2026-04-16 17:19:41 0 [ERROR] InnoDB: Page [page id: space=0, page number=11] log sequence number 349764 is in the future! Current system log sequence number 305722.
2026-04-16 17:19:41 0 [ERROR] InnoDB: Your database may be corrupt or you may have copied the InnoDB tablespace but not the InnoDB log files. Please refer to https://mariadb.com/kb/en/library/innodb-recovery-modes/ for information about forcing recovery.
2026-04-16 17:19:41 0 [ERROR] InnoDB: Page [page id: space=0, page number=12] log sequence number 349779 is in the future! Current system log sequence number 305722.
2026-04-16 17:19:41 0 [ERROR] InnoDB: Your database may be corrupt or you may have copied the InnoDB tablespace but not the InnoDB log files. Please refer to https://mariadb.com/kb/en/library/innodb-recovery-modes/ for information about forcing recovery.
2026-04-16 17:19:41 0 [ERROR] InnoDB: Page [page id: space=0, page number=307] log sequence number 349733 is in the future! Current system log sequence number 305722.
2026-04-16 17:19:41 0 [ERROR] InnoDB: Your database may be corrupt or you may have copied the InnoDB tablespace but not the InnoDB log files. Please refer to https://mariadb.com/kb/en/library/innodb-recovery-modes/ for information about forcing recovery.
2026-04-16 17:19:41 0 [ERROR] InnoDB: Page [page id: space=0, page number=308] log sequence number 349749 is in the future! Current system log sequence number 305722.
2026-04-16 17:19:41 0 [ERROR] InnoDB: Your database may be corrupt or you may have copied the InnoDB tablespace but not the InnoDB log files. Please refer to https://mariadb.com/kb/en/library/innodb-recovery-modes/ for information about forcing recovery.
2026-04-16 17:19:41 0 [Note] InnoDB: 128 out of 128 rollback segments are active.
2026-04-16 17:19:41 0 [Note] InnoDB: Removed temporary tablespace data file: "ibtmp1"
2026-04-16 17:19:41 0 [Note] InnoDB: Creating shared tablespace for temporary tables
2026-04-16 17:19:41 0 [Note] InnoDB: Setting file 'D:\xampp\mysql\data\ibtmp1' size to 12 MB. Physically writing the file full; Please wait ...
2026-04-16 17:19:41 0 [Note] InnoDB: File 'D:\xampp\mysql\data\ibtmp1' size is now 12 MB.
2026-04-16 17:19:41 0 [Note] InnoDB: Waiting for purge to start
2026-04-16 17:19:41 3 [ERROR] InnoDB: Page [page id: space=0, page number=9] log sequence number 349738 is in the future! Current system log sequence number 305722.
2026-04-16 17:19:41 3 [ERROR] InnoDB: Your database may be corrupt or you may have copied the InnoDB tablespace but not the InnoDB log files. Please refer to https://mariadb.com/kb/en/library/innodb-recovery-modes/ for information about forcing recovery.
2026-04-16 17:19:41 0 [Note] InnoDB: 10.4.32 started; log sequence number 305713; transaction id 794
2026-04-16 17:19:41 0 [Note] InnoDB: Loading buffer pool(s) from D:\xampp\mysql\data\ib_buffer_pool
2026-04-16 17:19:41 0 [Note] Plugin 'FEEDBACK' is disabled.
2026-04-16 17:19:41 0 [ERROR] InnoDB: Page [page id: space=0, page number=243] log sequence number 362601 is in the future! Current system log sequence number 305722.
2026-04-16 17:19:41 0 [ERROR] InnoDB: Your database may be corrupt or you may have copied the InnoDB tablespace but not the InnoDB log files. Please refer to https://mariadb.com/kb/en/library/innodb-recovery-modes/ for information about forcing recovery.
2026-04-16 17:19:41 1 [ERROR] InnoDB: Page [page id: space=28, page number=0] log sequence number 340260 is in the future! Current system log sequence number 305722.
2026-04-16 17:19:41 1 [ERROR] InnoDB: Your database may be corrupt or you may have copied the InnoDB tablespace but not the InnoDB log files. Please refer to https://mariadb.com/kb/en/library/innodb-recovery-modes/ for information about forcing recovery.
2026-04-16 17:19:41 1 [ERROR] InnoDB: Page [page id: space=28, page number=1] log sequence number 338720 is in the future! Current system log sequence number 305722.
2026-04-16 17:19:41 1 [ERROR] InnoDB: Your database may be corrupt or you may have copied the InnoDB tablespace but not the InnoDB log files. Please refer to https://mariadb.com/kb/en/library/innodb-recovery-modes/ for information about forcing recovery.
2026-04-16 17:19:41 0 [Note] Server socket created on IP: '::'.
2026-04-16 17:19:49 0 [ERROR] InnoDB: Operating system error number 32 in a file operation.
2026-04-16 17:19:49 0 [ERROR] InnoDB: The error means that another program is using InnoDB's files. This might be a backup or antivirus software or another instance of MySQL. Please close it to get rid of this error.
2026-04-16 17:19:59 0 [ERROR] InnoDB: Operating system error number 32 in a file operation.
2026-04-16 17:19:59 0 [ERROR] InnoDB: The error means that another program is using InnoDB's files. This might be a backup or antivirus software or another instance of MySQL. Please close it to get rid of this error.
2026-04-16 17:20:09 0 [ERROR] InnoDB: Operating system error number 32 in a file operation.
2026-04-16 17:20:09 0 [ERROR] InnoDB: The error means that another program is using InnoDB's files. This might be a backup or antivirus software or another instance of MySQL. Please close it to get rid of this error.
2026-04-16 19:02:14 0 [Note] Starting MariaDB 10.4.32-MariaDB source revision c4143f909528e3fab0677a28631d10389354c491 as process 12092
2026-04-16 19:02:14 0 [Note] InnoDB: Mutexes and rw_locks use Windows interlocked functions
2026-04-16 19:02:14 0 [Note] InnoDB: Uses event mutexes
2026-04-16 19:02:14 0 [Note] InnoDB: Compressed tables use zlib 1.3
2026-04-16 19:02:14 0 [Note] InnoDB: Number of pools: 1
2026-04-16 19:02:14 0 [Note] InnoDB: Using SSE2 crc32 instructions
2026-04-16 19:02:14 0 [Note] InnoDB: Initializing buffer pool, total size = 16M, instances = 1, chunk size = 16M
2026-04-16 19:02:14 0 [Note] InnoDB: Completed initialization of buffer pool
2026-04-16 19:02:14 0 [Note] InnoDB: Starting crash recovery from checkpoint LSN=305722
2026-04-16 19:02:14 0 [Warning] InnoDB: Are you sure you are using the right ib_logfiles to start up the database? Log sequence number in the ib_logfiles is 305722, less than the log sequence number in the first system tablespace file header, 383879.
2026-04-16 19:02:14 0 [Warning] InnoDB: Ignoring a doublewrite copy of page [page id: space=16, page number=3] with future log sequence number 340849
2026-04-16 19:02:14 0 [Warning] InnoDB: Ignoring a doublewrite copy of page [page id: space=0, page number=248] with future log sequence number 340829
2026-04-16 19:02:14 0 [Warning] InnoDB: Ignoring a doublewrite copy of page [page id: space=0, page number=385] with future log sequence number 340829
2026-04-16 19:02:14 0 [Warning] InnoDB: Ignoring a doublewrite copy of page [page id: space=0, page number=232] with future log sequence number 339797
2026-04-16 19:02:14 0 [Warning] InnoDB: Ignoring a doublewrite copy of page [page id: space=0, page number=373] with future log sequence number 339797
2026-04-16 19:02:14 0 [Warning] InnoDB: Ignoring a doublewrite copy of page [page id: space=0, page number=231] with future log sequence number 339753
2026-04-16 19:02:14 0 [Warning] InnoDB: Ignoring a doublewrite copy of page [page id: space=0, page number=368] with future log sequence number 339753
2026-04-16 19:02:14 0 [Warning] InnoDB: Ignoring a doublewrite copy of page [page id: space=0, page number=230] with future log sequence number 339709
2026-04-16 19:02:14 0 [Warning] InnoDB: Ignoring a doublewrite copy of page [page id: space=0, page number=367] with future log sequence number 339709
2026-04-16 19:02:14 0 [Warning] InnoDB: Ignoring a doublewrite copy of page [page id: space=0, page number=260] with future log sequence number 355374
2026-04-16 19:02:14 0 [Warning] InnoDB: Ignoring a doublewrite copy of page [page id: space=0, page number=290] with future log sequence number 374009
2026-04-16 19:02:14 0 [Warning] InnoDB: Ignoring a doublewrite copy of page [page id: space=0, page number=420] with future log sequence number 374009
2026-04-16 19:02:14 0 [Warning] InnoDB: Ignoring a doublewrite copy of page [page id: space=0, page number=223] with future log sequence number 317669
2026-04-16 19:02:14 0 [Warning] InnoDB: Ignoring a doublewrite copy of page [page id: space=2, page number=3] with future log sequence number 317754
2026-04-16 19:02:14 0 [Warning] InnoDB: Ignoring a doublewrite copy of page [page id: space=0, page number=360] with future log sequence number 317669
2026-04-16 19:02:14 0 [Warning] InnoDB: Ignoring a doublewrite copy of page [page id: space=0, page number=237] with future log sequence number 326879
2026-04-16 19:02:14 0 [Warning] InnoDB: Ignoring a doublewrite copy of page [page id: space=0, page number=377] with future log sequence number 326879
2026-04-16 19:02:14 0 [Warning] InnoDB: Ignoring a doublewrite copy of page [page id: space=0, page number=218] with future log sequence number 353252
2026-04-16 19:02:14 0 [Warning] InnoDB: Ignoring a doublewrite copy of page [page id: space=0, page number=355] with future log sequence number 353252
2026-04-16 19:02:14 0 [Warning] InnoDB: Ignoring a doublewrite copy of page [page id: space=0, page number=217] with future log sequence number 353208
2026-04-16 19:02:14 0 [Warning] InnoDB: Ignoring a doublewrite copy of page [page id: space=0, page number=354] with future log sequence number 353208
2026-04-16 19:02:14 0 [Warning] InnoDB: Ignoring a doublewrite copy of page [page id: space=0, page number=216] with future log sequence number 353164
2026-04-16 19:02:14 0 [Warning] InnoDB: Ignoring a doublewrite copy of page [page id: space=0, page number=353] with future log sequence number 353164
2026-04-16 19:02:14 0 [Warning] InnoDB: Ignoring a doublewrite copy of page [page id: space=0, page number=215] with future log sequence number 353120
2026-04-16 19:02:14 0 [Warning] InnoDB: Ignoring a doublewrite copy of page [page id: space=0, page number=352] with future log sequence number 353120
2026-04-16 19:02:14 0 [Warning] InnoDB: Ignoring a doublewrite copy of page [page id: space=0, page number=213] with future log sequence number 353076
2026-04-16 19:02:14 0 [Warning] InnoDB: Ignoring a doublewrite copy of page [page id: space=0, page number=237] with future log sequence number 365321
2026-04-16 19:02:14 0 [Warning] InnoDB: Ignoring a doublewrite copy of page [page id: space=0, page number=377] with future log sequence number 365321
2026-04-16 19:02:14 0 [Warning] InnoDB: Ignoring a doublewrite copy of page [page id: space=0, page number=249] with future log sequence number 371342
2026-04-16 19:02:14 0 [Warning] InnoDB: Ignoring a doublewrite copy of page [page id: space=16, page number=3] with future log sequence number 371362
2026-04-16 19:02:14 0 [Warning] InnoDB: Ignoring a doublewrite copy of page [page id: space=0, page number=370] with future log sequence number 371342
2026-04-16 19:02:14 0 [Warning] InnoDB: Ignoring a doublewrite copy of page [page id: space=0, page number=266] with future log sequence number 382997
2026-04-16 19:02:14 0 [Warning] InnoDB: Ignoring a doublewrite copy of page [page id: space=0, page number=434] with future log sequence number 382997
2026-04-16 19:02:14 0 [Warning] InnoDB: Ignoring a doublewrite copy of page [page id: space=0, page number=265] with future log sequence number 382937
2026-04-16 19:02:14 0 [Warning] InnoDB: Ignoring a doublewrite copy of page [page id: space=0, page number=398] with future log sequence number 382937
2026-04-16 19:02:14 0 [ERROR] InnoDB: Page [page id: space=0, page number=7] log sequence number 339768 is in the future! Current system log sequence number 305740.
2026-04-16 19:02:14 0 [ERROR] InnoDB: Your database may be corrupt or you may have copied the InnoDB tablespace but not the InnoDB log files. Please refer to https://mariadb.com/kb/en/library/innodb-recovery-modes/ for information about forcing recovery.
2026-04-16 19:02:14 0 [ERROR] InnoDB: Page [page id: space=0, page number=11] log sequence number 349764 is in the future! Current system log sequence number 305740.
2026-04-16 19:02:14 0 [ERROR] InnoDB: Your database may be corrupt or you may have copied the InnoDB tablespace but not the InnoDB log files. Please refer to https://mariadb.com/kb/en/library/innodb-recovery-modes/ for information about forcing recovery.
2026-04-16 19:02:14 0 [ERROR] InnoDB: Page [page id: space=0, page number=6] log sequence number 382375 is in the future! Current system log sequence number 305740.
2026-04-16 19:02:14 0 [ERROR] InnoDB: Your database may be corrupt or you may have copied the InnoDB tablespace but not the InnoDB log files. Please refer to https://mariadb.com/kb/en/library/innodb-recovery-modes/ for information about forcing recovery.
2026-04-16 19:02:14 0 [ERROR] InnoDB: Page [page id: space=0, page number=301] log sequence number 382375 is in the future! Current system log sequence number 305740.
2026-04-16 19:02:14 0 [ERROR] InnoDB: Your database may be corrupt or you may have copied the InnoDB tablespace but not the InnoDB log files. Please refer to https://mariadb.com/kb/en/library/innodb-recovery-modes/ for information about forcing recovery.
2026-04-16 19:02:14 0 [ERROR] InnoDB: Page [page id: space=0, page number=45] log sequence number 382414 is in the future! Current system log sequence number 305740.
2026-04-16 19:02:14 0 [ERROR] InnoDB: Your database may be corrupt or you may have copied the InnoDB tablespace but not the InnoDB log files. Please refer to https://mariadb.com/kb/en/library/innodb-recovery-modes/ for information about forcing recovery.
2026-04-16 19:02:14 0 [ERROR] InnoDB: Page [page id: space=0, page number=306] log sequence number 382414 is in the future! Current system log sequence number 305740.
2026-04-16 19:02:14 0 [ERROR] InnoDB: Your database may be corrupt or you may have copied the InnoDB tablespace but not the InnoDB log files. Please refer to https://mariadb.com/kb/en/library/innodb-recovery-modes/ for information about forcing recovery.
2026-04-16 19:02:14 0 [ERROR] InnoDB: Page [page id: space=0, page number=46] log sequence number 382453 is in the future! Current system log sequence number 305740.
2026-04-16 19:02:14 0 [ERROR] InnoDB: Your database may be corrupt or you may have copied the InnoDB tablespace but not the InnoDB log files. Please refer to https://mariadb.com/kb/en/library/innodb-recovery-modes/ for information about forcing recovery.
2026-04-16 19:02:14 0 [ERROR] InnoDB: Page [page id: space=0, page number=309] log sequence number 382453 is in the future! Current system log sequence number 305740.
2026-04-16 19:02:14 0 [ERROR] InnoDB: Your database may be corrupt or you may have copied the InnoDB tablespace but not the InnoDB log files. Please refer to https://mariadb.com/kb/en/library/innodb-recovery-modes/ for information about forcing recovery.
2026-04-16 19:02:14 0 [ERROR] InnoDB: Page [page id: space=0, page number=193] log sequence number 335526 is in the future! Current system log sequence number 305740.
2026-04-16 19:02:14 0 [ERROR] InnoDB: Your database may be corrupt or you may have copied the InnoDB tablespace but not the InnoDB log files. Please refer to https://mariadb.com/kb/en/library/innodb-recovery-modes/ for information about forcing recovery.
2026-04-16 19:02:14 0 [ERROR] InnoDB: Page [page id: space=0, page number=330] log sequence number 335526 is in the future! Current system log sequence number 305740.
2026-04-16 19:02:14 0 [ERROR] InnoDB: Your database may be corrupt or you may have copied the InnoDB tablespace but not the InnoDB log files. Please refer to https://mariadb.com/kb/en/library/innodb-recovery-modes/ for information about forcing recovery.
2026-04-16 19:02:14 0 [ERROR] InnoDB: Page [page id: space=0, page number=194] log sequence number 335570 is in the future! Current system log sequence number 305740.
2026-04-16 19:02:14 0 [ERROR] InnoDB: Your database may be corrupt or you may have copied the InnoDB tablespace but not the InnoDB log files. Please refer to https://mariadb.com/kb/en/library/innodb-recovery-modes/ for information about forcing recovery.
2026-04-16 19:02:14 0 [ERROR] InnoDB: Page [page id: space=0, page number=331] log sequence number 335570 is in the future! Current system log sequence number 305740.
2026-04-16 19:02:14 0 [ERROR] InnoDB: Your database may be corrupt or you may have copied the InnoDB tablespace but not the InnoDB log files. Please refer to https://mariadb.com/kb/en/library/innodb-recovery-modes/ for information about forcing recovery.
2026-04-16 19:02:14 0 [ERROR] InnoDB: Page [page id: space=0, page number=195] log sequence number 335614 is in the future! Current system log sequence number 305740.
2026-04-16 19:02:14 0 [ERROR] InnoDB: Your database may be corrupt or you may have copied the InnoDB tablespace but not the InnoDB log files. Please refer to https://mariadb.com/kb/en/library/innodb-recovery-modes/ for information about forcing recovery.
2026-04-16 19:02:14 0 [ERROR] InnoDB: Page [page id: space=0, page number=332] log sequence number 335614 is in the future! Current system log sequence number 305740.
2026-04-16 19:02:14 0 [ERROR] InnoDB: Your database may be corrupt or you may have copied the InnoDB tablespace but not the InnoDB log files. Please refer to https://mariadb.com/kb/en/library/innodb-recovery-modes/ for information about forcing recovery.
2026-04-16 19:02:14 0 [ERROR] InnoDB: Page [page id: space=0, page number=204] log sequence number 307021 is in the future! Current system log sequence number 305740.
2026-04-16 19:02:14 0 [ERROR] InnoDB: Your database may be corrupt or you may have copied the InnoDB tablespace but not the InnoDB log files. Please refer to https://mariadb.com/kb/en/library/innodb-recovery-modes/ for information about forcing recovery.
2026-04-16 19:02:14 0 [ERROR] InnoDB: Page [page id: space=0, page number=341] log sequence number 307021 is in the future! Current system log sequence number 305740.
2026-04-16 19:02:14 0 [ERROR] InnoDB: Your database may be corrupt or you may have copied the InnoDB tablespace but not the InnoDB log files. Please refer to https://mariadb.com/kb/en/library/innodb-recovery-modes/ for information about forcing recovery.
2026-04-16 19:02:14 0 [ERROR] InnoDB: Page [page id: space=0, page number=205] log sequence number 352708 is in the future! Current system log sequence number 305740.
2026-04-16 19:02:14 0 [ERROR] InnoDB: Your database may be corrupt or you may have copied the InnoDB tablespace but not the InnoDB log files. Please refer to https://mariadb.com/kb/en/library/innodb-recovery-modes/ for information about forcing recovery.
2026-04-16 19:02:14 0 [ERROR] InnoDB: Page [page id: space=0, page number=342] log sequence number 352708 is in the future! Current system log sequence number 305740.
2026-04-16 19:02:14 0 [ERROR] InnoDB: Your database may be corrupt or you may have copied the InnoDB tablespace but not the InnoDB log files. Please refer to https://mariadb.com/kb/en/library/innodb-recovery-modes/ for information about forcing recovery.
2026-04-16 19:02:14 0 [ERROR] InnoDB: Page [page id: space=0, page number=206] log sequence number 352752 is in the future! Current system log sequence number 305740.
2026-04-16 19:02:14 0 [ERROR] InnoDB: Your database may be corrupt or you may have copied the InnoDB tablespace but not the InnoDB log files. Please refer to https://mariadb.com/kb/en/library/innodb-recovery-modes/ for information about forcing recovery.
2026-04-16 19:02:14 0 [ERROR] InnoDB: Page [page id: space=0, page number=343] log sequence number 352752 is in the future! Current system log sequence number 305740.
2026-04-16 19:02:14 0 [ERROR] InnoDB: Your database may be corrupt or you may have copied the InnoDB tablespace but not the InnoDB log files. Please refer to https://mariadb.com/kb/en/library/innodb-recovery-modes/ for information about forcing recovery.
2026-04-16 19:02:14 0 [ERROR] InnoDB: Page [page id: space=0, page number=207] log sequence number 352812 is in the future! Current system log sequence number 305740.
2026-04-16 19:02:14 0 [ERROR] InnoDB: Your database may be corrupt or you may have copied the InnoDB tablespace but not the InnoDB log files. Please refer to https://mariadb.com/kb/en/library/innodb-recovery-modes/ for information about forcing recovery.
2026-04-16 19:02:14 0 [ERROR] InnoDB: Page [page id: space=0, page number=344] log sequence number 352812 is in the future! Current system log sequence number 305740.
2026-04-16 19:02:14 0 [ERROR] InnoDB: Your database may be corrupt or you may have copied the InnoDB tablespace but not the InnoDB log files. Please refer to https://mariadb.com/kb/en/library/innodb-recovery-modes/ for information about forcing recovery.
2026-04-16 19:02:14 0 [ERROR] InnoDB: Page [page id: space=0, page number=208] log sequence number 352856 is in the future! Current system log sequence number 305740.
2026-04-16 19:02:14 0 [ERROR] InnoDB: Your database may be corrupt or you may have copied the InnoDB tablespace but not the InnoDB log files. Please refer to https://mariadb.com/kb/en/library/innodb-recovery-modes/ for information about forcing recovery.
2026-04-16 19:02:14 0 [ERROR] InnoDB: Page [page id: space=0, page number=345] log sequence number 352856 is in the future! Current system log sequence number 305740.
2026-04-16 19:02:14 0 [ERROR] InnoDB: Your database may be corrupt or you may have copied the InnoDB tablespace but not the InnoDB log files. Please refer to https://mariadb.com/kb/en/library/innodb-recovery-modes/ for information about forcing recovery.
2026-04-16 19:02:14 0 [ERROR] InnoDB: Page [page id: space=0, page number=209] log sequence number 352900 is in the future! Current system log sequence number 305740.
2026-04-16 19:02:14 0 [ERROR] InnoDB: Your database may be corrupt or you may have copied the InnoDB tablespace but not the InnoDB log files. Please refer to https://mariadb.com/kb/en/library/innodb-recovery-modes/ for information about forcing recovery.
2026-04-16 19:02:14 0 [ERROR] InnoDB: Page [page id: space=0, page number=346] log sequence number 352900 is in the future! Current system log sequence number 305740.
2026-04-16 19:02:14 0 [ERROR] InnoDB: Your database may be corrupt or you may have copied the InnoDB tablespace but not the InnoDB log files. Please refer to https://mariadb.com/kb/en/library/innodb-recovery-modes/ for information about forcing recovery.
2026-04-16 19:02:14 0 [ERROR] InnoDB: Page [page id: space=0, page number=210] log sequence number 352944 is in the future! Current system log sequence number 305740.
2026-04-16 19:02:14 0 [ERROR] InnoDB: Your database may be corrupt or you may have copied the InnoDB tablespace but not the InnoDB log files. Please refer to https://mariadb.com/kb/en/library/innodb-recovery-modes/ for information about forcing recovery.
2026-04-16 19:02:14 0 [ERROR] InnoDB: Page [page id: space=0, page number=347] log sequence number 352944 is in the future! Current system log sequence number 305740.
2026-04-16 19:02:14 0 [ERROR] InnoDB: Your database may be corrupt or you may have copied the InnoDB tablespace but not the InnoDB log files. Please refer to https://mariadb.com/kb/en/library/innodb-recovery-modes/ for information about forcing recovery.
2026-04-16 19:02:14 0 [ERROR] InnoDB: Page [page id: space=0, page number=211] log sequence number 352988 is in the future! Current system log sequence number 305740.
2026-04-16 19:02:14 0 [ERROR] InnoDB: Your database may be corrupt or you may have copied the InnoDB tablespace but not the InnoDB log files. Please refer to https://mariadb.com/kb/en/library/innodb-recovery-modes/ for information about forcing recovery.
2026-04-16 19:02:14 0 [ERROR] InnoDB: Page [page id: space=0, page number=348] log sequence number 352988 is in the future! Current system log sequence number 305740.
2026-04-16 19:02:14 0 [ERROR] InnoDB: Your database may be corrupt or you may have copied the InnoDB tablespace but not the InnoDB log files. Please refer to https://mariadb.com/kb/en/library/innodb-recovery-modes/ for information about forcing recovery.
2026-04-16 19:02:14 0 [ERROR] InnoDB: Page [page id: space=0, page number=212] log sequence number 353032 is in the future! Current system log sequence number 305740.
2026-04-16 19:02:14 0 [ERROR] InnoDB: Your database may be corrupt or you may have copied the InnoDB tablespace but not the InnoDB log files. Please refer to https://mariadb.com/kb/en/library/innodb-recovery-modes/ for information about forcing recovery.
2026-04-16 19:02:14 0 [ERROR] InnoDB: Page [page id: space=0, page number=349] log sequence number 353032 is in the future! Current system log sequence number 305740.
2026-04-16 19:02:14 0 [ERROR] InnoDB: Your database may be corrupt or you may have copied the InnoDB tablespace but not the InnoDB log files. Please refer to https://mariadb.com/kb/en/library/innodb-recovery-modes/ for information about forcing recovery.
2026-04-16 19:02:14 0 [ERROR] InnoDB: Page [page id: space=0, page number=213] log sequence number 353076 is in the future! Current system log sequence number 305740.
2026-04-16 19:02:14 0 [ERROR] InnoDB: Your database may be corrupt or you may have copied the InnoDB tablespace but not the InnoDB log files. Please refer to https://mariadb.com/kb/en/library/innodb-recovery-modes/ for information about forcing recovery.
2026-04-16 19:02:14 0 [ERROR] InnoDB: Page [page id: space=0, page number=350] log sequence number 353076 is in the future! Current system log sequence number 305740.
2026-04-16 19:02:14 0 [ERROR] InnoDB: Your database may be corrupt or you may have copied the InnoDB tablespace but not the InnoDB log files. Please refer to https://mariadb.com/kb/en/library/innodb-recovery-modes/ for information about forcing recovery.
2026-04-16 19:02:14 0 [ERROR] InnoDB: Page [page id: space=0, page number=214] log sequence number 315502 is in the future! Current system log sequence number 305740.
2026-04-16 19:02:14 0 [ERROR] InnoDB: Your database may be corrupt or you may have copied the InnoDB tablespace but not the InnoDB log files. Please refer to https://mariadb.com/kb/en/library/innodb-recovery-modes/ for information about forcing recovery.
2026-04-16 19:02:14 0 [ERROR] InnoDB: Page [page id: space=0, page number=351] log sequence number 315502 is in the future! Current system log sequence number 305740.
2026-04-16 19:02:14 0 [ERROR] InnoDB: Your database may be corrupt or you may have copied the InnoDB tablespace but not the InnoDB log files. Please refer to https://mariadb.com/kb/en/library/innodb-recovery-modes/ for information about forcing recovery.
2026-04-16 19:02:14 0 [ERROR] InnoDB: Page [page id: space=0, page number=215] log sequence number 353120 is in the future! Current system log sequence number 305740.
2026-04-16 19:02:14 0 [ERROR] InnoDB: Your database may be corrupt or you may have copied the InnoDB tablespace but not the InnoDB log files. Please refer to https://mariadb.com/kb/en/library/innodb-recovery-modes/ for information about forcing recovery.
2026-04-16 19:02:14 0 [ERROR] InnoDB: Page [page id: space=0, page number=352] log sequence number 353120 is in the future! Current system log sequence number 305740.
2026-04-16 19:02:14 0 [ERROR] InnoDB: Your database may be corrupt or you may have copied the InnoDB tablespace but not the InnoDB log files. Please refer to https://mariadb.com/kb/en/library/innodb-recovery-modes/ for information about forcing recovery.
2026-04-16 19:02:14 0 [ERROR] InnoDB: Page [page id: space=0, page number=216] log sequence number 353164 is in the future! Current system log sequence number 305740.
2026-04-16 19:02:14 0 [ERROR] InnoDB: Your database may be corrupt or you may have copied the InnoDB tablespace but not the InnoDB log files. Please refer to https://mariadb.com/kb/en/library/innodb-recovery-modes/ for information about forcing recovery.
2026-04-16 19:02:14 0 [ERROR] InnoDB: Page [page id: space=0, page number=353] log sequence number 353164 is in the future! Current system log sequence number 305740.
2026-04-16 19:02:14 0 [ERROR] InnoDB: Your database may be corrupt or you may have copied the InnoDB tablespace but not the InnoDB log files. Please refer to https://mariadb.com/kb/en/library/innodb-recovery-modes/ for information about forcing recovery.
2026-04-16 19:02:14 0 [ERROR] InnoDB: Page [page id: space=0, page number=217] log sequence number 353208 is in the future! Current system log sequence number 305740.
2026-04-16 19:02:14 0 [ERROR] InnoDB: Your database may be corrupt or you may have copied the InnoDB tablespace but not the InnoDB log files. Please refer to https://mariadb.com/kb/en/library/innodb-recovery-modes/ for information about forcing recovery.
2026-04-16 19:02:14 0 [ERROR] InnoDB: Page [page id: space=0, page number=354] log sequence number 353208 is in the future! Current system log sequence number 305740.
2026-04-16 19:02:14 0 [ERROR] InnoDB: Your database may be corrupt or you may have copied the InnoDB tablespace but not the InnoDB log files. Please refer to https://mariadb.com/kb/en/library/innodb-recovery-modes/ for information about forcing recovery.
2026-04-16 19:02:14 0 [ERROR] InnoDB: Page [page id: space=0, page number=218] log sequence number 353252 is in the future! Current system log sequence number 305740.
2026-04-16 19:02:14 0 [ERROR] InnoDB: Your database may be corrupt or you may have copied the InnoDB tablespace but not the InnoDB log files. Please refer to https://mariadb.com/kb/en/library/innodb-recovery-modes/ for information about forcing recovery.
2026-04-16 19:02:14 0 [ERROR] InnoDB: Page [page id: space=0, page number=355] log sequence number 353252 is in the future! Current system log sequence number 305740.
2026-04-16 19:02:14 0 [ERROR] InnoDB: Your database may be corrupt or you may have copied the InnoDB tablespace but not the InnoDB log files. Please refer to https://mariadb.com/kb/en/library/innodb-recovery-modes/ for information about forcing recovery.
2026-04-16 19:02:14 0 [ERROR] InnoDB: Page [page id: space=0, page number=219] log sequence number 358596 is in the future! Current system log sequence number 305740.
2026-04-16 19:02:14 0 [ERROR] InnoDB: Your database may be corrupt or you may have copied the InnoDB tablespace but not the InnoDB log files. Please refer to https://mariadb.com/kb/en/library/innodb-recovery-modes/ for information about forcing recovery.
2026-04-16 19:02:14 0 [ERROR] InnoDB: Page [page id: space=0, page number=356] log sequence number 358596 is in the future! Current system log sequence number 305740.
2026-04-16 19:02:14 0 [ERROR] InnoDB: Your database may be corrupt or you may have copied the InnoDB tablespace but not the InnoDB log files. Please refer to https://mariadb.com/kb/en/library/innodb-recovery-modes/ for information about forcing recovery.
2026-04-16 19:02:14 0 [ERROR] InnoDB: Page [page id: space=0, page number=220] log sequence number 358640 is in the future! Current system log sequence number 305740.
2026-04-16 19:02:14 0 [ERROR] InnoDB: Your database may be corrupt or you may have copied the InnoDB tablespace but not the InnoDB log files. Please refer to https://mariadb.com/kb/en/library/innodb-recovery-modes/ for information about forcing recovery.
2026-04-16 19:02:14 0 [ERROR] InnoDB: Page [page id: space=0, page number=357] log sequence number 358640 is in the future! Current system log sequence number 305740.
2026-04-16 19:02:14 0 [ERROR] InnoDB: Your database may be corrupt or you may have copied the InnoDB tablespace but not the InnoDB log files. Please refer to https://mariadb.com/kb/en/library/innodb-recovery-modes/ for information about forcing recovery.
2026-04-16 19:02:14 0 [ERROR] InnoDB: Page [page id: space=0, page number=221] log sequence number 358684 is in the future! Current system log sequence number 305740.
2026-04-16 19:02:14 0 [ERROR] InnoDB: Your database may be corrupt or you may have copied the InnoDB tablespace but not the InnoDB log files. Please refer to https://mariadb.com/kb/en/library/innodb-recovery-modes/ for information about forcing recovery.
2026-04-16 19:02:14 0 [ERROR] InnoDB: Page [page id: space=0, page number=358] log sequence number 358684 is in the future! Current system log sequence number 305740.
2026-04-16 19:02:14 0 [ERROR] InnoDB: Your database may be corrupt or you may have copied the InnoDB tablespace but not the InnoDB log files. Please refer to https://mariadb.com/kb/en/library/innodb-recovery-modes/ for information about forcing recovery.
2026-04-16 19:02:14 0 [ERROR] InnoDB: Page [page id: space=0, page number=222] log sequence number 358728 is in the future! Current system log sequence number 305740.
2026-04-16 19:02:14 0 [ERROR] InnoDB: Your database may be corrupt or you may have copied the InnoDB tablespace but not the InnoDB log files. Please refer to https://mariadb.com/kb/en/library/innodb-recovery-modes/ for information about forcing recovery.
2026-04-16 19:02:14 0 [ERROR] InnoDB: Page [page id: space=0, page number=359] log sequence number 358728 is in the future! Current system log sequence number 305740.
2026-04-16 19:02:14 0 [ERROR] InnoDB: Your database may be corrupt or you may have copied the InnoDB tablespace but not the InnoDB log files. Please refer to https://mariadb.com/kb/en/library/innodb-recovery-modes/ for information about forcing recovery.
2026-04-16 19:02:14 0 [ERROR] InnoDB: Page [page id: space=0, page number=223] log sequence number 358772 is in the future! Current system log sequence number 305740.
2026-04-16 19:02:14 0 [ERROR] InnoDB: Your database may be corrupt or you may have copied the InnoDB tablespace but not the InnoDB log files. Please refer to https://mariadb.com/kb/en/library/innodb-recovery-modes/ for information about forcing recovery.
2026-04-16 19:02:14 0 [ERROR] InnoDB: Page [page id: space=0, page number=360] log sequence number 358772 is in the future! Current system log sequence number 305740.
2026-04-16 19:02:14 0 [ERROR] InnoDB: Your database may be corrupt or you may have copied the InnoDB tablespace but not the InnoDB log files. Please refer to https://mariadb.com/kb/en/library/innodb-recovery-modes/ for information about forcing recovery.
2026-04-16 19:02:14 0 [ERROR] InnoDB: Page [page id: space=0, page number=224] log sequence number 358816 is in the future! Current system log sequence number 305740.
2026-04-16 19:02:14 0 [ERROR] InnoDB: Your database may be corrupt or you may have copied the InnoDB tablespace but not the InnoDB log files. Please refer to https://mariadb.com/kb/en/library/innodb-recovery-modes/ for information about forcing recovery.
2026-04-16 19:02:14 0 [ERROR] InnoDB: Page [page id: space=0, page number=361] log sequence number 358816 is in the future! Current system log sequence number 305740.
2026-04-16 19:02:14 0 [ERROR] InnoDB: Your database may be corrupt or you may have copied the InnoDB tablespace but not the InnoDB log files. Please refer to https://mariadb.com/kb/en/library/innodb-recovery-modes/ for information about forcing recovery.
2026-04-16 19:02:14 0 [ERROR] InnoDB: Page [page id: space=0, page number=225] log sequence number 358860 is in the future! Current system log sequence number 305740.
2026-04-16 19:02:14 0 [ERROR] InnoDB: Your database may be corrupt or you may have copied the InnoDB tablespace but not the InnoDB log files. Please refer to https://mariadb.com/kb/en/library/innodb-recovery-modes/ for information about forcing recovery.
2026-04-16 19:02:14 0 [ERROR] InnoDB: Page [page id: space=0, page number=362] log sequence number 358860 is in the future! Current system log sequence number 305740.
2026-04-16 19:02:14 0 [ERROR] InnoDB: Your database may be corrupt or you may have copied the InnoDB tablespace but not the InnoDB log files. Please refer to https://mariadb.com/kb/en/library/innodb-recovery-modes/ for information about forcing recovery.
2026-04-16 19:02:14 0 [ERROR] InnoDB: Page [page id: space=0, page number=226] log sequence number 358904 is in the future! Current system log sequence number 305740.
2026-04-16 19:02:14 0 [ERROR] InnoDB: Your database may be corrupt or you may have copied the InnoDB tablespace but not the InnoDB log files. Please refer to https://mariadb.com/kb/en/library/innodb-recovery-modes/ for information about forcing recovery.
2026-04-16 19:02:14 0 [ERROR] InnoDB: Page [page id: space=0, page number=363] log sequence number 358904 is in the future! Current system log sequence number 305740.
2026-04-16 19:02:14 0 [ERROR] InnoDB: Your database may be corrupt or you may have copied the InnoDB tablespace but not the InnoDB log files. Please refer to https://mariadb.com/kb/en/library/innodb-recovery-modes/ for information about forcing recovery.
2026-04-16 19:02:14 0 [ERROR] InnoDB: Page [page id: space=0, page number=227] log sequence number 358964 is in the future! Current system log sequence number 305740.
2026-04-16 19:02:14 0 [ERROR] InnoDB: Your database may be corrupt or you may have copied the InnoDB tablespace but not the InnoDB log files. Please refer to https://mariadb.com/kb/en/library/innodb-recovery-modes/ for information about forcing recovery.
2026-04-16 19:02:14 0 [ERROR] InnoDB: Page [page id: space=0, page number=364] log sequence number 358964 is in the future! Current system log sequence number 305740.
2026-04-16 19:02:14 0 [ERROR] InnoDB: Your database may be corrupt or you may have copied the InnoDB tablespace but not the InnoDB log files. Please refer to https://mariadb.com/kb/en/library/innodb-recovery-modes/ for information about forcing recovery.
2026-04-16 19:02:14 0 [ERROR] InnoDB: Page [page id: space=0, page number=228] log sequence number 364909 is in the future! Current system log sequence number 305740.
2026-04-16 19:02:14 0 [ERROR] InnoDB: Your database may be corrupt or you may have copied the InnoDB tablespace but not the InnoDB log files. Please refer to https://mariadb.com/kb/en/library/innodb-recovery-modes/ for information about forcing recovery.
2026-04-16 19:02:14 0 [ERROR] InnoDB: Page [page id: space=0, page number=365] log sequence number 364909 is in the future! Current system log sequence number 305740.
2026-04-16 19:02:14 0 [ERROR] InnoDB: Your database may be corrupt or you may have copied the InnoDB tablespace but not the InnoDB log files. Please refer to https://mariadb.com/kb/en/library/innodb-recovery-modes/ for information about forcing recovery.
2026-04-16 19:02:14 0 [ERROR] InnoDB: Page [page id: space=0, page number=229] log sequence number 364953 is in the future! Current system log sequence number 305740.
2026-04-16 19:02:14 0 [ERROR] InnoDB: Your database may be corrupt or you may have copied the InnoDB tablespace but not the InnoDB log files. Please refer to https://mariadb.com/kb/en/library/innodb-recovery-modes/ for information about forcing recovery.
2026-04-16 19:02:14 0 [ERROR] InnoDB: Page [page id: space=0, page number=366] log sequence number 364953 is in the future! Current system log sequence number 305740.
2026-04-16 19:02:14 0 [ERROR] InnoDB: Your database may be corrupt or you may have copied the InnoDB tablespace but not the InnoDB log files. Please refer to https://mariadb.com/kb/en/library/innodb-recovery-modes/ for information about forcing recovery.
2026-04-16 19:02:14 0 [ERROR] InnoDB: Page [page id: space=0, page number=230] log sequence number 364997 is in the future! Current system log sequence number 305740.
2026-04-16 19:02:14 0 [ERROR] InnoDB: Your database may be corrupt or you may have copied the InnoDB tablespace but not the InnoDB log files. Please refer to https://mariadb.com/kb/en/library/innodb-recovery-modes/ for information about forcing recovery.
2026-04-16 19:02:14 0 [ERROR] InnoDB: Page [page id: space=0, page number=367] log sequence number 364997 is in the future! Current system log sequence number 305740.
2026-04-16 19:02:14 0 [ERROR] InnoDB: Your database may be corrupt or you may have copied the InnoDB tablespace but not the InnoDB log files. Please refer to https://mariadb.com/kb/en/library/innodb-recovery-modes/ for information about forcing recovery.
2026-04-16 19:02:14 0 [ERROR] InnoDB: Page [page id: space=0, page number=231] log sequence number 365041 is in the future! Current system log sequence number 305740.
2026-04-16 19:02:14 0 [ERROR] InnoDB: Your database may be corrupt or you may have copied the InnoDB tablespace but not the InnoDB log files. Please refer to https://mariadb.com/kb/en/library/innodb-recovery-modes/ for information about forcing recovery.
2026-04-16 19:02:14 0 [ERROR] InnoDB: Page [page id: space=0, page number=368] log sequence number 365041 is in the future! Current system log sequence number 305740.
2026-04-16 19:02:14 0 [ERROR] InnoDB: Your database may be corrupt or you may have copied the InnoDB tablespace but not the InnoDB log files. Please refer to https://mariadb.com/kb/en/library/innodb-recovery-modes/ for information about forcing recovery.
2026-04-16 19:02:14 0 [ERROR] InnoDB: Page [page id: space=0, page number=232] log sequence number 365101 is in the future! Current system log sequence number 305740.
2026-04-16 19:02:14 0 [ERROR] InnoDB: Your database may be corrupt or you may have copied the InnoDB tablespace but not the InnoDB log files. Please refer to https://mariadb.com/kb/en/library/innodb-recovery-modes/ for information about forcing recovery.
2026-04-16 19:02:14 0 [ERROR] InnoDB: Page [page id: space=0, page number=373] log sequence number 365101 is in the future! Current system log sequence number 305740.
2026-04-16 19:02:14 0 [ERROR] InnoDB: Your database may be corrupt or you may have copied the InnoDB tablespace but not the InnoDB log files. Please refer to https://mariadb.com/kb/en/library/innodb-recovery-modes/ for information about forcing recovery.
2026-04-16 19:02:14 0 [ERROR] InnoDB: Page [page id: space=0, page number=233] log sequence number 365145 is in the future! Current system log sequence number 305740.
2026-04-16 19:02:14 0 [ERROR] InnoDB: Your database may be corrupt or you may have copied the InnoDB tablespace but not the InnoDB log files. Please refer to https://mariadb.com/kb/en/library/innodb-recovery-modes/ for information about forcing recovery.
2026-04-16 19:02:14 0 [ERROR] InnoDB: Page [page id: space=0, page number=374] log sequence number 365145 is in the future! Current system log sequence number 305740.
2026-04-16 19:02:14 0 [ERROR] InnoDB: Your database may be corrupt or you may have copied the InnoDB tablespace but not the InnoDB log files. Please refer to https://mariadb.com/kb/en/library/innodb-recovery-modes/ for information about forcing recovery.
2026-04-16 19:02:14 0 [ERROR] InnoDB: Page [page id: space=0, page number=234] log sequence number 365189 is in the future! Current system log sequence number 305740.
2026-04-16 19:02:14 0 [ERROR] InnoDB: Your database may be corrupt or you may have copied the InnoDB tablespace but not the InnoDB log files. Please refer to https://mariadb.com/kb/en/library/innodb-recovery-modes/ for information about forcing recovery.
2026-04-16 19:02:14 0 [ERROR] InnoDB: Page [page id: space=0, page number=375] log sequence number 365189 is in the future! Current system log sequence number 305740.
2026-04-16 19:02:14 0 [ERROR] InnoDB: Your database may be corrupt or you may have copied the InnoDB tablespace but not the InnoDB log files. Please refer to https://mariadb.com/kb/en/library/innodb-recovery-modes/ for information about forcing recovery.
2026-04-16 19:02:14 0 [ERROR] InnoDB: Page [page id: space=0, page number=235] log sequence number 365233 is in the future! Current system log sequence number 305740.
2026-04-16 19:02:14 0 [ERROR] InnoDB: Your database may be corrupt or you may have copied the InnoDB tablespace but not the InnoDB log files. Please refer to https://mariadb.com/kb/en/library/innodb-recovery-modes/ for information about forcing recovery.
2026-04-16 19:02:14 0 [ERROR] InnoDB: Page [page id: space=0, page number=376] log sequence number 365233 is in the future! Current system log sequence number 305740.
2026-04-16 19:02:14 0 [ERROR] InnoDB: Your database may be corrupt or you may have copied the InnoDB tablespace but not the InnoDB log files. Please refer to https://mariadb.com/kb/en/library/innodb-recovery-modes/ for information about forcing recovery.
2026-04-16 19:02:14 0 [ERROR] InnoDB: Page [page id: space=0, page number=236] log sequence number 365277 is in the future! Current system log sequence number 305740.
2026-04-16 19:02:14 0 [ERROR] InnoDB: Your database may be corrupt or you may have copied the InnoDB tablespace but not the InnoDB log files. Please refer to https://mariadb.com/kb/en/library/innodb-recovery-modes/ for information about forcing recovery.
2026-04-16 19:02:14 0 [ERROR] InnoDB: Page [page id: space=0, page number=431] log sequence number 365277 is in the future! Current system log sequence number 305740.
2026-04-16 19:02:14 0 [ERROR] InnoDB: Your database may be corrupt or you may have copied the InnoDB tablespace but not the InnoDB log files. Please refer to https://mariadb.com/kb/en/library/innodb-recovery-modes/ for information about forcing recovery.
2026-04-16 19:02:14 0 [ERROR] InnoDB: Page [page id: space=0, page number=237] log sequence number 365321 is in the future! Current system log sequence number 305740.
2026-04-16 19:02:14 0 [ERROR] InnoDB: Your database may be corrupt or you may have copied the InnoDB tablespace but not the InnoDB log files. Please refer to https://mariadb.com/kb/en/library/innodb-recovery-modes/ for information about forcing recovery.
2026-04-16 19:02:14 0 [ERROR] InnoDB: Page [page id: space=0, page number=377] log sequence number 365321 is in the future! Current system log sequence number 305740.
2026-04-16 19:02:14 0 [ERROR] InnoDB: Your database may be corrupt or you may have copied the InnoDB tablespace but not the InnoDB log files. Please refer to https://mariadb.com/kb/en/library/innodb-recovery-modes/ for information about forcing recovery.
2026-04-16 19:02:14 0 [ERROR] InnoDB: Page [page id: space=0, page number=238] log sequence number 365365 is in the future! Current system log sequence number 305740.
2026-04-16 19:02:14 0 [ERROR] InnoDB: Your database may be corrupt or you may have copied the InnoDB tablespace but not the InnoDB log files. Please refer to https://mariadb.com/kb/en/library/innodb-recovery-modes/ for information about forcing recovery.
2026-04-16 19:02:14 0 [ERROR] InnoDB: Page [page id: space=0, page number=378] log sequence number 365365 is in the future! Current system log sequence number 305740.
2026-04-16 19:02:14 0 [ERROR] InnoDB: Your database may be corrupt or you may have copied the InnoDB tablespace but not the InnoDB log files. Please refer to https://mariadb.com/kb/en/library/innodb-recovery-modes/ for information about forcing recovery.
2026-04-16 19:02:14 0 [ERROR] InnoDB: Page [page id: space=0, page number=239] log sequence number 370749 is in the future! Current system log sequence number 305740.
2026-04-16 19:02:14 0 [ERROR] InnoDB: Your database may be corrupt or you may have copied the InnoDB tablespace but not the InnoDB log files. Please refer to https://mariadb.com/kb/en/library/innodb-recovery-modes/ for information about forcing recovery.
2026-04-16 19:02:14 0 [ERROR] InnoDB: Page [page id: space=0, page number=379] log sequence number 370749 is in the future! Current system log sequence number 305740.
2026-04-16 19:02:14 0 [ERROR] InnoDB: Your database may be corrupt or you may have copied the InnoDB tablespace but not the InnoDB log files. Please refer to https://mariadb.com/kb/en/library/innodb-recovery-modes/ for information about forcing recovery.
2026-04-16 19:02:14 0 [ERROR] InnoDB: Page [page id: space=0, page number=240] log sequence number 370793 is in the future! Current system log sequence number 305740.
2026-04-16 19:02:14 0 [ERROR] InnoDB: Your database may be corrupt or you may have copied the InnoDB tablespace but not the InnoDB log files. Please refer to https://mariadb.com/kb/en/library/innodb-recovery-modes/ for information about forcing recovery.
2026-04-16 19:02:14 0 [ERROR] InnoDB: Page [page id: space=0, page number=369] log sequence number 370793 is in the future! Current system log sequence number 305740.
2026-04-16 19:02:14 0 [ERROR] InnoDB: Your database may be corrupt or you may have copied the InnoDB tablespace but not the InnoDB log files. Please refer to https://mariadb.com/kb/en/library/innodb-recovery-modes/ for information about forcing recovery.
2026-04-16 19:02:14 0 [ERROR] InnoDB: Page [page id: space=0, page number=241] log sequence number 370837 is in the future! Current system log sequence number 305740.
2026-04-16 19:02:14 0 [ERROR] InnoDB: Your database may be corrupt or you may have copied the InnoDB tablespace but not the InnoDB log files. Please refer to https://mariadb.com/kb/en/library/innodb-recovery-modes/ for information about forcing recovery.
2026-04-16 19:02:14 0 [ERROR] InnoDB: Page [page id: space=0, page number=380] log sequence number 370837 is in the future! Current system log sequence number 305740.
2026-04-16 19:02:14 0 [ERROR] InnoDB: Your database may be corrupt or you may have copied the InnoDB tablespace but not the InnoDB log files. Please refer to https://mariadb.com/kb/en/library/innodb-recovery-modes/ for information about forcing recovery.
2026-04-16 19:02:14 0 [ERROR] InnoDB: Page [page id: space=0, page number=242] log sequence number 370881 is in the future! Current system log sequence number 305740.
2026-04-16 19:02:14 0 [ERROR] InnoDB: Your database may be corrupt or you may have copied the InnoDB tablespace but not the InnoDB log files. Please refer to https://mariadb.com/kb/en/library/innodb-recovery-modes/ for information about forcing recovery.
2026-04-16 19:02:14 0 [ERROR] InnoDB: Page [page id: space=0, page number=381] log sequence number 370881 is in the future! Current system log sequence number 305740.
2026-04-16 19:02:14 0 [ERROR] InnoDB: Your database may be corrupt or you may have copied the InnoDB tablespace but not the InnoDB log files. Please refer to https://mariadb.com/kb/en/library/innodb-recovery-modes/ for information about forcing recovery.
2026-04-16 19:02:14 0 [ERROR] InnoDB: Page [page id: space=0, page number=244] log sequence number 370925 is in the future! Current system log sequence number 305740.
2026-04-16 19:02:14 0 [ERROR] InnoDB: Your database may be corrupt or you may have copied the InnoDB tablespace but not the InnoDB log files. Please refer to https://mariadb.com/kb/en/library/innodb-recovery-modes/ for information about forcing recovery.
2026-04-16 19:02:14 0 [ERROR] InnoDB: Page [page id: space=0, page number=384] log sequence number 370925 is in the future! Current system log sequence number 305740.
2026-04-16 19:02:14 0 [ERROR] InnoDB: Your database may be corrupt or you may have copied the InnoDB tablespace but not the InnoDB log files. Please refer to https://mariadb.com/kb/en/library/innodb-recovery-modes/ for information about forcing recovery.
2026-04-16 19:02:14 0 [ERROR] InnoDB: Page [page id: space=0, page number=245] log sequence number 370969 is in the future! Current system log sequence number 305740.
2026-04-16 19:02:14 0 [ERROR] InnoDB: Your database may be corrupt or you may have copied the InnoDB tablespace but not the InnoDB log files. Please refer to https://mariadb.com/kb/en/library/innodb-recovery-modes/ for information about forcing recovery.
2026-04-16 19:02:14 0 [ERROR] InnoDB: Page [page id: space=0, page number=382] log sequence number 370969 is in the future! Current system log sequence number 305740.
2026-04-16 19:02:14 0 [ERROR] InnoDB: Your database may be corrupt or you may have copied the InnoDB tablespace but not the InnoDB log files. Please refer to https://mariadb.com/kb/en/library/innodb-recovery-modes/ for information about forcing recovery.
2026-04-16 19:02:14 0 [ERROR] InnoDB: Page [page id: space=0, page number=246] log sequence number 371013 is in the future! Current system log sequence number 305740.
2026-04-16 19:02:14 0 [ERROR] InnoDB: Your database may be corrupt or you may have copied the InnoDB tablespace but not the InnoDB log files. Please refer to https://mariadb.com/kb/en/library/innodb-recovery-modes/ for information about forcing recovery.
2026-04-16 19:02:14 0 [ERROR] InnoDB: Page [page id: space=0, page number=383] log sequence number 371013 is in the future! Current system log sequence number 305740.
2026-04-16 19:02:14 0 [ERROR] InnoDB: Your database may be corrupt or you may have copied the InnoDB tablespace but not the InnoDB log files. Please refer to https://mariadb.com/kb/en/library/innodb-recovery-modes/ for information about forcing recovery.
2026-04-16 19:02:14 0 [ERROR] InnoDB: Page [page id: space=0, page number=247] log sequence number 371057 is in the future! Current system log sequence number 305740.
2026-04-16 19:02:14 0 [ERROR] InnoDB: Your database may be corrupt or you may have copied the InnoDB tablespace but not the InnoDB log files. Please refer to https://mariadb.com/kb/en/library/innodb-recovery-modes/ for information about forcing recovery.
2026-04-16 19:02:14 0 [ERROR] InnoDB: Page [page id: space=0, page number=432] log sequence number 371057 is in the future! Current system log sequence number 305740.
2026-04-16 19:02:14 0 [ERROR] InnoDB: Your database may be corrupt or you may have copied the InnoDB tablespace but not the InnoDB log files. Please refer to https://mariadb.com/kb/en/library/innodb-recovery-modes/ for information about forcing recovery.
2026-04-16 19:02:14 0 [ERROR] InnoDB: Page [page id: space=0, page number=248] log sequence number 371101 is in the future! Current system log sequence number 305740.
2026-04-16 19:02:14 0 [ERROR] InnoDB: Your database may be corrupt or you may have copied the InnoDB tablespace but not the InnoDB log files. Please refer to https://mariadb.com/kb/en/library/innodb-recovery-modes/ for information about forcing recovery.
2026-04-16 19:02:14 0 [ERROR] InnoDB: Page [page id: space=0, page number=385] log sequence number 371101 is in the future! Current system log sequence number 305740.
2026-04-16 19:02:14 0 [ERROR] InnoDB: Your database may be corrupt or you may have copied the InnoDB tablespace but not the InnoDB log files. Please refer to https://mariadb.com/kb/en/library/innodb-recovery-modes/ for information about forcing recovery.
2026-04-16 19:02:14 0 [ERROR] InnoDB: Page [page id: space=0, page number=249] log sequence number 376354 is in the future! Current system log sequence number 305740.
2026-04-16 19:02:14 0 [ERROR] InnoDB: Your database may be corrupt or you may have copied the InnoDB tablespace but not the InnoDB log files. Please refer to https://mariadb.com/kb/en/library/innodb-recovery-modes/ for information about forcing recovery.
2026-04-16 19:02:14 0 [ERROR] InnoDB: Page [page id: space=0, page number=370] log sequence number 376354 is in the future! Current system log sequence number 305740.
2026-04-16 19:02:14 0 [ERROR] InnoDB: Your database may be corrupt or you may have copied the InnoDB tablespace but not the InnoDB log files. Please refer to https://mariadb.com/kb/en/library/innodb-recovery-modes/ for information about forcing recovery.
2026-04-16 19:02:14 0 [ERROR] InnoDB: Page [page id: space=0, page number=250] log sequence number 376398 is in the future! Current system log sequence number 305740.
2026-04-16 19:02:14 0 [ERROR] InnoDB: Your database may be corrupt or you may have copied the InnoDB tablespace but not the InnoDB log files. Please refer to https://mariadb.com/kb/en/library/innodb-recovery-modes/ for information about forcing recovery.
2026-04-16 19:02:14 0 [ERROR] InnoDB: Page [page id: space=0, page number=371] log sequence number 376398 is in the future! Current system log sequence number 305740.
2026-04-16 19:02:14 0 [ERROR] InnoDB: Your database may be corrupt or you may have copied the InnoDB tablespace but not the InnoDB log files. Please refer to https://mariadb.com/kb/en/library/innodb-recovery-modes/ for information about forcing recovery.
2026-04-16 19:02:14 0 [ERROR] InnoDB: Page [page id: space=0, page number=251] log sequence number 376442 is in the future! Current system log sequence number 305740.
2026-04-16 19:02:14 0 [ERROR] InnoDB: Your database may be corrupt or you may have copied the InnoDB tablespace but not the InnoDB log files. Please refer to https://mariadb.com/kb/en/library/innodb-recovery-modes/ for information about forcing recovery.
2026-04-16 19:02:14 0 [ERROR] InnoDB: Page [page id: space=0, page number=386] log sequence number 376442 is in the future! Current system log sequence number 305740.
2026-04-16 19:02:14 0 [ERROR] InnoDB: Your database may be corrupt or you may have copied the InnoDB tablespace but not the InnoDB log files. Please refer to https://mariadb.com/kb/en/library/innodb-recovery-modes/ for information about forcing recovery.
2026-04-16 19:02:14 0 [ERROR] InnoDB: Page [page id: space=0, page number=252] log sequence number 376486 is in the future! Current system log sequence number 305740.
2026-04-16 19:02:14 0 [ERROR] InnoDB: Your database may be corrupt or you may have copied the InnoDB tablespace but not the InnoDB log files. Please refer to https://mariadb.com/kb/en/library/innodb-recovery-modes/ for information about forcing recovery.
2026-04-16 19:02:14 0 [ERROR] InnoDB: Page [page id: space=0, page number=387] log sequence number 376486 is in the future! Current system log sequence number 305740.
2026-04-16 19:02:14 0 [ERROR] InnoDB: Your database may be corrupt or you may have copied the InnoDB tablespace but not the InnoDB log files. Please refer to https://mariadb.com/kb/en/library/innodb-recovery-modes/ for information about forcing recovery.
2026-04-16 19:02:14 0 [ERROR] InnoDB: Page [page id: space=0, page number=253] log sequence number 376530 is in the future! Current system log sequence number 305740.
2026-04-16 19:02:14 0 [ERROR] InnoDB: Your database may be corrupt or you may have copied the InnoDB tablespace but not the InnoDB log files. Please refer to https://mariadb.com/kb/en/library/innodb-recovery-modes/ for information about forcing recovery.
2026-04-16 19:02:14 0 [ERROR] InnoDB: Page [page id: space=0, page number=372] log sequence number 376530 is in the future! Current system log sequence number 305740.
2026-04-16 19:02:14 0 [ERROR] InnoDB: Your database may be corrupt or you may have copied the InnoDB tablespace but not the InnoDB log files. Please refer to https://mariadb.com/kb/en/library/innodb-recovery-modes/ for information about forcing recovery.
2026-04-16 19:02:14 0 [ERROR] InnoDB: Page [page id: space=0, page number=254] log sequence number 376574 is in the future! Current system log sequence number 305740.
2026-04-16 19:02:14 0 [ERROR] InnoDB: Your database may be corrupt or you may have copied the InnoDB tablespace but not the InnoDB log files. Please refer to https://mariadb.com/kb/en/library/innodb-recovery-modes/ for information about forcing recovery.
2026-04-16 19:02:14 0 [ERROR] InnoDB: Page [page id: space=0, page number=388] log sequence number 376574 is in the future! Current system log sequence number 305740.
2026-04-16 19:02:14 0 [ERROR] InnoDB: Your database may be corrupt or you may have copied the InnoDB tablespace but not the InnoDB log files. Please refer to https://mariadb.com/kb/en/library/innodb-recovery-modes/ for information about forcing recovery.
2026-04-16 19:02:14 0 [ERROR] InnoDB: Page [page id: space=0, page number=255] log sequence number 376618 is in the future! Current system log sequence number 305740.
2026-04-16 19:02:14 0 [ERROR] InnoDB: Your database may be corrupt or you may have copied the InnoDB tablespace but not the InnoDB log files. Please refer to https://mariadb.com/kb/en/library/innodb-recovery-modes/ for information about forcing recovery.
2026-04-16 19:02:14 0 [ERROR] InnoDB: Page [page id: space=0, page number=389] log sequence number 376618 is in the future! Current system log sequence number 305740.
2026-04-16 19:02:14 0 [ERROR] InnoDB: Your database may be corrupt or you may have copied the InnoDB tablespace but not the InnoDB log files. Please refer to https://mariadb.com/kb/en/library/innodb-recovery-modes/ for information about forcing recovery.
2026-04-16 19:02:14 0 [ERROR] InnoDB: Page [page id: space=0, page number=256] log sequence number 376662 is in the future! Current system log sequence number 305740.
2026-04-16 19:02:14 0 [ERROR] InnoDB: Your database may be corrupt or you may have copied the InnoDB tablespace but not the InnoDB log files. Please refer to https://mariadb.com/kb/en/library/innodb-recovery-modes/ for information about forcing recovery.
2026-04-16 19:02:14 0 [ERROR] InnoDB: Page [page id: space=0, page number=390] log sequence number 376662 is in the future! Current system log sequence number 305740.
2026-04-16 19:02:14 0 [ERROR] InnoDB: Your database may be corrupt or you may have copied the InnoDB tablespace but not the InnoDB log files. Please refer to https://mariadb.com/kb/en/library/innodb-recovery-modes/ for information about forcing recovery.
2026-04-16 19:02:14 0 [ERROR] InnoDB: Page [page id: space=0, page number=257] log sequence number 376706 is in the future! Current system log sequence number 305740.
2026-04-16 19:02:14 0 [ERROR] InnoDB: Your database may be corrupt or you may have copied the InnoDB tablespace but not the InnoDB log files. Please refer to https://mariadb.com/kb/en/library/innodb-recovery-modes/ for information about forcing recovery.
2026-04-16 19:02:14 0 [ERROR] InnoDB: Page [page id: space=0, page number=391] log sequence number 376706 is in the future! Current system log sequence number 305740.
2026-04-16 19:02:14 0 [ERROR] InnoDB: Your database may be corrupt or you may have copied the InnoDB tablespace but not the InnoDB log files. Please refer to https://mariadb.com/kb/en/library/innodb-recovery-modes/ for information about forcing recovery.
2026-04-16 19:02:14 0 [ERROR] InnoDB: Page [page id: space=0, page number=258] log sequence number 382629 is in the future! Current system log sequence number 305740.
2026-04-16 19:02:14 0 [ERROR] InnoDB: Your database may be corrupt or you may have copied the InnoDB tablespace but not the InnoDB log files. Please refer to https://mariadb.com/kb/en/library/innodb-recovery-modes/ for information about forcing recovery.
2026-04-16 19:02:14 0 [ERROR] InnoDB: Page [page id: space=0, page number=392] log sequence number 382629 is in the future! Current system log sequence number 305740.
2026-04-16 19:02:14 0 [ERROR] InnoDB: Your database may be corrupt or you may have copied the InnoDB tablespace but not the InnoDB log files. Please refer to https://mariadb.com/kb/en/library/innodb-recovery-modes/ for information about forcing recovery.
2026-04-16 19:02:14 0 [ERROR] InnoDB: Page [page id: space=0, page number=259] log sequence number 382673 is in the future! Current system log sequence number 305740.
2026-04-16 19:02:14 0 [ERROR] InnoDB: Your database may be corrupt or you may have copied the InnoDB tablespace but not the InnoDB log files. Please refer to https://mariadb.com/kb/en/library/innodb-recovery-modes/ for information about forcing recovery.
2026-04-16 19:02:14 0 [ERROR] InnoDB: Page [page id: space=0, page number=393] log sequence number 382673 is in the future! Current system log sequence number 305740.
2026-04-16 19:02:14 0 [ERROR] InnoDB: Your database may be corrupt or you may have copied the InnoDB tablespace but not the InnoDB log files. Please refer to https://mariadb.com/kb/en/library/innodb-recovery-modes/ for information about forcing recovery.
2026-04-16 19:02:14 0 [ERROR] InnoDB: Page [page id: space=0, page number=260] log sequence number 382717 is in the future! Current system log sequence number 305740.
2026-04-16 19:02:14 0 [ERROR] InnoDB: Your database may be corrupt or you may have copied the InnoDB tablespace but not the InnoDB log files. Please refer to https://mariadb.com/kb/en/library/innodb-recovery-modes/ for information about forcing recovery.
2026-04-16 19:02:14 0 [ERROR] InnoDB: Page [page id: space=0, page number=396] log sequence number 382717 is in the future! Current system log sequence number 305740.
2026-04-16 19:02:14 0 [ERROR] InnoDB: Your database may be corrupt or you may have copied the InnoDB tablespace but not the InnoDB log files. Please refer to https://mariadb.com/kb/en/library/innodb-recovery-modes/ for information about forcing recovery.
2026-04-16 19:02:14 0 [ERROR] InnoDB: Page [page id: space=0, page number=261] log sequence number 382761 is in the future! Current system log sequence number 305740.
2026-04-16 19:02:14 0 [ERROR] InnoDB: Your database may be corrupt or you may have copied the InnoDB tablespace but not the InnoDB log files. Please refer to https://mariadb.com/kb/en/library/innodb-recovery-modes/ for information about forcing recovery.
2026-04-16 19:02:14 0 [ERROR] InnoDB: Page [page id: space=0, page number=394] log sequence number 382761 is in the future! Current system log sequence number 305740.
2026-04-16 19:02:14 0 [ERROR] InnoDB: Your database may be corrupt or you may have copied the InnoDB tablespace but not the InnoDB log files. Please refer to https://mariadb.com/kb/en/library/innodb-recovery-modes/ for information about forcing recovery.
2026-04-16 19:02:14 0 [ERROR] InnoDB: Page [page id: space=0, page number=262] log sequence number 382805 is in the future! Current system log sequence number 305740.
2026-04-16 19:02:14 0 [ERROR] InnoDB: Your database may be corrupt or you may have copied the InnoDB tablespace but not the InnoDB log files. Please refer to https://mariadb.com/kb/en/library/innodb-recovery-modes/ for information about forcing recovery.
2026-04-16 19:02:14 0 [ERROR] InnoDB: Page [page id: space=0, page number=395] log sequence number 382805 is in the future! Current system log sequence number 305740.
2026-04-16 19:02:14 0 [ERROR] InnoDB: Your database may be corrupt or you may have copied the InnoDB tablespace but not the InnoDB log files. Please refer to https://mariadb.com/kb/en/library/innodb-recovery-modes/ for information about forcing recovery.
2026-04-16 19:02:14 0 [ERROR] InnoDB: Page [page id: space=0, page number=263] log sequence number 382849 is in the future! Current system log sequence number 305740.
2026-04-16 19:02:14 0 [ERROR] InnoDB: Your database may be corrupt or you may have copied the InnoDB tablespace but not the InnoDB log files. Please refer to https://mariadb.com/kb/en/library/innodb-recovery-modes/ for information about forcing recovery.
2026-04-16 19:02:14 0 [ERROR] InnoDB: Page [page id: space=0, page number=433] log sequence number 382849 is in the future! Current system log sequence number 305740.
2026-04-16 19:02:14 0 [ERROR] InnoDB: Your database may be corrupt or you may have copied the InnoDB tablespace but not the InnoDB log files. Please refer to https://mariadb.com/kb/en/library/innodb-recovery-modes/ for information about forcing recovery.
2026-04-16 19:02:14 0 [ERROR] InnoDB: Page [page id: space=0, page number=264] log sequence number 382893 is in the future! Current system log sequence number 305740.
2026-04-16 19:02:14 0 [ERROR] InnoDB: Your database may be corrupt or you may have copied the InnoDB tablespace but not the InnoDB log files. Please refer to https://mariadb.com/kb/en/library/innodb-recovery-modes/ for information about forcing recovery.
2026-04-16 19:02:14 0 [ERROR] InnoDB: Page [page id: space=0, page number=397] log sequence number 382893 is in the future! Current system log sequence number 305740.
2026-04-16 19:02:14 0 [ERROR] InnoDB: Your database may be corrupt or you may have copied the InnoDB tablespace but not the InnoDB log files. Please refer to https://mariadb.com/kb/en/library/innodb-recovery-modes/ for information about forcing recovery.
2026-04-16 19:02:14 0 [ERROR] InnoDB: Page [page id: space=0, page number=265] log sequence number 382937 is in the future! Current system log sequence number 305740.
2026-04-16 19:02:14 0 [ERROR] InnoDB: Your database may be corrupt or you may have copied the InnoDB tablespace but not the InnoDB log files. Please refer to https://mariadb.com/kb/en/library/innodb-recovery-modes/ for information about forcing recovery.
2026-04-16 19:02:14 0 [ERROR] InnoDB: Page [page id: space=0, page number=398] log sequence number 382937 is in the future! Current system log sequence number 305740.
2026-04-16 19:02:14 0 [ERROR] InnoDB: Your database may be corrupt or you may have copied the InnoDB tablespace but not the InnoDB log files. Please refer to https://mariadb.com/kb/en/library/innodb-recovery-modes/ for information about forcing recovery.
2026-04-16 19:02:14 0 [ERROR] InnoDB: Page [page id: space=0, page number=266] log sequence number 382997 is in the future! Current system log sequence number 305740.
2026-04-16 19:02:14 0 [ERROR] InnoDB: Your database may be corrupt or you may have copied the InnoDB tablespace but not the InnoDB log files. Please refer to https://mariadb.com/kb/en/library/innodb-recovery-modes/ for information about forcing recovery.
2026-04-16 19:02:14 0 [ERROR] InnoDB: Page [page id: space=0, page number=434] log sequence number 382997 is in the future! Current system log sequence number 305740.
2026-04-16 19:02:14 0 [ERROR] InnoDB: Your database may be corrupt or you may have copied the InnoDB tablespace but not the InnoDB log files. Please refer to https://mariadb.com/kb/en/library/innodb-recovery-modes/ for information about forcing recovery.
2026-04-16 19:02:14 0 [ERROR] InnoDB: Page [page id: space=0, page number=269] log sequence number 359334 is in the future! Current system log sequence number 305740.
2026-04-16 19:02:14 0 [ERROR] InnoDB: Your database may be corrupt or you may have copied the InnoDB tablespace but not the InnoDB log files. Please refer to https://mariadb.com/kb/en/library/innodb-recovery-modes/ for information about forcing recovery.
2026-04-16 19:02:14 0 [ERROR] InnoDB: Page [page id: space=0, page number=400] log sequence number 359334 is in the future! Current system log sequence number 305740.
2026-04-16 19:02:14 0 [ERROR] InnoDB: Your database may be corrupt or you may have copied the InnoDB tablespace but not the InnoDB log files. Please refer to https://mariadb.com/kb/en/library/innodb-recovery-modes/ for information about forcing recovery.
2026-04-16 19:02:14 0 [ERROR] InnoDB: Page [page id: space=0, page number=270] log sequence number 359378 is in the future! Current system log sequence number 305740.
2026-04-16 19:02:14 0 [ERROR] InnoDB: Your database may be corrupt or you may have copied the InnoDB tablespace but not the InnoDB log files. Please refer to https://mariadb.com/kb/en/library/innodb-recovery-modes/ for information about forcing recovery.
2026-04-16 19:02:14 0 [ERROR] InnoDB: Page [page id: space=0, page number=401] log sequence number 359378 is in the future! Current system log sequence number 305740.
2026-04-16 19:02:14 0 [ERROR] InnoDB: Your database may be corrupt or you may have copied the InnoDB tablespace but not the InnoDB log files. Please refer to https://mariadb.com/kb/en/library/innodb-recovery-modes/ for information about forcing recovery.
2026-04-16 19:02:14 0 [ERROR] InnoDB: Page [page id: space=0, page number=271] log sequence number 360018 is in the future! Current system log sequence number 305740.
2026-04-16 19:02:14 0 [ERROR] InnoDB: Your database may be corrupt or you may have copied the InnoDB tablespace but not the InnoDB log files. Please refer to https://mariadb.com/kb/en/library/innodb-recovery-modes/ for information about forcing recovery.
2026-04-16 19:02:14 0 [ERROR] InnoDB: Page [page id: space=0, page number=402] log sequence number 360018 is in the future! Current system log sequence number 305740.
2026-04-16 19:02:14 0 [ERROR] InnoDB: Your database may be corrupt or you may have copied the InnoDB tablespace but not the InnoDB log files. Please refer to https://mariadb.com/kb/en/library/innodb-recovery-modes/ for information about forcing recovery.
2026-04-16 19:02:14 0 [ERROR] InnoDB: Page [page id: space=0, page number=273] log sequence number 373289 is in the future! Current system log sequence number 305740.
2026-04-16 19:02:14 0 [ERROR] InnoDB: Your database may be corrupt or you may have copied the InnoDB tablespace but not the InnoDB log files. Please refer to https://mariadb.com/kb/en/library/innodb-recovery-modes/ for information about forcing recovery.
2026-04-16 19:02:14 0 [ERROR] InnoDB: Page [page id: space=0, page number=403] log sequence number 373289 is in the future! Current system log sequence number 305740.
2026-04-16 19:02:14 0 [ERROR] InnoDB: Your database may be corrupt or you may have copied the InnoDB tablespace but not the InnoDB log files. Please refer to https://mariadb.com/kb/en/library/innodb-recovery-modes/ for information about forcing recovery.
2026-04-16 19:02:14 0 [ERROR] InnoDB: Page [page id: space=0, page number=275] log sequence number 373333 is in the future! Current system log sequence number 305740.
2026-04-16 19:02:14 0 [ERROR] InnoDB: Your database may be corrupt or you may have copied the InnoDB tablespace but not the InnoDB log files. Please refer to https://mariadb.com/kb/en/library/innodb-recovery-modes/ for information about forcing recovery.
2026-04-16 19:02:14 0 [ERROR] InnoDB: Page [page id: space=0, page number=404] log sequence number 373333 is in the future! Current system log sequence number 305740.
2026-04-16 19:02:14 0 [ERROR] InnoDB: Your database may be corrupt or you may have copied the InnoDB tablespace but not the InnoDB log files. Please refer to https://mariadb.com/kb/en/library/innodb-recovery-modes/ for information about forcing recovery.
2026-04-16 19:02:14 0 [ERROR] InnoDB: Page [page id: space=0, page number=276] log sequence number 373377 is in the future! Current system log sequence number 305740.
2026-04-16 19:02:14 0 [ERROR] InnoDB: Your database may be corrupt or you may have copied the InnoDB tablespace but not the InnoDB log files. Please refer to https://mariadb.com/kb/en/library/innodb-recovery-modes/ for information about forcing recovery.
2026-04-16 19:02:14 0 [ERROR] InnoDB: Page [page id: space=0, page number=405] log sequence number 373377 is in the future! Current system log sequence number 305740.
2026-04-16 19:02:14 0 [ERROR] InnoDB: Your database may be corrupt or you may have copied the InnoDB tablespace but not the InnoDB log files. Please refer to https://mariadb.com/kb/en/library/innodb-recovery-modes/ for information about forcing recovery.
2026-04-16 19:02:14 0 [ERROR] InnoDB: Page [page id: space=0, page number=277] log sequence number 373421 is in the future! Current system log sequence number 305740.
2026-04-16 19:02:14 0 [ERROR] InnoDB: Your database may be corrupt or you may have copied the InnoDB tablespace but not the InnoDB log files. Please refer to https://mariadb.com/kb/en/library/innodb-recovery-modes/ for information about forcing recovery.
2026-04-16 19:02:14 0 [ERROR] InnoDB: Page [page id: space=0, page number=406] log sequence number 373421 is in the future! Current system log sequence number 305740.
2026-04-16 19:02:14 0 [ERROR] InnoDB: Your database may be corrupt or you may have copied the InnoDB tablespace but not the InnoDB log files. Please refer to https://mariadb.com/kb/en/library/innodb-recovery-modes/ for information about forcing recovery.
2026-04-16 19:02:14 0 [ERROR] InnoDB: Page [page id: space=0, page number=278] log sequence number 373465 is in the future! Current system log sequence number 305740.
2026-04-16 19:02:14 0 [ERROR] InnoDB: Your database may be corrupt or you may have copied the InnoDB tablespace but not the InnoDB log files. Please refer to https://mariadb.com/kb/en/library/innodb-recovery-modes/ for information about forcing recovery.
2026-04-16 19:02:14 0 [ERROR] InnoDB: Page [page id: space=0, page number=407] log sequence number 373465 is in the future! Current system log sequence number 305740.
2026-04-16 19:02:14 0 [ERROR] InnoDB: Your database may be corrupt or you may have copied the InnoDB tablespace but not the InnoDB log files. Please refer to https://mariadb.com/kb/en/library/innodb-recovery-modes/ for information about forcing recovery.
2026-04-16 19:02:14 0 [ERROR] InnoDB: Page [page id: space=0, page number=279] log sequence number 373509 is in the future! Current system log sequence number 305740.
2026-04-16 19:02:14 0 [ERROR] InnoDB: Your database may be corrupt or you may have copied the InnoDB tablespace but not the InnoDB log files. Please refer to https://mariadb.com/kb/en/library/innodb-recovery-modes/ for information about forcing recovery.
2026-04-16 19:02:14 0 [ERROR] InnoDB: Page [page id: space=0, page number=409] log sequence number 373509 is in the future! Current system log sequence number 305740.
2026-04-16 19:02:14 0 [ERROR] InnoDB: Your database may be corrupt or you may have copied the InnoDB tablespace but not the InnoDB log files. Please refer to https://mariadb.com/kb/en/library/innodb-recovery-modes/ for information about forcing recovery.
2026-04-16 19:02:14 0 [ERROR] InnoDB: Page [page id: space=0, page number=280] log sequence number 373553 is in the future! Current system log sequence number 305740.
2026-04-16 19:02:14 0 [ERROR] InnoDB: Your database may be corrupt or you may have copied the InnoDB tablespace but not the InnoDB log files. Please refer to https://mariadb.com/kb/en/library/innodb-recovery-modes/ for information about forcing recovery.
2026-04-16 19:02:14 0 [ERROR] InnoDB: Page [page id: space=0, page number=410] log sequence number 373553 is in the future! Current system log sequence number 305740.
2026-04-16 19:02:14 0 [ERROR] InnoDB: Your database may be corrupt or you may have copied the InnoDB tablespace but not the InnoDB log files. Please refer to https://mariadb.com/kb/en/library/innodb-recovery-modes/ for information about forcing recovery.
2026-04-16 19:02:14 0 [ERROR] InnoDB: Page [page id: space=0, page number=281] log sequence number 373597 is in the future! Current system log sequence number 305740.
2026-04-16 19:02:14 0 [ERROR] InnoDB: Your database may be corrupt or you may have copied the InnoDB tablespace but not the InnoDB log files. Please refer to https://mariadb.com/kb/en/library/innodb-recovery-modes/ for information about forcing recovery.
2026-04-16 19:02:14 0 [ERROR] InnoDB: Page [page id: space=0, page number=411] log sequence number 373597 is in the future! Current system log sequence number 305740.
2026-04-16 19:02:14 0 [ERROR] InnoDB: Your database may be corrupt or you may have copied the InnoDB tablespace but not the InnoDB log files. Please refer to https://mariadb.com/kb/en/library/innodb-recovery-modes/ for information about forcing recovery.
2026-04-16 19:02:14 0 [ERROR] InnoDB: Page [page id: space=0, page number=282] log sequence number 373641 is in the future! Current system log sequence number 305740.
2026-04-16 19:02:14 0 [ERROR] InnoDB: Your database may be corrupt or you may have copied the InnoDB tablespace but not the InnoDB log files. Please refer to https://mariadb.com/kb/en/library/innodb-recovery-modes/ for information about forcing recovery.
2026-04-16 19:02:14 0 [ERROR] InnoDB: Page [page id: space=0, page number=412] log sequence number 373641 is in the future! Current system log sequence number 305740.
2026-04-16 19:02:14 0 [ERROR] InnoDB: Your database may be corrupt or you may have copied the InnoDB tablespace but not the InnoDB log files. Please refer to https://mariadb.com/kb/en/library/innodb-recovery-modes/ for information about forcing recovery.
2026-04-16 19:02:14 0 [ERROR] InnoDB: Page [page id: space=0, page number=283] log sequence number 373685 is in the future! Current system log sequence number 305740.
2026-04-16 19:02:14 0 [ERROR] InnoDB: Your database may be corrupt or you may have copied the InnoDB tablespace but not the InnoDB log files. Please refer to https://mariadb.com/kb/en/library/innodb-recovery-modes/ for information about forcing recovery.
2026-04-16 19:02:14 0 [ERROR] InnoDB: Page [page id: space=0, page number=413] log sequence number 373685 is in the future! Current system log sequence number 305740.
2026-04-16 19:02:14 0 [ERROR] InnoDB: Your database may be corrupt or you may have copied the InnoDB tablespace but not the InnoDB log files. Please refer to https://mariadb.com/kb/en/library/innodb-recovery-modes/ for information about forcing recovery.
2026-04-16 19:02:14 0 [ERROR] InnoDB: Page [page id: space=0, page number=284] log sequence number 373729 is in the future! Current system log sequence number 305740.
2026-04-16 19:02:14 0 [ERROR] InnoDB: Your database may be corrupt or you may have copied the InnoDB tablespace but not the InnoDB log files. Please refer to https://mariadb.com/kb/en/library/innodb-recovery-modes/ for information about forcing recovery.
2026-04-16 19:02:14 0 [ERROR] InnoDB: Page [page id: space=0, page number=414] log sequence number 373729 is in the future! Current system log sequence number 305740.
2026-04-16 19:02:14 0 [ERROR] InnoDB: Your database may be corrupt or you may have copied the InnoDB tablespace but not the InnoDB log files. Please refer to https://mariadb.com/kb/en/library/innodb-recovery-modes/ for information about forcing recovery.
2026-04-16 19:02:14 0 [ERROR] InnoDB: Page [page id: space=0, page number=285] log sequence number 373789 is in the future! Current system log sequence number 305740.
2026-04-16 19:02:14 0 [ERROR] InnoDB: Your database may be corrupt or you may have copied the InnoDB tablespace but not the InnoDB log files. Please refer to https://mariadb.com/kb/en/library/innodb-recovery-modes/ for information about forcing recovery.
2026-04-16 19:02:14 0 [ERROR] InnoDB: Page [page id: space=0, page number=415] log sequence number 373789 is in the future! Current system log sequence number 305740.
2026-04-16 19:02:14 0 [ERROR] InnoDB: Your database may be corrupt or you may have copied the InnoDB tablespace but not the InnoDB log files. Please refer to https://mariadb.com/kb/en/library/innodb-recovery-modes/ for information about forcing recovery.
2026-04-16 19:02:14 0 [ERROR] InnoDB: Page [page id: space=0, page number=286] log sequence number 373833 is in the future! Current system log sequence number 305740.
2026-04-16 19:02:14 0 [ERROR] InnoDB: Your database may be corrupt or you may have copied the InnoDB tablespace but not the InnoDB log files. Please refer to https://mariadb.com/kb/en/library/innodb-recovery-modes/ for information about forcing recovery.
2026-04-16 19:02:14 0 [ERROR] InnoDB: Page [page id: space=0, page number=416] log sequence number 373833 is in the future! Current system log sequence number 305740.
2026-04-16 19:02:14 0 [ERROR] InnoDB: Your database may be corrupt or you may have copied the InnoDB tablespace but not the InnoDB log files. Please refer to https://mariadb.com/kb/en/library/innodb-recovery-modes/ for information about forcing recovery.
2026-04-16 19:02:14 0 [ERROR] InnoDB: Page [page id: space=0, page number=287] log sequence number 373877 is in the future! Current system log sequence number 305740.
2026-04-16 19:02:14 0 [ERROR] InnoDB: Your database may be corrupt or you may have copied the InnoDB tablespace but not the InnoDB log files. Please refer to https://mariadb.com/kb/en/library/innodb-recovery-modes/ for information about forcing recovery.
2026-04-16 19:02:14 0 [ERROR] InnoDB: Page [page id: space=0, page number=417] log sequence number 373877 is in the future! Current system log sequence number 305740.
2026-04-16 19:02:14 0 [ERROR] InnoDB: Your database may be corrupt or you may have copied the InnoDB tablespace but not the InnoDB log files. Please refer to https://mariadb.com/kb/en/library/innodb-recovery-modes/ for information about forcing recovery.
2026-04-16 19:02:14 0 [ERROR] InnoDB: Page [page id: space=0, page number=288] log sequence number 373921 is in the future! Current system log sequence number 305740.
2026-04-16 19:02:14 0 [ERROR] InnoDB: Your database may be corrupt or you may have copied the InnoDB tablespace but not the InnoDB log files. Please refer to https://mariadb.com/kb/en/library/innodb-recovery-modes/ for information about forcing recovery.
2026-04-16 19:02:14 0 [ERROR] InnoDB: Page [page id: space=0, page number=418] log sequence number 373921 is in the future! Current system log sequence number 305740.
2026-04-16 19:02:14 0 [ERROR] InnoDB: Your database may be corrupt or you may have copied the InnoDB tablespace but not the InnoDB log files. Please refer to https://mariadb.com/kb/en/library/innodb-recovery-modes/ for information about forcing recovery.
2026-04-16 19:02:14 0 [ERROR] InnoDB: Page [page id: space=0, page number=289] log sequence number 373965 is in the future! Current system log sequence number 305740.
2026-04-16 19:02:14 0 [ERROR] InnoDB: Your database may be corrupt or you may have copied the InnoDB tablespace but not the InnoDB log files. Please refer to https://mariadb.com/kb/en/library/innodb-recovery-modes/ for information about forcing recovery.
2026-04-16 19:02:14 0 [ERROR] InnoDB: Page [page id: space=0, page number=419] log sequence number 373965 is in the future! Current system log sequence number 305740.
2026-04-16 19:02:14 0 [ERROR] InnoDB: Your database may be corrupt or you may have copied the InnoDB tablespace but not the InnoDB log files. Please refer to https://mariadb.com/kb/en/library/innodb-recovery-modes/ for information about forcing recovery.
2026-04-16 19:02:14 0 [ERROR] InnoDB: Page [page id: space=0, page number=290] log sequence number 374009 is in the future! Current system log sequence number 305740.
2026-04-16 19:02:14 0 [ERROR] InnoDB: Your database may be corrupt or you may have copied the InnoDB tablespace but not the InnoDB log files. Please refer to https://mariadb.com/kb/en/library/innodb-recovery-modes/ for information about forcing recovery.
2026-04-16 19:02:14 0 [ERROR] InnoDB: Page [page id: space=0, page number=420] log sequence number 374009 is in the future! Current system log sequence number 305740.
2026-04-16 19:02:14 0 [ERROR] InnoDB: Your database may be corrupt or you may have copied the InnoDB tablespace but not the InnoDB log files. Please refer to https://mariadb.com/kb/en/library/innodb-recovery-modes/ for information about forcing recovery.
2026-04-16 19:02:14 0 [ERROR] InnoDB: Page [page id: space=0, page number=291] log sequence number 374053 is in the future! Current system log sequence number 305740.
2026-04-16 19:02:14 0 [ERROR] InnoDB: Your database may be corrupt or you may have copied the InnoDB tablespace but not the InnoDB log files. Please refer to https://mariadb.com/kb/en/library/innodb-recovery-modes/ for information about forcing recovery.
2026-04-16 19:02:14 0 [ERROR] InnoDB: Page [page id: space=0, page number=421] log sequence number 374053 is in the future! Current system log sequence number 305740.
2026-04-16 19:02:14 0 [ERROR] InnoDB: Your database may be corrupt or you may have copied the InnoDB tablespace but not the InnoDB log files. Please refer to https://mariadb.com/kb/en/library/innodb-recovery-modes/ for information about forcing recovery.
2026-04-16 19:02:14 0 [ERROR] InnoDB: Page [page id: space=0, page number=292] log sequence number 382552 is in the future! Current system log sequence number 305740.
2026-04-16 19:02:14 0 [ERROR] InnoDB: Your database may be corrupt or you may have copied the InnoDB tablespace but not the InnoDB log files. Please refer to https://mariadb.com/kb/en/library/innodb-recovery-modes/ for information about forcing recovery.
2026-04-16 19:02:14 0 [ERROR] InnoDB: Page [page id: space=0, page number=422] log sequence number 382552 is in the future! Current system log sequence number 305740.
2026-04-16 19:02:14 0 [ERROR] InnoDB: Your database may be corrupt or you may have copied the InnoDB tablespace but not the InnoDB log files. Please refer to https://mariadb.com/kb/en/library/innodb-recovery-modes/ for information about forcing recovery.
2026-04-16 19:02:14 0 [ERROR] InnoDB: Page [page id: space=0, page number=293] log sequence number 382596 is in the future! Current system log sequence number 305740.
2026-04-16 19:02:14 0 [ERROR] InnoDB: Your database may be corrupt or you may have copied the InnoDB tablespace but not the InnoDB log files. Please refer to https://mariadb.com/kb/en/library/innodb-recovery-modes/ for information about forcing recovery.
2026-04-16 19:02:14 0 [ERROR] InnoDB: Page [page id: space=0, page number=423] log sequence number 382596 is in the future! Current system log sequence number 305740.
2026-04-16 19:02:14 0 [ERROR] InnoDB: Your database may be corrupt or you may have copied the InnoDB tablespace but not the InnoDB log files. Please refer to https://mariadb.com/kb/en/library/innodb-recovery-modes/ for information about forcing recovery.
2026-04-16 19:02:14 0 [ERROR] InnoDB: Page [page id: space=0, page number=294] log sequence number 382640 is in the future! Current system log sequence number 305740.
2026-04-16 19:02:14 0 [ERROR] InnoDB: Your database may be corrupt or you may have copied the InnoDB tablespace but not the InnoDB log files. Please refer to https://mariadb.com/kb/en/library/innodb-recovery-modes/ for information about forcing recovery.
2026-04-16 19:02:14 0 [ERROR] InnoDB: Page [page id: space=0, page number=424] log sequence number 382640 is in the future! Current system log sequence number 305740.
2026-04-16 19:02:14 0 [ERROR] InnoDB: Your database may be corrupt or you may have copied the InnoDB tablespace but not the InnoDB log files. Please refer to https://mariadb.com/kb/en/library/innodb-recovery-modes/ for information about forcing recovery.
2026-04-16 19:02:14 0 [ERROR] InnoDB: Page [page id: space=0, page number=295] log sequence number 382684 is in the future! Current system log sequence number 305740.
2026-04-16 19:02:14 0 [ERROR] InnoDB: Your database may be corrupt or you may have copied the InnoDB tablespace but not the InnoDB log files. Please refer to https://mariadb.com/kb/en/library/innodb-recovery-modes/ for information about forcing recovery.
2026-04-16 19:02:14 0 [ERROR] InnoDB: Page [page id: space=0, page number=425] log sequence number 382684 is in the future! Current system log sequence number 305740.
2026-04-16 19:02:14 0 [ERROR] InnoDB: Your database may be corrupt or you may have copied the InnoDB tablespace but not the InnoDB log files. Please refer to https://mariadb.com/kb/en/library/innodb-recovery-modes/ for information about forcing recovery.
2026-04-16 19:02:14 0 [ERROR] InnoDB: Page [page id: space=0, page number=296] log sequence number 382728 is in the future! Current system log sequence number 305740.
2026-04-16 19:02:14 0 [ERROR] InnoDB: Your database may be corrupt or you may have copied the InnoDB tablespace but not the InnoDB log files. Please refer to https://mariadb.com/kb/en/library/innodb-recovery-modes/ for information about forcing recovery.
2026-04-16 19:02:14 0 [ERROR] InnoDB: Page [page id: space=0, page number=426] log sequence number 382728 is in the future! Current system log sequence number 305740.
2026-04-16 19:02:14 0 [ERROR] InnoDB: Your database may be corrupt or you may have copied the InnoDB tablespace but not the InnoDB log files. Please refer to https://mariadb.com/kb/en/library/innodb-recovery-modes/ for information about forcing recovery.
2026-04-16 19:02:14 0 [ERROR] InnoDB: Page [page id: space=0, page number=297] log sequence number 382772 is in the future! Current system log sequence number 305740.
2026-04-16 19:02:14 0 [ERROR] InnoDB: Your database may be corrupt or you may have copied the InnoDB tablespace but not the InnoDB log files. Please refer to https://mariadb.com/kb/en/library/innodb-recovery-modes/ for information about forcing recovery.
2026-04-16 19:02:14 0 [ERROR] InnoDB: Page [page id: space=0, page number=427] log sequence number 382772 is in the future! Current system log sequence number 305740.
2026-04-16 19:02:14 0 [ERROR] InnoDB: Your database may be corrupt or you may have copied the InnoDB tablespace but not the InnoDB log files. Please refer to https://mariadb.com/kb/en/library/innodb-recovery-modes/ for information about forcing recovery.
2026-04-16 19:02:14 0 [ERROR] InnoDB: Page [page id: space=0, page number=298] log sequence number 382816 is in the future! Current system log sequence number 305740.
2026-04-16 19:02:14 0 [ERROR] InnoDB: Your database may be corrupt or you may have copied the InnoDB tablespace but not the InnoDB log files. Please refer to https://mariadb.com/kb/en/library/innodb-recovery-modes/ for information about forcing recovery.
2026-04-16 19:02:14 0 [ERROR] InnoDB: Page [page id: space=0, page number=428] log sequence number 382816 is in the future! Current system log sequence number 305740.
2026-04-16 19:02:14 0 [ERROR] InnoDB: Your database may be corrupt or you may have copied the InnoDB tablespace but not the InnoDB log files. Please refer to https://mariadb.com/kb/en/library/innodb-recovery-modes/ for information about forcing recovery.
2026-04-16 19:02:14 0 [ERROR] InnoDB: Page [page id: space=0, page number=299] log sequence number 382860 is in the future! Current system log sequence number 305740.
2026-04-16 19:02:14 0 [ERROR] InnoDB: Your database may be corrupt or you may have copied the InnoDB tablespace but not the InnoDB log files. Please refer to https://mariadb.com/kb/en/library/innodb-recovery-modes/ for information about forcing recovery.
2026-04-16 19:02:14 0 [ERROR] InnoDB: Page [page id: space=0, page number=429] log sequence number 382860 is in the future! Current system log sequence number 305740.
2026-04-16 19:02:14 0 [ERROR] InnoDB: Your database may be corrupt or you may have copied the InnoDB tablespace but not the InnoDB log files. Please refer to https://mariadb.com/kb/en/library/innodb-recovery-modes/ for information about forcing recovery.
2026-04-16 19:02:14 0 [ERROR] InnoDB: Page [page id: space=0, page number=300] log sequence number 382904 is in the future! Current system log sequence number 305740.
2026-04-16 19:02:14 0 [ERROR] InnoDB: Your database may be corrupt or you may have copied the InnoDB tablespace but not the InnoDB log files. Please refer to https://mariadb.com/kb/en/library/innodb-recovery-modes/ for information about forcing recovery.
2026-04-16 19:02:14 0 [ERROR] InnoDB: Page [page id: space=0, page number=430] log sequence number 382904 is in the future! Current system log sequence number 305740.
2026-04-16 19:02:14 0 [ERROR] InnoDB: Your database may be corrupt or you may have copied the InnoDB tablespace but not the InnoDB log files. Please refer to https://mariadb.com/kb/en/library/innodb-recovery-modes/ for information about forcing recovery.
2026-04-16 19:02:14 0 [ERROR] InnoDB: Page [page id: space=0, page number=0] log sequence number 381298 is in the future! Current system log sequence number 305740.
2026-04-16 19:02:14 0 [ERROR] InnoDB: Your database may be corrupt or you may have copied the InnoDB tablespace but not the InnoDB log files. Please refer to https://mariadb.com/kb/en/library/innodb-recovery-modes/ for information about forcing recovery.
2026-04-16 19:02:14 0 [ERROR] InnoDB: Page [page id: space=0, page number=8] log sequence number 349743 is in the future! Current system log sequence number 305740.
2026-04-16 19:02:14 0 [ERROR] InnoDB: Your database may be corrupt or you may have copied the InnoDB tablespace but not the InnoDB log files. Please refer to https://mariadb.com/kb/en/library/innodb-recovery-modes/ for information about forcing recovery.
2026-04-16 19:02:14 0 [ERROR] InnoDB: Page [page id: space=0, page number=10] log sequence number 349847 is in the future! Current system log sequence number 305740.
2026-04-16 19:02:14 0 [ERROR] InnoDB: Your database may be corrupt or you may have copied the InnoDB tablespace but not the InnoDB log files. Please refer to https://mariadb.com/kb/en/library/innodb-recovery-modes/ for information about forcing recovery.
2026-04-16 19:02:14 0 [ERROR] InnoDB: Page [page id: space=0, page number=12] log sequence number 349779 is in the future! Current system log sequence number 305740.
2026-04-16 19:02:14 0 [ERROR] InnoDB: Your database may be corrupt or you may have copied the InnoDB tablespace but not the InnoDB log files. Please refer to https://mariadb.com/kb/en/library/innodb-recovery-modes/ for information about forcing recovery.
2026-04-16 19:02:14 0 [ERROR] InnoDB: Page [page id: space=0, page number=307] log sequence number 349733 is in the future! Current system log sequence number 305740.
2026-04-16 19:02:14 0 [ERROR] InnoDB: Your database may be corrupt or you may have copied the InnoDB tablespace but not the InnoDB log files. Please refer to https://mariadb.com/kb/en/library/innodb-recovery-modes/ for information about forcing recovery.
2026-04-16 19:02:14 0 [ERROR] InnoDB: Page [page id: space=0, page number=308] log sequence number 349749 is in the future! Current system log sequence number 305740.
2026-04-16 19:02:14 0 [ERROR] InnoDB: Your database may be corrupt or you may have copied the InnoDB tablespace but not the InnoDB log files. Please refer to https://mariadb.com/kb/en/library/innodb-recovery-modes/ for information about forcing recovery.
2026-04-16 19:02:14 0 [Note] InnoDB: 128 out of 128 rollback segments are active.
2026-04-16 19:02:14 0 [Note] InnoDB: Removed temporary tablespace data file: "ibtmp1"
2026-04-16 19:02:14 0 [Note] InnoDB: Creating shared tablespace for temporary tables
2026-04-16 19:02:14 0 [Note] InnoDB: Setting file 'D:\xampp\mysql\data\ibtmp1' size to 12 MB. Physically writing the file full; Please wait ...
2026-04-16 19:02:14 0 [Note] InnoDB: File 'D:\xampp\mysql\data\ibtmp1' size is now 12 MB.
2026-04-16 19:02:14 0 [Note] InnoDB: Waiting for purge to start
2026-04-16 19:02:14 1 [ERROR] InnoDB: Page [page id: space=0, page number=9] log sequence number 349738 is in the future! Current system log sequence number 305740.
2026-04-16 19:02:14 1 [ERROR] InnoDB: Your database may be corrupt or you may have copied the InnoDB tablespace but not the InnoDB log files. Please refer to https://mariadb.com/kb/en/library/innodb-recovery-modes/ for information about forcing recovery.
2026-04-16 19:02:14 2 [ERROR] InnoDB: Page [page id: space=28, page number=0] log sequence number 340260 is in the future! Current system log sequence number 305740.
2026-04-16 19:02:14 2 [ERROR] InnoDB: Your database may be corrupt or you may have copied the InnoDB tablespace but not the InnoDB log files. Please refer to https://mariadb.com/kb/en/library/innodb-recovery-modes/ for information about forcing recovery.
2026-04-16 19:02:14 2 [ERROR] InnoDB: Page [page id: space=28, page number=1] log sequence number 338720 is in the future! Current system log sequence number 305740.
2026-04-16 19:02:14 2 [ERROR] InnoDB: Your database may be corrupt or you may have copied the InnoDB tablespace but not the InnoDB log files. Please refer to https://mariadb.com/kb/en/library/innodb-recovery-modes/ for information about forcing recovery.
2026-04-16 19:02:15 0 [Note] InnoDB: 10.4.32 started; log sequence number 305731; transaction id 794
2026-04-16 19:02:15 0 [Note] InnoDB: Loading buffer pool(s) from D:\xampp\mysql\data\ib_buffer_pool
2026-04-16 19:02:15 0 [Note] Plugin 'FEEDBACK' is disabled.
2026-04-16 19:02:15 0 [ERROR] InnoDB: Page [page id: space=0, page number=243] log sequence number 362601 is in the future! Current system log sequence number 305740.
2026-04-16 19:02:15 0 [ERROR] InnoDB: Your database may be corrupt or you may have copied the InnoDB tablespace but not the InnoDB log files. Please refer to https://mariadb.com/kb/en/library/innodb-recovery-modes/ for information about forcing recovery.
2026-04-16 19:02:15 0 [Note] Server socket created on IP: '::'.
2026-06-07 10:29:05 0 [Note] Starting MariaDB 10.4.32-MariaDB source revision c4143f909528e3fab0677a28631d10389354c491 as process 2276
2026-06-07 10:29:06 0 [Note] InnoDB: Mutexes and rw_locks use Windows interlocked functions
2026-06-07 10:29:06 0 [Note] InnoDB: Uses event mutexes
2026-06-07 10:29:06 0 [Note] InnoDB: Compressed tables use zlib 1.3
2026-06-07 10:29:06 0 [Note] InnoDB: Number of pools: 1
2026-06-07 10:29:06 0 [Note] InnoDB: Using SSE2 crc32 instructions
2026-06-07 10:29:06 0 [Note] InnoDB: Initializing buffer pool, total size = 16M, instances = 1, chunk size = 16M
2026-06-07 10:29:06 0 [Note] InnoDB: Completed initialization of buffer pool
2026-06-07 10:29:06 0 [Note] InnoDB: Starting crash recovery from checkpoint LSN=306469
2026-06-07 10:29:06 0 [Warning] InnoDB: Are you sure you are using the right ib_logfiles to start up the database? Log sequence number in the ib_logfiles is 306469, less than the log sequence number in the first system tablespace file header, 383879.
2026-06-07 10:29:06 0 [Warning] InnoDB: Ignoring a doublewrite copy of page [page id: space=16, page number=3] with future log sequence number 340849
2026-06-07 10:29:06 0 [Warning] InnoDB: Ignoring a doublewrite copy of page [page id: space=0, page number=248] with future log sequence number 340829
2026-06-07 10:29:06 0 [Warning] InnoDB: Ignoring a doublewrite copy of page [page id: space=0, page number=385] with future log sequence number 340829
2026-06-07 10:29:06 0 [Warning] InnoDB: Ignoring a doublewrite copy of page [page id: space=0, page number=232] with future log sequence number 339797
2026-06-07 10:29:06 0 [Warning] InnoDB: Ignoring a doublewrite copy of page [page id: space=0, page number=373] with future log sequence number 339797
2026-06-07 10:29:06 0 [Warning] InnoDB: Ignoring a doublewrite copy of page [page id: space=0, page number=231] with future log sequence number 339753
2026-06-07 10:29:06 0 [Warning] InnoDB: Ignoring a doublewrite copy of page [page id: space=0, page number=368] with future log sequence number 339753
2026-06-07 10:29:06 0 [Warning] InnoDB: Ignoring a doublewrite copy of page [page id: space=0, page number=230] with future log sequence number 339709
2026-06-07 10:29:06 0 [Warning] InnoDB: Ignoring a doublewrite copy of page [page id: space=0, page number=367] with future log sequence number 339709
2026-06-07 10:29:06 0 [Warning] InnoDB: Ignoring a doublewrite copy of page [page id: space=0, page number=260] with future log sequence number 355374
2026-06-07 10:29:06 0 [Warning] InnoDB: Ignoring a doublewrite copy of page [page id: space=0, page number=290] with future log sequence number 374009
2026-06-07 10:29:06 0 [Warning] InnoDB: Ignoring a doublewrite copy of page [page id: space=0, page number=420] with future log sequence number 374009
2026-06-07 10:29:06 0 [Warning] InnoDB: Ignoring a doublewrite copy of page [page id: space=0, page number=223] with future log sequence number 317669
2026-06-07 10:29:06 0 [Warning] InnoDB: Ignoring a doublewrite copy of page [page id: space=2, page number=3] with future log sequence number 317754
2026-06-07 10:29:06 0 [Warning] InnoDB: Ignoring a doublewrite copy of page [page id: space=0, page number=360] with future log sequence number 317669
2026-06-07 10:29:06 0 [Warning] InnoDB: Ignoring a doublewrite copy of page [page id: space=0, page number=237] with future log sequence number 326879
2026-06-07 10:29:06 0 [Warning] InnoDB: Ignoring a doublewrite copy of page [page id: space=0, page number=377] with future log sequence number 326879
2026-06-07 10:29:06 0 [Warning] InnoDB: Ignoring a doublewrite copy of page [page id: space=0, page number=218] with future log sequence number 353252
2026-06-07 10:29:06 0 [Warning] InnoDB: Ignoring a doublewrite copy of page [page id: space=0, page number=355] with future log sequence number 353252
2026-06-07 10:29:06 0 [Warning] InnoDB: Ignoring a doublewrite copy of page [page id: space=0, page number=217] with future log sequence number 353208
2026-06-07 10:29:06 0 [Warning] InnoDB: Ignoring a doublewrite copy of page [page id: space=0, page number=354] with future log sequence number 353208
2026-06-07 10:29:06 0 [Warning] InnoDB: Ignoring a doublewrite copy of page [page id: space=0, page number=216] with future log sequence number 353164
2026-06-07 10:29:06 0 [Warning] InnoDB: Ignoring a doublewrite copy of page [page id: space=0, page number=353] with future log sequence number 353164
2026-06-07 10:29:06 0 [Warning] InnoDB: Ignoring a doublewrite copy of page [page id: space=0, page number=215] with future log sequence number 353120
2026-06-07 10:29:06 0 [Warning] InnoDB: Ignoring a doublewrite copy of page [page id: space=0, page number=352] with future log sequence number 353120
2026-06-07 10:29:06 0 [Warning] InnoDB: Ignoring a doublewrite copy of page [page id: space=0, page number=213] with future log sequence number 353076
2026-06-07 10:29:06 0 [Warning] InnoDB: Ignoring a doublewrite copy of page [page id: space=0, page number=237] with future log sequence number 365321
2026-06-07 10:29:06 0 [Warning] InnoDB: Ignoring a doublewrite copy of page [page id: space=0, page number=377] with future log sequence number 365321
2026-06-07 10:29:06 0 [Warning] InnoDB: Ignoring a doublewrite copy of page [page id: space=0, page number=249] with future log sequence number 371342
2026-06-07 10:29:06 0 [Warning] InnoDB: Ignoring a doublewrite copy of page [page id: space=16, page number=3] with future log sequence number 371362
2026-06-07 10:29:06 0 [Warning] InnoDB: Ignoring a doublewrite copy of page [page id: space=0, page number=370] with future log sequence number 371342
2026-06-07 10:29:06 0 [Warning] InnoDB: Ignoring a doublewrite copy of page [page id: space=0, page number=266] with future log sequence number 382997
2026-06-07 10:29:06 0 [Warning] InnoDB: Ignoring a doublewrite copy of page [page id: space=0, page number=434] with future log sequence number 382997
2026-06-07 10:29:06 0 [Warning] InnoDB: Ignoring a doublewrite copy of page [page id: space=0, page number=265] with future log sequence number 382937
2026-06-07 10:29:06 0 [Warning] InnoDB: Ignoring a doublewrite copy of page [page id: space=0, page number=398] with future log sequence number 382937
2026-06-07 10:29:06 0 [ERROR] InnoDB: Page [page id: space=0, page number=7] log sequence number 339768 is in the future! Current system log sequence number 306487.
2026-06-07 10:29:06 0 [ERROR] InnoDB: Your database may be corrupt or you may have copied the InnoDB tablespace but not the InnoDB log files. Please refer to https://mariadb.com/kb/en/library/innodb-recovery-modes/ for information about forcing recovery.
2026-06-07 10:29:06 0 [ERROR] InnoDB: Page [page id: space=0, page number=11] log sequence number 349764 is in the future! Current system log sequence number 306487.
2026-06-07 10:29:06 0 [ERROR] InnoDB: Your database may be corrupt or you may have copied the InnoDB tablespace but not the InnoDB log files. Please refer to https://mariadb.com/kb/en/library/innodb-recovery-modes/ for information about forcing recovery.
2026-06-07 10:29:06 0 [ERROR] InnoDB: Page [page id: space=0, page number=6] log sequence number 382375 is in the future! Current system log sequence number 306487.
2026-06-07 10:29:06 0 [ERROR] InnoDB: Your database may be corrupt or you may have copied the InnoDB tablespace but not the InnoDB log files. Please refer to https://mariadb.com/kb/en/library/innodb-recovery-modes/ for information about forcing recovery.
2026-06-07 10:29:06 0 [ERROR] InnoDB: Page [page id: space=0, page number=301] log sequence number 382375 is in the future! Current system log sequence number 306487.
2026-06-07 10:29:06 0 [ERROR] InnoDB: Your database may be corrupt or you may have copied the InnoDB tablespace but not the InnoDB log files. Please refer to https://mariadb.com/kb/en/library/innodb-recovery-modes/ for information about forcing recovery.
2026-06-07 10:29:06 0 [ERROR] InnoDB: Page [page id: space=0, page number=45] log sequence number 382414 is in the future! Current system log sequence number 306487.
2026-06-07 10:29:06 0 [ERROR] InnoDB: Your database may be corrupt or you may have copied the InnoDB tablespace but not the InnoDB log files. Please refer to https://mariadb.com/kb/en/library/innodb-recovery-modes/ for information about forcing recovery.
2026-06-07 10:29:06 0 [ERROR] InnoDB: Page [page id: space=0, page number=306] log sequence number 382414 is in the future! Current system log sequence number 306487.
2026-06-07 10:29:06 0 [ERROR] InnoDB: Your database may be corrupt or you may have copied the InnoDB tablespace but not the InnoDB log files. Please refer to https://mariadb.com/kb/en/library/innodb-recovery-modes/ for information about forcing recovery.
2026-06-07 10:29:06 0 [ERROR] InnoDB: Page [page id: space=0, page number=46] log sequence number 382453 is in the future! Current system log sequence number 306487.
2026-06-07 10:29:06 0 [ERROR] InnoDB: Your database may be corrupt or you may have copied the InnoDB tablespace but not the InnoDB log files. Please refer to https://mariadb.com/kb/en/library/innodb-recovery-modes/ for information about forcing recovery.
2026-06-07 10:29:06 0 [ERROR] InnoDB: Page [page id: space=0, page number=309] log sequence number 382453 is in the future! Current system log sequence number 306487.
2026-06-07 10:29:06 0 [ERROR] InnoDB: Your database may be corrupt or you may have copied the InnoDB tablespace but not the InnoDB log files. Please refer to https://mariadb.com/kb/en/library/innodb-recovery-modes/ for information about forcing recovery.
2026-06-07 10:29:06 0 [ERROR] InnoDB: Page [page id: space=0, page number=193] log sequence number 335526 is in the future! Current system log sequence number 306487.
2026-06-07 10:29:06 0 [ERROR] InnoDB: Your database may be corrupt or you may have copied the InnoDB tablespace but not the InnoDB log files. Please refer to https://mariadb.com/kb/en/library/innodb-recovery-modes/ for information about forcing recovery.
2026-06-07 10:29:06 0 [ERROR] InnoDB: Page [page id: space=0, page number=330] log sequence number 335526 is in the future! Current system log sequence number 306487.
2026-06-07 10:29:06 0 [ERROR] InnoDB: Your database may be corrupt or you may have copied the InnoDB tablespace but not the InnoDB log files. Please refer to https://mariadb.com/kb/en/library/innodb-recovery-modes/ for information about forcing recovery.
2026-06-07 10:29:06 0 [ERROR] InnoDB: Page [page id: space=0, page number=204] log sequence number 307021 is in the future! Current system log sequence number 306487.
2026-06-07 10:29:06 0 [ERROR] InnoDB: Your database may be corrupt or you may have copied the InnoDB tablespace but not the InnoDB log files. Please refer to https://mariadb.com/kb/en/library/innodb-recovery-modes/ for information about forcing recovery.
2026-06-07 10:29:06 0 [ERROR] InnoDB: Page [page id: space=0, page number=341] log sequence number 307021 is in the future! Current system log sequence number 306487.
2026-06-07 10:29:06 0 [ERROR] InnoDB: Your database may be corrupt or you may have copied the InnoDB tablespace but not the InnoDB log files. Please refer to https://mariadb.com/kb/en/library/innodb-recovery-modes/ for information about forcing recovery.
2026-06-07 10:29:06 0 [ERROR] InnoDB: Page [page id: space=0, page number=205] log sequence number 352708 is in the future! Current system log sequence number 306487.
2026-06-07 10:29:06 0 [ERROR] InnoDB: Your database may be corrupt or you may have copied the InnoDB tablespace but not the InnoDB log files. Please refer to https://mariadb.com/kb/en/library/innodb-recovery-modes/ for information about forcing recovery.
2026-06-07 10:29:06 0 [ERROR] InnoDB: Page [page id: space=0, page number=342] log sequence number 352708 is in the future! Current system log sequence number 306487.
2026-06-07 10:29:06 0 [ERROR] InnoDB: Your database may be corrupt or you may have copied the InnoDB tablespace but not the InnoDB log files. Please refer to https://mariadb.com/kb/en/library/innodb-recovery-modes/ for information about forcing recovery.
2026-06-07 10:29:06 0 [ERROR] InnoDB: Page [page id: space=0, page number=206] log sequence number 352752 is in the future! Current system log sequence number 306487.
2026-06-07 10:29:06 0 [ERROR] InnoDB: Your database may be corrupt or you may have copied the InnoDB tablespace but not the InnoDB log files. Please refer to https://mariadb.com/kb/en/library/innodb-recovery-modes/ for information about forcing recovery.
2026-06-07 10:29:06 0 [ERROR] InnoDB: Page [page id: space=0, page number=343] log sequence number 352752 is in the future! Current system log sequence number 306487.
2026-06-07 10:29:06 0 [ERROR] InnoDB: Your database may be corrupt or you may have copied the InnoDB tablespace but not the InnoDB log files. Please refer to https://mariadb.com/kb/en/library/innodb-recovery-modes/ for information about forcing recovery.
2026-06-07 10:29:06 0 [ERROR] InnoDB: Page [page id: space=0, page number=207] log sequence number 352812 is in the future! Current system log sequence number 306487.
2026-06-07 10:29:06 0 [ERROR] InnoDB: Your database may be corrupt or you may have copied the InnoDB tablespace but not the InnoDB log files. Please refer to https://mariadb.com/kb/en/library/innodb-recovery-modes/ for information about forcing recovery.
2026-06-07 10:29:06 0 [ERROR] InnoDB: Page [page id: space=0, page number=344] log sequence number 352812 is in the future! Current system log sequence number 306487.
2026-06-07 10:29:06 0 [ERROR] InnoDB: Your database may be corrupt or you may have copied the InnoDB tablespace but not the InnoDB log files. Please refer to https://mariadb.com/kb/en/library/innodb-recovery-modes/ for information about forcing recovery.
2026-06-07 10:29:06 0 [ERROR] InnoDB: Page [page id: space=0, page number=208] log sequence number 352856 is in the future! Current system log sequence number 306487.
2026-06-07 10:29:06 0 [ERROR] InnoDB: Your database may be corrupt or you may have copied the InnoDB tablespace but not the InnoDB log files. Please refer to https://mariadb.com/kb/en/library/innodb-recovery-modes/ for information about forcing recovery.
2026-06-07 10:29:06 0 [ERROR] InnoDB: Page [page id: space=0, page number=345] log sequence number 352856 is in the future! Current system log sequence number 306487.
2026-06-07 10:29:06 0 [ERROR] InnoDB: Your database may be corrupt or you may have copied the InnoDB tablespace but not the InnoDB log files. Please refer to https://mariadb.com/kb/en/library/innodb-recovery-modes/ for information about forcing recovery.
2026-06-07 10:29:06 0 [ERROR] InnoDB: Page [page id: space=0, page number=209] log sequence number 352900 is in the future! Current system log sequence number 306487.
2026-06-07 10:29:06 0 [ERROR] InnoDB: Your database may be corrupt or you may have copied the InnoDB tablespace but not the InnoDB log files. Please refer to https://mariadb.com/kb/en/library/innodb-recovery-modes/ for information about forcing recovery.
2026-06-07 10:29:06 0 [ERROR] InnoDB: Page [page id: space=0, page number=346] log sequence number 352900 is in the future! Current system log sequence number 306487.
2026-06-07 10:29:06 0 [ERROR] InnoDB: Your database may be corrupt or you may have copied the InnoDB tablespace but not the InnoDB log files. Please refer to https://mariadb.com/kb/en/library/innodb-recovery-modes/ for information about forcing recovery.
2026-06-07 10:29:06 0 [ERROR] InnoDB: Page [page id: space=0, page number=210] log sequence number 352944 is in the future! Current system log sequence number 306487.
2026-06-07 10:29:06 0 [ERROR] InnoDB: Your database may be corrupt or you may have copied the InnoDB tablespace but not the InnoDB log files. Please refer to https://mariadb.com/kb/en/library/innodb-recovery-modes/ for information about forcing recovery.
2026-06-07 10:29:06 0 [ERROR] InnoDB: Page [page id: space=0, page number=347] log sequence number 352944 is in the future! Current system log sequence number 306487.
2026-06-07 10:29:06 0 [ERROR] InnoDB: Your database may be corrupt or you may have copied the InnoDB tablespace but not the InnoDB log files. Please refer to https://mariadb.com/kb/en/library/innodb-recovery-modes/ for information about forcing recovery.
2026-06-07 10:29:06 0 [ERROR] InnoDB: Page [page id: space=0, page number=211] log sequence number 352988 is in the future! Current system log sequence number 306487.
2026-06-07 10:29:06 0 [ERROR] InnoDB: Your database may be corrupt or you may have copied the InnoDB tablespace but not the InnoDB log files. Please refer to https://mariadb.com/kb/en/library/innodb-recovery-modes/ for information about forcing recovery.
2026-06-07 10:29:06 0 [ERROR] InnoDB: Page [page id: space=0, page number=348] log sequence number 352988 is in the future! Current system log sequence number 306487.
2026-06-07 10:29:06 0 [ERROR] InnoDB: Your database may be corrupt or you may have copied the InnoDB tablespace but not the InnoDB log files. Please refer to https://mariadb.com/kb/en/library/innodb-recovery-modes/ for information about forcing recovery.
2026-06-07 10:29:06 0 [ERROR] InnoDB: Page [page id: space=0, page number=212] log sequence number 353032 is in the future! Current system log sequence number 306487.
2026-06-07 10:29:06 0 [ERROR] InnoDB: Your database may be corrupt or you may have copied the InnoDB tablespace but not the InnoDB log files. Please refer to https://mariadb.com/kb/en/library/innodb-recovery-modes/ for information about forcing recovery.
2026-06-07 10:29:06 0 [ERROR] InnoDB: Page [page id: space=0, page number=349] log sequence number 353032 is in the future! Current system log sequence number 306487.
2026-06-07 10:29:06 0 [ERROR] InnoDB: Your database may be corrupt or you may have copied the InnoDB tablespace but not the InnoDB log files. Please refer to https://mariadb.com/kb/en/library/innodb-recovery-modes/ for information about forcing recovery.
2026-06-07 10:29:06 0 [ERROR] InnoDB: Page [page id: space=0, page number=213] log sequence number 353076 is in the future! Current system log sequence number 306487.
2026-06-07 10:29:06 0 [ERROR] InnoDB: Your database may be corrupt or you may have copied the InnoDB tablespace but not the InnoDB log files. Please refer to https://mariadb.com/kb/en/library/innodb-recovery-modes/ for information about forcing recovery.
2026-06-07 10:29:06 0 [ERROR] InnoDB: Page [page id: space=0, page number=350] log sequence number 353076 is in the future! Current system log sequence number 306487.
2026-06-07 10:29:06 0 [ERROR] InnoDB: Your database may be corrupt or you may have copied the InnoDB tablespace but not the InnoDB log files. Please refer to https://mariadb.com/kb/en/library/innodb-recovery-modes/ for information about forcing recovery.
2026-06-07 10:29:06 0 [ERROR] InnoDB: Page [page id: space=0, page number=214] log sequence number 315502 is in the future! Current system log sequence number 306487.
2026-06-07 10:29:06 0 [ERROR] InnoDB: Your database may be corrupt or you may have copied the InnoDB tablespace but not the InnoDB log files. Please refer to https://mariadb.com/kb/en/library/innodb-recovery-modes/ for information about forcing recovery.
2026-06-07 10:29:06 0 [ERROR] InnoDB: Page [page id: space=0, page number=351] log sequence number 315502 is in the future! Current system log sequence number 306487.
2026-06-07 10:29:06 0 [ERROR] InnoDB: Your database may be corrupt or you may have copied the InnoDB tablespace but not the InnoDB log files. Please refer to https://mariadb.com/kb/en/library/innodb-recovery-modes/ for information about forcing recovery.
2026-06-07 10:29:06 0 [ERROR] InnoDB: Page [page id: space=0, page number=215] log sequence number 353120 is in the future! Current system log sequence number 306487.
2026-06-07 10:29:06 0 [ERROR] InnoDB: Your database may be corrupt or you may have copied the InnoDB tablespace but not the InnoDB log files. Please refer to https://mariadb.com/kb/en/library/innodb-recovery-modes/ for information about forcing recovery.
2026-06-07 10:29:06 0 [ERROR] InnoDB: Page [page id: space=0, page number=352] log sequence number 353120 is in the future! Current system log sequence number 306487.
2026-06-07 10:29:06 0 [ERROR] InnoDB: Your database may be corrupt or you may have copied the InnoDB tablespace but not the InnoDB log files. Please refer to https://mariadb.com/kb/en/library/innodb-recovery-modes/ for information about forcing recovery.
2026-06-07 10:29:06 0 [ERROR] InnoDB: Page [page id: space=0, page number=216] log sequence number 353164 is in the future! Current system log sequence number 306487.
2026-06-07 10:29:06 0 [ERROR] InnoDB: Your database may be corrupt or you may have copied the InnoDB tablespace but not the InnoDB log files. Please refer to https://mariadb.com/kb/en/library/innodb-recovery-modes/ for information about forcing recovery.
2026-06-07 10:29:06 0 [ERROR] InnoDB: Page [page id: space=0, page number=353] log sequence number 353164 is in the future! Current system log sequence number 306487.
2026-06-07 10:29:06 0 [ERROR] InnoDB: Your database may be corrupt or you may have copied the InnoDB tablespace but not the InnoDB log files. Please refer to https://mariadb.com/kb/en/library/innodb-recovery-modes/ for information about forcing recovery.
2026-06-07 10:29:06 0 [ERROR] InnoDB: Page [page id: space=0, page number=217] log sequence number 353208 is in the future! Current system log sequence number 306487.
2026-06-07 10:29:06 0 [ERROR] InnoDB: Your database may be corrupt or you may have copied the InnoDB tablespace but not the InnoDB log files. Please refer to https://mariadb.com/kb/en/library/innodb-recovery-modes/ for information about forcing recovery.
2026-06-07 10:29:06 0 [ERROR] InnoDB: Page [page id: space=0, page number=354] log sequence number 353208 is in the future! Current system log sequence number 306487.
2026-06-07 10:29:06 0 [ERROR] InnoDB: Your database may be corrupt or you may have copied the InnoDB tablespace but not the InnoDB log files. Please refer to https://mariadb.com/kb/en/library/innodb-recovery-modes/ for information about forcing recovery.
2026-06-07 10:29:06 0 [ERROR] InnoDB: Page [page id: space=0, page number=218] log sequence number 353252 is in the future! Current system log sequence number 306487.
2026-06-07 10:29:06 0 [ERROR] InnoDB: Your database may be corrupt or you may have copied the InnoDB tablespace but not the InnoDB log files. Please refer to https://mariadb.com/kb/en/library/innodb-recovery-modes/ for information about forcing recovery.
2026-06-07 10:29:06 0 [ERROR] InnoDB: Page [page id: space=0, page number=355] log sequence number 353252 is in the future! Current system log sequence number 306487.
2026-06-07 10:29:06 0 [ERROR] InnoDB: Your database may be corrupt or you may have copied the InnoDB tablespace but not the InnoDB log files. Please refer to https://mariadb.com/kb/en/library/innodb-recovery-modes/ for information about forcing recovery.
2026-06-07 10:29:06 0 [ERROR] InnoDB: Page [page id: space=0, page number=219] log sequence number 358596 is in the future! Current system log sequence number 306487.
2026-06-07 10:29:06 0 [ERROR] InnoDB: Your database may be corrupt or you may have copied the InnoDB tablespace but not the InnoDB log files. Please refer to https://mariadb.com/kb/en/library/innodb-recovery-modes/ for information about forcing recovery.
2026-06-07 10:29:06 0 [ERROR] InnoDB: Page [page id: space=0, page number=356] log sequence number 358596 is in the future! Current system log sequence number 306487.
2026-06-07 10:29:06 0 [ERROR] InnoDB: Your database may be corrupt or you may have copied the InnoDB tablespace but not the InnoDB log files. Please refer to https://mariadb.com/kb/en/library/innodb-recovery-modes/ for information about forcing recovery.
2026-06-07 10:29:06 0 [ERROR] InnoDB: Page [page id: space=0, page number=220] log sequence number 358640 is in the future! Current system log sequence number 306487.
2026-06-07 10:29:06 0 [ERROR] InnoDB: Your database may be corrupt or you may have copied the InnoDB tablespace but not the InnoDB log files. Please refer to https://mariadb.com/kb/en/library/innodb-recovery-modes/ for information about forcing recovery.
2026-06-07 10:29:06 0 [ERROR] InnoDB: Page [page id: space=0, page number=357] log sequence number 358640 is in the future! Current system log sequence number 306487.
2026-06-07 10:29:06 0 [ERROR] InnoDB: Your database may be corrupt or you may have copied the InnoDB tablespace but not the InnoDB log files. Please refer to https://mariadb.com/kb/en/library/innodb-recovery-modes/ for information about forcing recovery.
2026-06-07 10:29:06 0 [ERROR] InnoDB: Page [page id: space=0, page number=221] log sequence number 358684 is in the future! Current system log sequence number 306487.
2026-06-07 10:29:06 0 [ERROR] InnoDB: Your database may be corrupt or you may have copied the InnoDB tablespace but not the InnoDB log files. Please refer to https://mariadb.com/kb/en/library/innodb-recovery-modes/ for information about forcing recovery.
2026-06-07 10:29:06 0 [ERROR] InnoDB: Page [page id: space=0, page number=358] log sequence number 358684 is in the future! Current system log sequence number 306487.
2026-06-07 10:29:06 0 [ERROR] InnoDB: Your database may be corrupt or you may have copied the InnoDB tablespace but not the InnoDB log files. Please refer to https://mariadb.com/kb/en/library/innodb-recovery-modes/ for information about forcing recovery.
2026-06-07 10:29:06 0 [ERROR] InnoDB: Page [page id: space=0, page number=222] log sequence number 358728 is in the future! Current system log sequence number 306487.
2026-06-07 10:29:06 0 [ERROR] InnoDB: Your database may be corrupt or you may have copied the InnoDB tablespace but not the InnoDB log files. Please refer to https://mariadb.com/kb/en/library/innodb-recovery-modes/ for information about forcing recovery.
2026-06-07 10:29:06 0 [ERROR] InnoDB: Page [page id: space=0, page number=359] log sequence number 358728 is in the future! Current system log sequence number 306487.
2026-06-07 10:29:06 0 [ERROR] InnoDB: Your database may be corrupt or you may have copied the InnoDB tablespace but not the InnoDB log files. Please refer to https://mariadb.com/kb/en/library/innodb-recovery-modes/ for information about forcing recovery.
2026-06-07 10:29:06 0 [ERROR] InnoDB: Page [page id: space=0, page number=223] log sequence number 358772 is in the future! Current system log sequence number 306487.
2026-06-07 10:29:06 0 [ERROR] InnoDB: Your database may be corrupt or you may have copied the InnoDB tablespace but not the InnoDB log files. Please refer to https://mariadb.com/kb/en/library/innodb-recovery-modes/ for information about forcing recovery.
2026-06-07 10:29:06 0 [ERROR] InnoDB: Page [page id: space=0, page number=360] log sequence number 358772 is in the future! Current system log sequence number 306487.
2026-06-07 10:29:06 0 [ERROR] InnoDB: Your database may be corrupt or you may have copied the InnoDB tablespace but not the InnoDB log files. Please refer to https://mariadb.com/kb/en/library/innodb-recovery-modes/ for information about forcing recovery.
2026-06-07 10:29:06 0 [ERROR] InnoDB: Page [page id: space=0, page number=224] log sequence number 358816 is in the future! Current system log sequence number 306487.
2026-06-07 10:29:06 0 [ERROR] InnoDB: Your database may be corrupt or you may have copied the InnoDB tablespace but not the InnoDB log files. Please refer to https://mariadb.com/kb/en/library/innodb-recovery-modes/ for information about forcing recovery.
2026-06-07 10:29:06 0 [ERROR] InnoDB: Page [page id: space=0, page number=361] log sequence number 358816 is in the future! Current system log sequence number 306487.
2026-06-07 10:29:06 0 [ERROR] InnoDB: Your database may be corrupt or you may have copied the InnoDB tablespace but not the InnoDB log files. Please refer to https://mariadb.com/kb/en/library/innodb-recovery-modes/ for information about forcing recovery.
2026-06-07 10:29:06 0 [ERROR] InnoDB: Page [page id: space=0, page number=225] log sequence number 358860 is in the future! Current system log sequence number 306487.
2026-06-07 10:29:06 0 [ERROR] InnoDB: Your database may be corrupt or you may have copied the InnoDB tablespace but not the InnoDB log files. Please refer to https://mariadb.com/kb/en/library/innodb-recovery-modes/ for information about forcing recovery.
2026-06-07 10:29:06 0 [ERROR] InnoDB: Page [page id: space=0, page number=362] log sequence number 358860 is in the future! Current system log sequence number 306487.
2026-06-07 10:29:06 0 [ERROR] InnoDB: Your database may be corrupt or you may have copied the InnoDB tablespace but not the InnoDB log files. Please refer to https://mariadb.com/kb/en/library/innodb-recovery-modes/ for information about forcing recovery.
2026-06-07 10:29:06 0 [ERROR] InnoDB: Page [page id: space=0, page number=226] log sequence number 358904 is in the future! Current system log sequence number 306487.
2026-06-07 10:29:06 0 [ERROR] InnoDB: Your database may be corrupt or you may have copied the InnoDB tablespace but not the InnoDB log files. Please refer to https://mariadb.com/kb/en/library/innodb-recovery-modes/ for information about forcing recovery.
2026-06-07 10:29:06 0 [ERROR] InnoDB: Page [page id: space=0, page number=363] log sequence number 358904 is in the future! Current system log sequence number 306487.
2026-06-07 10:29:06 0 [ERROR] InnoDB: Your database may be corrupt or you may have copied the InnoDB tablespace but not the InnoDB log files. Please refer to https://mariadb.com/kb/en/library/innodb-recovery-modes/ for information about forcing recovery.
2026-06-07 10:29:06 0 [ERROR] InnoDB: Page [page id: space=0, page number=227] log sequence number 358964 is in the future! Current system log sequence number 306487.
2026-06-07 10:29:06 0 [ERROR] InnoDB: Your database may be corrupt or you may have copied the InnoDB tablespace but not the InnoDB log files. Please refer to https://mariadb.com/kb/en/library/innodb-recovery-modes/ for information about forcing recovery.
2026-06-07 10:29:06 0 [ERROR] InnoDB: Page [page id: space=0, page number=364] log sequence number 358964 is in the future! Current system log sequence number 306487.
2026-06-07 10:29:06 0 [ERROR] InnoDB: Your database may be corrupt or you may have copied the InnoDB tablespace but not the InnoDB log files. Please refer to https://mariadb.com/kb/en/library/innodb-recovery-modes/ for information about forcing recovery.
2026-06-07 10:29:06 0 [ERROR] InnoDB: Page [page id: space=0, page number=228] log sequence number 364909 is in the future! Current system log sequence number 306487.
2026-06-07 10:29:06 0 [ERROR] InnoDB: Your database may be corrupt or you may have copied the InnoDB tablespace but not the InnoDB log files. Please refer to https://mariadb.com/kb/en/library/innodb-recovery-modes/ for information about forcing recovery.
2026-06-07 10:29:06 0 [ERROR] InnoDB: Page [page id: space=0, page number=365] log sequence number 364909 is in the future! Current system log sequence number 306487.
2026-06-07 10:29:06 0 [ERROR] InnoDB: Your database may be corrupt or you may have copied the InnoDB tablespace but not the InnoDB log files. Please refer to https://mariadb.com/kb/en/library/innodb-recovery-modes/ for information about forcing recovery.
2026-06-07 10:29:06 0 [ERROR] InnoDB: Page [page id: space=0, page number=229] log sequence number 364953 is in the future! Current system log sequence number 306487.
2026-06-07 10:29:06 0 [ERROR] InnoDB: Your database may be corrupt or you may have copied the InnoDB tablespace but not the InnoDB log files. Please refer to https://mariadb.com/kb/en/library/innodb-recovery-modes/ for information about forcing recovery.
2026-06-07 10:29:06 0 [ERROR] InnoDB: Page [page id: space=0, page number=366] log sequence number 364953 is in the future! Current system log sequence number 306487.
2026-06-07 10:29:06 0 [ERROR] InnoDB: Your database may be corrupt or you may have copied the InnoDB tablespace but not the InnoDB log files. Please refer to https://mariadb.com/kb/en/library/innodb-recovery-modes/ for information about forcing recovery.
2026-06-07 10:29:06 0 [ERROR] InnoDB: Page [page id: space=0, page number=230] log sequence number 364997 is in the future! Current system log sequence number 306487.
2026-06-07 10:29:06 0 [ERROR] InnoDB: Your database may be corrupt or you may have copied the InnoDB tablespace but not the InnoDB log files. Please refer to https://mariadb.com/kb/en/library/innodb-recovery-modes/ for information about forcing recovery.
2026-06-07 10:29:06 0 [ERROR] InnoDB: Page [page id: space=0, page number=367] log sequence number 364997 is in the future! Current system log sequence number 306487.
2026-06-07 10:29:06 0 [ERROR] InnoDB: Your database may be corrupt or you may have copied the InnoDB tablespace but not the InnoDB log files. Please refer to https://mariadb.com/kb/en/library/innodb-recovery-modes/ for information about forcing recovery.
2026-06-07 10:29:06 0 [ERROR] InnoDB: Page [page id: space=0, page number=231] log sequence number 365041 is in the future! Current system log sequence number 306487.
2026-06-07 10:29:06 0 [ERROR] InnoDB: Your database may be corrupt or you may have copied the InnoDB tablespace but not the InnoDB log files. Please refer to https://mariadb.com/kb/en/library/innodb-recovery-modes/ for information about forcing recovery.
2026-06-07 10:29:06 0 [ERROR] InnoDB: Page [page id: space=0, page number=368] log sequence number 365041 is in the future! Current system log sequence number 306487.
2026-06-07 10:29:06 0 [ERROR] InnoDB: Your database may be corrupt or you may have copied the InnoDB tablespace but not the InnoDB log files. Please refer to https://mariadb.com/kb/en/library/innodb-recovery-modes/ for information about forcing recovery.
2026-06-07 10:29:06 0 [ERROR] InnoDB: Page [page id: space=0, page number=232] log sequence number 365101 is in the future! Current system log sequence number 306487.
2026-06-07 10:29:06 0 [ERROR] InnoDB: Your database may be corrupt or you may have copied the InnoDB tablespace but not the InnoDB log files. Please refer to https://mariadb.com/kb/en/library/innodb-recovery-modes/ for information about forcing recovery.
2026-06-07 10:29:06 0 [ERROR] InnoDB: Page [page id: space=0, page number=373] log sequence number 365101 is in the future! Current system log sequence number 306487.
2026-06-07 10:29:06 0 [ERROR] InnoDB: Your database may be corrupt or you may have copied the InnoDB tablespace but not the InnoDB log files. Please refer to https://mariadb.com/kb/en/library/innodb-recovery-modes/ for information about forcing recovery.
2026-06-07 10:29:06 0 [ERROR] InnoDB: Page [page id: space=0, page number=233] log sequence number 365145 is in the future! Current system log sequence number 306487.
2026-06-07 10:29:06 0 [ERROR] InnoDB: Your database may be corrupt or you may have copied the InnoDB tablespace but not the InnoDB log files. Please refer to https://mariadb.com/kb/en/library/innodb-recovery-modes/ for information about forcing recovery.
2026-06-07 10:29:06 0 [ERROR] InnoDB: Page [page id: space=0, page number=374] log sequence number 365145 is in the future! Current system log sequence number 306487.
2026-06-07 10:29:06 0 [ERROR] InnoDB: Your database may be corrupt or you may have copied the InnoDB tablespace but not the InnoDB log files. Please refer to https://mariadb.com/kb/en/library/innodb-recovery-modes/ for information about forcing recovery.
2026-06-07 10:29:06 0 [ERROR] InnoDB: Page [page id: space=0, page number=234] log sequence number 365189 is in the future! Current system log sequence number 306487.
2026-06-07 10:29:06 0 [ERROR] InnoDB: Your database may be corrupt or you may have copied the InnoDB tablespace but not the InnoDB log files. Please refer to https://mariadb.com/kb/en/library/innodb-recovery-modes/ for information about forcing recovery.
2026-06-07 10:29:06 0 [ERROR] InnoDB: Page [page id: space=0, page number=375] log sequence number 365189 is in the future! Current system log sequence number 306487.
2026-06-07 10:29:06 0 [ERROR] InnoDB: Your database may be corrupt or you may have copied the InnoDB tablespace but not the InnoDB log files. Please refer to https://mariadb.com/kb/en/library/innodb-recovery-modes/ for information about forcing recovery.
2026-06-07 10:29:06 0 [ERROR] InnoDB: Page [page id: space=0, page number=235] log sequence number 365233 is in the future! Current system log sequence number 306487.
2026-06-07 10:29:06 0 [ERROR] InnoDB: Your database may be corrupt or you may have copied the InnoDB tablespace but not the InnoDB log files. Please refer to https://mariadb.com/kb/en/library/innodb-recovery-modes/ for information about forcing recovery.
2026-06-07 10:29:06 0 [ERROR] InnoDB: Page [page id: space=0, page number=376] log sequence number 365233 is in the future! Current system log sequence number 306487.
2026-06-07 10:29:06 0 [ERROR] InnoDB: Your database may be corrupt or you may have copied the InnoDB tablespace but not the InnoDB log files. Please refer to https://mariadb.com/kb/en/library/innodb-recovery-modes/ for information about forcing recovery.
2026-06-07 10:29:06 0 [ERROR] InnoDB: Page [page id: space=0, page number=236] log sequence number 365277 is in the future! Current system log sequence number 306487.
2026-06-07 10:29:06 0 [ERROR] InnoDB: Your database may be corrupt or you may have copied the InnoDB tablespace but not the InnoDB log files. Please refer to https://mariadb.com/kb/en/library/innodb-recovery-modes/ for information about forcing recovery.
2026-06-07 10:29:06 0 [ERROR] InnoDB: Page [page id: space=0, page number=431] log sequence number 365277 is in the future! Current system log sequence number 306487.
2026-06-07 10:29:06 0 [ERROR] InnoDB: Your database may be corrupt or you may have copied the InnoDB tablespace but not the InnoDB log files. Please refer to https://mariadb.com/kb/en/library/innodb-recovery-modes/ for information about forcing recovery.
2026-06-07 10:29:06 0 [ERROR] InnoDB: Page [page id: space=0, page number=237] log sequence number 365321 is in the future! Current system log sequence number 306487.
2026-06-07 10:29:06 0 [ERROR] InnoDB: Your database may be corrupt or you may have copied the InnoDB tablespace but not the InnoDB log files. Please refer to https://mariadb.com/kb/en/library/innodb-recovery-modes/ for information about forcing recovery.
2026-06-07 10:29:06 0 [ERROR] InnoDB: Page [page id: space=0, page number=377] log sequence number 365321 is in the future! Current system log sequence number 306487.
2026-06-07 10:29:06 0 [ERROR] InnoDB: Your database may be corrupt or you may have copied the InnoDB tablespace but not the InnoDB log files. Please refer to https://mariadb.com/kb/en/library/innodb-recovery-modes/ for information about forcing recovery.
2026-06-07 10:29:06 0 [ERROR] InnoDB: Page [page id: space=0, page number=238] log sequence number 365365 is in the future! Current system log sequence number 306487.
2026-06-07 10:29:06 0 [ERROR] InnoDB: Your database may be corrupt or you may have copied the InnoDB tablespace but not the InnoDB log files. Please refer to https://mariadb.com/kb/en/library/innodb-recovery-modes/ for information about forcing recovery.
2026-06-07 10:29:06 0 [ERROR] InnoDB: Page [page id: space=0, page number=378] log sequence number 365365 is in the future! Current system log sequence number 306487.
2026-06-07 10:29:06 0 [ERROR] InnoDB: Your database may be corrupt or you may have copied the InnoDB tablespace but not the InnoDB log files. Please refer to https://mariadb.com/kb/en/library/innodb-recovery-modes/ for information about forcing recovery.
2026-06-07 10:29:06 0 [ERROR] InnoDB: Page [page id: space=0, page number=239] log sequence number 370749 is in the future! Current system log sequence number 306487.
2026-06-07 10:29:06 0 [ERROR] InnoDB: Your database may be corrupt or you may have copied the InnoDB tablespace but not the InnoDB log files. Please refer to https://mariadb.com/kb/en/library/innodb-recovery-modes/ for information about forcing recovery.
2026-06-07 10:29:06 0 [ERROR] InnoDB: Page [page id: space=0, page number=379] log sequence number 370749 is in the future! Current system log sequence number 306487.
2026-06-07 10:29:06 0 [ERROR] InnoDB: Your database may be corrupt or you may have copied the InnoDB tablespace but not the InnoDB log files. Please refer to https://mariadb.com/kb/en/library/innodb-recovery-modes/ for information about forcing recovery.
2026-06-07 10:29:06 0 [ERROR] InnoDB: Page [page id: space=0, page number=240] log sequence number 370793 is in the future! Current system log sequence number 306487.
2026-06-07 10:29:06 0 [ERROR] InnoDB: Your database may be corrupt or you may have copied the InnoDB tablespace but not the InnoDB log files. Please refer to https://mariadb.com/kb/en/library/innodb-recovery-modes/ for information about forcing recovery.
2026-06-07 10:29:06 0 [ERROR] InnoDB: Page [page id: space=0, page number=369] log sequence number 370793 is in the future! Current system log sequence number 306487.
2026-06-07 10:29:06 0 [ERROR] InnoDB: Your database may be corrupt or you may have copied the InnoDB tablespace but not the InnoDB log files. Please refer to https://mariadb.com/kb/en/library/innodb-recovery-modes/ for information about forcing recovery.
2026-06-07 10:29:06 0 [ERROR] InnoDB: Page [page id: space=0, page number=241] log sequence number 370837 is in the future! Current system log sequence number 306487.
2026-06-07 10:29:06 0 [ERROR] InnoDB: Your database may be corrupt or you may have copied the InnoDB tablespace but not the InnoDB log files. Please refer to https://mariadb.com/kb/en/library/innodb-recovery-modes/ for information about forcing recovery.
2026-06-07 10:29:06 0 [ERROR] InnoDB: Page [page id: space=0, page number=380] log sequence number 370837 is in the future! Current system log sequence number 306487.
2026-06-07 10:29:06 0 [ERROR] InnoDB: Your database may be corrupt or you may have copied the InnoDB tablespace but not the InnoDB log files. Please refer to https://mariadb.com/kb/en/library/innodb-recovery-modes/ for information about forcing recovery.
2026-06-07 10:29:06 0 [ERROR] InnoDB: Page [page id: space=0, page number=242] log sequence number 370881 is in the future! Current system log sequence number 306487.
2026-06-07 10:29:06 0 [ERROR] InnoDB: Your database may be corrupt or you may have copied the InnoDB tablespace but not the InnoDB log files. Please refer to https://mariadb.com/kb/en/library/innodb-recovery-modes/ for information about forcing recovery.
2026-06-07 10:29:06 0 [ERROR] InnoDB: Page [page id: space=0, page number=381] log sequence number 370881 is in the future! Current system log sequence number 306487.
2026-06-07 10:29:06 0 [ERROR] InnoDB: Your database may be corrupt or you may have copied the InnoDB tablespace but not the InnoDB log files. Please refer to https://mariadb.com/kb/en/library/innodb-recovery-modes/ for information about forcing recovery.
2026-06-07 10:29:06 0 [ERROR] InnoDB: Page [page id: space=0, page number=244] log sequence number 370925 is in the future! Current system log sequence number 306487.
2026-06-07 10:29:06 0 [ERROR] InnoDB: Your database may be corrupt or you may have copied the InnoDB tablespace but not the InnoDB log files. Please refer to https://mariadb.com/kb/en/library/innodb-recovery-modes/ for information about forcing recovery.
2026-06-07 10:29:06 0 [ERROR] InnoDB: Page [page id: space=0, page number=384] log sequence number 370925 is in the future! Current system log sequence number 306487.
2026-06-07 10:29:06 0 [ERROR] InnoDB: Your database may be corrupt or you may have copied the InnoDB tablespace but not the InnoDB log files. Please refer to https://mariadb.com/kb/en/library/innodb-recovery-modes/ for information about forcing recovery.
2026-06-07 10:29:06 0 [ERROR] InnoDB: Page [page id: space=0, page number=245] log sequence number 370969 is in the future! Current system log sequence number 306487.
2026-06-07 10:29:06 0 [ERROR] InnoDB: Your database may be corrupt or you may have copied the InnoDB tablespace but not the InnoDB log files. Please refer to https://mariadb.com/kb/en/library/innodb-recovery-modes/ for information about forcing recovery.
2026-06-07 10:29:06 0 [ERROR] InnoDB: Page [page id: space=0, page number=382] log sequence number 370969 is in the future! Current system log sequence number 306487.
2026-06-07 10:29:06 0 [ERROR] InnoDB: Your database may be corrupt or you may have copied the InnoDB tablespace but not the InnoDB log files. Please refer to https://mariadb.com/kb/en/library/innodb-recovery-modes/ for information about forcing recovery.
2026-06-07 10:29:06 0 [ERROR] InnoDB: Page [page id: space=0, page number=246] log sequence number 371013 is in the future! Current system log sequence number 306487.
2026-06-07 10:29:06 0 [ERROR] InnoDB: Your database may be corrupt or you may have copied the InnoDB tablespace but not the InnoDB log files. Please refer to https://mariadb.com/kb/en/library/innodb-recovery-modes/ for information about forcing recovery.
2026-06-07 10:29:06 0 [ERROR] InnoDB: Page [page id: space=0, page number=383] log sequence number 371013 is in the future! Current system log sequence number 306487.
2026-06-07 10:29:06 0 [ERROR] InnoDB: Your database may be corrupt or you may have copied the InnoDB tablespace but not the InnoDB log files. Please refer to https://mariadb.com/kb/en/library/innodb-recovery-modes/ for information about forcing recovery.
2026-06-07 10:29:06 0 [ERROR] InnoDB: Page [page id: space=0, page number=247] log sequence number 371057 is in the future! Current system log sequence number 306487.
2026-06-07 10:29:06 0 [ERROR] InnoDB: Your database may be corrupt or you may have copied the InnoDB tablespace but not the InnoDB log files. Please refer to https://mariadb.com/kb/en/library/innodb-recovery-modes/ for information about forcing recovery.
2026-06-07 10:29:06 0 [ERROR] InnoDB: Page [page id: space=0, page number=432] log sequence number 371057 is in the future! Current system log sequence number 306487.
2026-06-07 10:29:06 0 [ERROR] InnoDB: Your database may be corrupt or you may have copied the InnoDB tablespace but not the InnoDB log files. Please refer to https://mariadb.com/kb/en/library/innodb-recovery-modes/ for information about forcing recovery.
2026-06-07 10:29:06 0 [ERROR] InnoDB: Page [page id: space=0, page number=248] log sequence number 371101 is in the future! Current system log sequence number 306487.
2026-06-07 10:29:06 0 [ERROR] InnoDB: Your database may be corrupt or you may have copied the InnoDB tablespace but not the InnoDB log files. Please refer to https://mariadb.com/kb/en/library/innodb-recovery-modes/ for information about forcing recovery.
2026-06-07 10:29:06 0 [ERROR] InnoDB: Page [page id: space=0, page number=385] log sequence number 371101 is in the future! Current system log sequence number 306487.
2026-06-07 10:29:06 0 [ERROR] InnoDB: Your database may be corrupt or you may have copied the InnoDB tablespace but not the InnoDB log files. Please refer to https://mariadb.com/kb/en/library/innodb-recovery-modes/ for information about forcing recovery.
2026-06-07 10:29:06 0 [ERROR] InnoDB: Page [page id: space=0, page number=249] log sequence number 376354 is in the future! Current system log sequence number 306487.
2026-06-07 10:29:06 0 [ERROR] InnoDB: Your database may be corrupt or you may have copied the InnoDB tablespace but not the InnoDB log files. Please refer to https://mariadb.com/kb/en/library/innodb-recovery-modes/ for information about forcing recovery.
2026-06-07 10:29:06 0 [ERROR] InnoDB: Page [page id: space=0, page number=370] log sequence number 376354 is in the future! Current system log sequence number 306487.
2026-06-07 10:29:06 0 [ERROR] InnoDB: Your database may be corrupt or you may have copied the InnoDB tablespace but not the InnoDB log files. Please refer to https://mariadb.com/kb/en/library/innodb-recovery-modes/ for information about forcing recovery.
2026-06-07 10:29:06 0 [ERROR] InnoDB: Page [page id: space=0, page number=250] log sequence number 376398 is in the future! Current system log sequence number 306487.
2026-06-07 10:29:06 0 [ERROR] InnoDB: Your database may be corrupt or you may have copied the InnoDB tablespace but not the InnoDB log files. Please refer to https://mariadb.com/kb/en/library/innodb-recovery-modes/ for information about forcing recovery.
2026-06-07 10:29:06 0 [ERROR] InnoDB: Page [page id: space=0, page number=371] log sequence number 376398 is in the future! Current system log sequence number 306487.
2026-06-07 10:29:06 0 [ERROR] InnoDB: Your database may be corrupt or you may have copied the InnoDB tablespace but not the InnoDB log files. Please refer to https://mariadb.com/kb/en/library/innodb-recovery-modes/ for information about forcing recovery.
2026-06-07 10:29:06 0 [ERROR] InnoDB: Page [page id: space=0, page number=251] log sequence number 376442 is in the future! Current system log sequence number 306487.
2026-06-07 10:29:06 0 [ERROR] InnoDB: Your database may be corrupt or you may have copied the InnoDB tablespace but not the InnoDB log files. Please refer to https://mariadb.com/kb/en/library/innodb-recovery-modes/ for information about forcing recovery.
2026-06-07 10:29:06 0 [ERROR] InnoDB: Page [page id: space=0, page number=386] log sequence number 376442 is in the future! Current system log sequence number 306487.
2026-06-07 10:29:06 0 [ERROR] InnoDB: Your database may be corrupt or you may have copied the InnoDB tablespace but not the InnoDB log files. Please refer to https://mariadb.com/kb/en/library/innodb-recovery-modes/ for information about forcing recovery.
2026-06-07 10:29:06 0 [ERROR] InnoDB: Page [page id: space=0, page number=252] log sequence number 376486 is in the future! Current system log sequence number 306487.
2026-06-07 10:29:06 0 [ERROR] InnoDB: Your database may be corrupt or you may have copied the InnoDB tablespace but not the InnoDB log files. Please refer to https://mariadb.com/kb/en/library/innodb-recovery-modes/ for information about forcing recovery.
2026-06-07 10:29:06 0 [ERROR] InnoDB: Page [page id: space=0, page number=387] log sequence number 376486 is in the future! Current system log sequence number 306487.
2026-06-07 10:29:06 0 [ERROR] InnoDB: Your database may be corrupt or you may have copied the InnoDB tablespace but not the InnoDB log files. Please refer to https://mariadb.com/kb/en/library/innodb-recovery-modes/ for information about forcing recovery.
2026-06-07 10:29:06 0 [ERROR] InnoDB: Page [page id: space=0, page number=253] log sequence number 376530 is in the future! Current system log sequence number 306487.
2026-06-07 10:29:06 0 [ERROR] InnoDB: Your database may be corrupt or you may have copied the InnoDB tablespace but not the InnoDB log files. Please refer to https://mariadb.com/kb/en/library/innodb-recovery-modes/ for information about forcing recovery.
2026-06-07 10:29:06 0 [ERROR] InnoDB: Page [page id: space=0, page number=372] log sequence number 376530 is in the future! Current system log sequence number 306487.
2026-06-07 10:29:06 0 [ERROR] InnoDB: Your database may be corrupt or you may have copied the InnoDB tablespace but not the InnoDB log files. Please refer to https://mariadb.com/kb/en/library/innodb-recovery-modes/ for information about forcing recovery.
2026-06-07 10:29:06 0 [ERROR] InnoDB: Page [page id: space=0, page number=254] log sequence number 376574 is in the future! Current system log sequence number 306487.
2026-06-07 10:29:06 0 [ERROR] InnoDB: Your database may be corrupt or you may have copied the InnoDB tablespace but not the InnoDB log files. Please refer to https://mariadb.com/kb/en/library/innodb-recovery-modes/ for information about forcing recovery.
2026-06-07 10:29:06 0 [ERROR] InnoDB: Page [page id: space=0, page number=388] log sequence number 376574 is in the future! Current system log sequence number 306487.
2026-06-07 10:29:06 0 [ERROR] InnoDB: Your database may be corrupt or you may have copied the InnoDB tablespace but not the InnoDB log files. Please refer to https://mariadb.com/kb/en/library/innodb-recovery-modes/ for information about forcing recovery.
2026-06-07 10:29:06 0 [ERROR] InnoDB: Page [page id: space=0, page number=255] log sequence number 376618 is in the future! Current system log sequence number 306487.
2026-06-07 10:29:06 0 [ERROR] InnoDB: Your database may be corrupt or you may have copied the InnoDB tablespace but not the InnoDB log files. Please refer to https://mariadb.com/kb/en/library/innodb-recovery-modes/ for information about forcing recovery.
2026-06-07 10:29:06 0 [ERROR] InnoDB: Page [page id: space=0, page number=389] log sequence number 376618 is in the future! Current system log sequence number 306487.
2026-06-07 10:29:06 0 [ERROR] InnoDB: Your database may be corrupt or you may have copied the InnoDB tablespace but not the InnoDB log files. Please refer to https://mariadb.com/kb/en/library/innodb-recovery-modes/ for information about forcing recovery.
2026-06-07 10:29:06 0 [ERROR] InnoDB: Page [page id: space=0, page number=256] log sequence number 376662 is in the future! Current system log sequence number 306487.
2026-06-07 10:29:06 0 [ERROR] InnoDB: Your database may be corrupt or you may have copied the InnoDB tablespace but not the InnoDB log files. Please refer to https://mariadb.com/kb/en/library/innodb-recovery-modes/ for information about forcing recovery.
2026-06-07 10:29:06 0 [ERROR] InnoDB: Page [page id: space=0, page number=390] log sequence number 376662 is in the future! Current system log sequence number 306487.
2026-06-07 10:29:06 0 [ERROR] InnoDB: Your database may be corrupt or you may have copied the InnoDB tablespace but not the InnoDB log files. Please refer to https://mariadb.com/kb/en/library/innodb-recovery-modes/ for information about forcing recovery.
2026-06-07 10:29:06 0 [ERROR] InnoDB: Page [page id: space=0, page number=257] log sequence number 376706 is in the future! Current system log sequence number 306487.
2026-06-07 10:29:06 0 [ERROR] InnoDB: Your database may be corrupt or you may have copied the InnoDB tablespace but not the InnoDB log files. Please refer to https://mariadb.com/kb/en/library/innodb-recovery-modes/ for information about forcing recovery.
2026-06-07 10:29:06 0 [ERROR] InnoDB: Page [page id: space=0, page number=391] log sequence number 376706 is in the future! Current system log sequence number 306487.
2026-06-07 10:29:06 0 [ERROR] InnoDB: Your database may be corrupt or you may have copied the InnoDB tablespace but not the InnoDB log files. Please refer to https://mariadb.com/kb/en/library/innodb-recovery-modes/ for information about forcing recovery.
2026-06-07 10:29:06 0 [ERROR] InnoDB: Page [page id: space=0, page number=258] log sequence number 382629 is in the future! Current system log sequence number 306487.
2026-06-07 10:29:06 0 [ERROR] InnoDB: Your database may be corrupt or you may have copied the InnoDB tablespace but not the InnoDB log files. Please refer to https://mariadb.com/kb/en/library/innodb-recovery-modes/ for information about forcing recovery.
2026-06-07 10:29:06 0 [ERROR] InnoDB: Page [page id: space=0, page number=392] log sequence number 382629 is in the future! Current system log sequence number 306487.
2026-06-07 10:29:06 0 [ERROR] InnoDB: Your database may be corrupt or you may have copied the InnoDB tablespace but not the InnoDB log files. Please refer to https://mariadb.com/kb/en/library/innodb-recovery-modes/ for information about forcing recovery.
2026-06-07 10:29:06 0 [ERROR] InnoDB: Page [page id: space=0, page number=259] log sequence number 382673 is in the future! Current system log sequence number 306487.
2026-06-07 10:29:06 0 [ERROR] InnoDB: Your database may be corrupt or you may have copied the InnoDB tablespace but not the InnoDB log files. Please refer to https://mariadb.com/kb/en/library/innodb-recovery-modes/ for information about forcing recovery.
2026-06-07 10:29:06 0 [ERROR] InnoDB: Page [page id: space=0, page number=393] log sequence number 382673 is in the future! Current system log sequence number 306487.
2026-06-07 10:29:06 0 [ERROR] InnoDB: Your database may be corrupt or you may have copied the InnoDB tablespace but not the InnoDB log files. Please refer to https://mariadb.com/kb/en/library/innodb-recovery-modes/ for information about forcing recovery.
2026-06-07 10:29:06 0 [ERROR] InnoDB: Page [page id: space=0, page number=260] log sequence number 382717 is in the future! Current system log sequence number 306487.
2026-06-07 10:29:06 0 [ERROR] InnoDB: Your database may be corrupt or you may have copied the InnoDB tablespace but not the InnoDB log files. Please refer to https://mariadb.com/kb/en/library/innodb-recovery-modes/ for information about forcing recovery.
2026-06-07 10:29:06 0 [ERROR] InnoDB: Page [page id: space=0, page number=396] log sequence number 382717 is in the future! Current system log sequence number 306487.
2026-06-07 10:29:06 0 [ERROR] InnoDB: Your database may be corrupt or you may have copied the InnoDB tablespace but not the InnoDB log files. Please refer to https://mariadb.com/kb/en/library/innodb-recovery-modes/ for information about forcing recovery.
2026-06-07 10:29:06 0 [ERROR] InnoDB: Page [page id: space=0, page number=261] log sequence number 382761 is in the future! Current system log sequence number 306487.
2026-06-07 10:29:06 0 [ERROR] InnoDB: Your database may be corrupt or you may have copied the InnoDB tablespace but not the InnoDB log files. Please refer to https://mariadb.com/kb/en/library/innodb-recovery-modes/ for information about forcing recovery.
2026-06-07 10:29:06 0 [ERROR] InnoDB: Page [page id: space=0, page number=394] log sequence number 382761 is in the future! Current system log sequence number 306487.
2026-06-07 10:29:06 0 [ERROR] InnoDB: Your database may be corrupt or you may have copied the InnoDB tablespace but not the InnoDB log files. Please refer to https://mariadb.com/kb/en/library/innodb-recovery-modes/ for information about forcing recovery.
2026-06-07 10:29:06 0 [ERROR] InnoDB: Page [page id: space=0, page number=262] log sequence number 382805 is in the future! Current system log sequence number 306487.
2026-06-07 10:29:06 0 [ERROR] InnoDB: Your database may be corrupt or you may have copied the InnoDB tablespace but not the InnoDB log files. Please refer to https://mariadb.com/kb/en/library/innodb-recovery-modes/ for information about forcing recovery.
2026-06-07 10:29:06 0 [ERROR] InnoDB: Page [page id: space=0, page number=395] log sequence number 382805 is in the future! Current system log sequence number 306487.
2026-06-07 10:29:06 0 [ERROR] InnoDB: Your database may be corrupt or you may have copied the InnoDB tablespace but not the InnoDB log files. Please refer to https://mariadb.com/kb/en/library/innodb-recovery-modes/ for information about forcing recovery.
2026-06-07 10:29:06 0 [ERROR] InnoDB: Page [page id: space=0, page number=263] log sequence number 382849 is in the future! Current system log sequence number 306487.
2026-06-07 10:29:06 0 [ERROR] InnoDB: Your database may be corrupt or you may have copied the InnoDB tablespace but not the InnoDB log files. Please refer to https://mariadb.com/kb/en/library/innodb-recovery-modes/ for information about forcing recovery.
2026-06-07 10:29:07 0 [ERROR] InnoDB: Page [page id: space=0, page number=433] log sequence number 382849 is in the future! Current system log sequence number 306487.
2026-06-07 10:29:07 0 [ERROR] InnoDB: Your database may be corrupt or you may have copied the InnoDB tablespace but not the InnoDB log files. Please refer to https://mariadb.com/kb/en/library/innodb-recovery-modes/ for information about forcing recovery.
2026-06-07 10:29:07 0 [ERROR] InnoDB: Page [page id: space=0, page number=264] log sequence number 382893 is in the future! Current system log sequence number 306487.
2026-06-07 10:29:07 0 [ERROR] InnoDB: Your database may be corrupt or you may have copied the InnoDB tablespace but not the InnoDB log files. Please refer to https://mariadb.com/kb/en/library/innodb-recovery-modes/ for information about forcing recovery.
2026-06-07 10:29:07 0 [ERROR] InnoDB: Page [page id: space=0, page number=397] log sequence number 382893 is in the future! Current system log sequence number 306487.
2026-06-07 10:29:07 0 [ERROR] InnoDB: Your database may be corrupt or you may have copied the InnoDB tablespace but not the InnoDB log files. Please refer to https://mariadb.com/kb/en/library/innodb-recovery-modes/ for information about forcing recovery.
2026-06-07 10:29:07 0 [ERROR] InnoDB: Page [page id: space=0, page number=265] log sequence number 382937 is in the future! Current system log sequence number 306487.
2026-06-07 10:29:07 0 [ERROR] InnoDB: Your database may be corrupt or you may have copied the InnoDB tablespace but not the InnoDB log files. Please refer to https://mariadb.com/kb/en/library/innodb-recovery-modes/ for information about forcing recovery.
2026-06-07 10:29:07 0 [ERROR] InnoDB: Page [page id: space=0, page number=398] log sequence number 382937 is in the future! Current system log sequence number 306487.
2026-06-07 10:29:07 0 [ERROR] InnoDB: Your database may be corrupt or you may have copied the InnoDB tablespace but not the InnoDB log files. Please refer to https://mariadb.com/kb/en/library/innodb-recovery-modes/ for information about forcing recovery.
2026-06-07 10:29:07 0 [ERROR] InnoDB: Page [page id: space=0, page number=266] log sequence number 382997 is in the future! Current system log sequence number 306487.
2026-06-07 10:29:07 0 [ERROR] InnoDB: Your database may be corrupt or you may have copied the InnoDB tablespace but not the InnoDB log files. Please refer to https://mariadb.com/kb/en/library/innodb-recovery-modes/ for information about forcing recovery.
2026-06-07 10:29:07 0 [ERROR] InnoDB: Page [page id: space=0, page number=434] log sequence number 382997 is in the future! Current system log sequence number 306487.
2026-06-07 10:29:07 0 [ERROR] InnoDB: Your database may be corrupt or you may have copied the InnoDB tablespace but not the InnoDB log files. Please refer to https://mariadb.com/kb/en/library/innodb-recovery-modes/ for information about forcing recovery.
2026-06-07 10:29:07 0 [ERROR] InnoDB: Page [page id: space=0, page number=269] log sequence number 359334 is in the future! Current system log sequence number 306487.
2026-06-07 10:29:07 0 [ERROR] InnoDB: Your database may be corrupt or you may have copied the InnoDB tablespace but not the InnoDB log files. Please refer to https://mariadb.com/kb/en/library/innodb-recovery-modes/ for information about forcing recovery.
2026-06-07 10:29:07 0 [ERROR] InnoDB: Page [page id: space=0, page number=400] log sequence number 359334 is in the future! Current system log sequence number 306487.
2026-06-07 10:29:07 0 [ERROR] InnoDB: Your database may be corrupt or you may have copied the InnoDB tablespace but not the InnoDB log files. Please refer to https://mariadb.com/kb/en/library/innodb-recovery-modes/ for information about forcing recovery.
2026-06-07 10:29:07 0 [ERROR] InnoDB: Page [page id: space=0, page number=270] log sequence number 359378 is in the future! Current system log sequence number 306487.
2026-06-07 10:29:07 0 [ERROR] InnoDB: Your database may be corrupt or you may have copied the InnoDB tablespace but not the InnoDB log files. Please refer to https://mariadb.com/kb/en/library/innodb-recovery-modes/ for information about forcing recovery.
2026-06-07 10:29:07 0 [ERROR] InnoDB: Page [page id: space=0, page number=401] log sequence number 359378 is in the future! Current system log sequence number 306487.
2026-06-07 10:29:07 0 [ERROR] InnoDB: Your database may be corrupt or you may have copied the InnoDB tablespace but not the InnoDB log files. Please refer to https://mariadb.com/kb/en/library/innodb-recovery-modes/ for information about forcing recovery.
2026-06-07 10:29:07 0 [ERROR] InnoDB: Page [page id: space=0, page number=271] log sequence number 360018 is in the future! Current system log sequence number 306487.
2026-06-07 10:29:07 0 [ERROR] InnoDB: Your database may be corrupt or you may have copied the InnoDB tablespace but not the InnoDB log files. Please refer to https://mariadb.com/kb/en/library/innodb-recovery-modes/ for information about forcing recovery.
2026-06-07 10:29:07 0 [ERROR] InnoDB: Page [page id: space=0, page number=402] log sequence number 360018 is in the future! Current system log sequence number 306487.
2026-06-07 10:29:07 0 [ERROR] InnoDB: Your database may be corrupt or you may have copied the InnoDB tablespace but not the InnoDB log files. Please refer to https://mariadb.com/kb/en/library/innodb-recovery-modes/ for information about forcing recovery.
2026-06-07 10:29:07 0 [ERROR] InnoDB: Page [page id: space=0, page number=273] log sequence number 373289 is in the future! Current system log sequence number 306487.
2026-06-07 10:29:07 0 [ERROR] InnoDB: Your database may be corrupt or you may have copied the InnoDB tablespace but not the InnoDB log files. Please refer to https://mariadb.com/kb/en/library/innodb-recovery-modes/ for information about forcing recovery.
2026-06-07 10:29:07 0 [ERROR] InnoDB: Page [page id: space=0, page number=403] log sequence number 373289 is in the future! Current system log sequence number 306487.
2026-06-07 10:29:07 0 [ERROR] InnoDB: Your database may be corrupt or you may have copied the InnoDB tablespace but not the InnoDB log files. Please refer to https://mariadb.com/kb/en/library/innodb-recovery-modes/ for information about forcing recovery.
2026-06-07 10:29:07 0 [ERROR] InnoDB: Page [page id: space=0, page number=275] log sequence number 373333 is in the future! Current system log sequence number 306487.
2026-06-07 10:29:07 0 [ERROR] InnoDB: Your database may be corrupt or you may have copied the InnoDB tablespace but not the InnoDB log files. Please refer to https://mariadb.com/kb/en/library/innodb-recovery-modes/ for information about forcing recovery.
2026-06-07 10:29:07 0 [ERROR] InnoDB: Page [page id: space=0, page number=404] log sequence number 373333 is in the future! Current system log sequence number 306487.
2026-06-07 10:29:07 0 [ERROR] InnoDB: Your database may be corrupt or you may have copied the InnoDB tablespace but not the InnoDB log files. Please refer to https://mariadb.com/kb/en/library/innodb-recovery-modes/ for information about forcing recovery.
2026-06-07 10:29:07 0 [ERROR] InnoDB: Page [page id: space=0, page number=276] log sequence number 373377 is in the future! Current system log sequence number 306487.
2026-06-07 10:29:07 0 [ERROR] InnoDB: Your database may be corrupt or you may have copied the InnoDB tablespace but not the InnoDB log files. Please refer to https://mariadb.com/kb/en/library/innodb-recovery-modes/ for information about forcing recovery.
2026-06-07 10:29:07 0 [ERROR] InnoDB: Page [page id: space=0, page number=405] log sequence number 373377 is in the future! Current system log sequence number 306487.
2026-06-07 10:29:07 0 [ERROR] InnoDB: Your database may be corrupt or you may have copied the InnoDB tablespace but not the InnoDB log files. Please refer to https://mariadb.com/kb/en/library/innodb-recovery-modes/ for information about forcing recovery.
2026-06-07 10:29:07 0 [ERROR] InnoDB: Page [page id: space=0, page number=277] log sequence number 373421 is in the future! Current system log sequence number 306487.
2026-06-07 10:29:07 0 [ERROR] InnoDB: Your database may be corrupt or you may have copied the InnoDB tablespace but not the InnoDB log files. Please refer to https://mariadb.com/kb/en/library/innodb-recovery-modes/ for information about forcing recovery.
2026-06-07 10:29:07 0 [ERROR] InnoDB: Page [page id: space=0, page number=406] log sequence number 373421 is in the future! Current system log sequence number 306487.
2026-06-07 10:29:07 0 [ERROR] InnoDB: Your database may be corrupt or you may have copied the InnoDB tablespace but not the InnoDB log files. Please refer to https://mariadb.com/kb/en/library/innodb-recovery-modes/ for information about forcing recovery.
2026-06-07 10:29:07 0 [ERROR] InnoDB: Page [page id: space=0, page number=278] log sequence number 373465 is in the future! Current system log sequence number 306487.
2026-06-07 10:29:07 0 [ERROR] InnoDB: Your database may be corrupt or you may have copied the InnoDB tablespace but not the InnoDB log files. Please refer to https://mariadb.com/kb/en/library/innodb-recovery-modes/ for information about forcing recovery.
2026-06-07 10:29:07 0 [ERROR] InnoDB: Page [page id: space=0, page number=407] log sequence number 373465 is in the future! Current system log sequence number 306487.
2026-06-07 10:29:07 0 [ERROR] InnoDB: Your database may be corrupt or you may have copied the InnoDB tablespace but not the InnoDB log files. Please refer to https://mariadb.com/kb/en/library/innodb-recovery-modes/ for information about forcing recovery.
2026-06-07 10:29:07 0 [ERROR] InnoDB: Page [page id: space=0, page number=279] log sequence number 373509 is in the future! Current system log sequence number 306487.
2026-06-07 10:29:07 0 [ERROR] InnoDB: Your database may be corrupt or you may have copied the InnoDB tablespace but not the InnoDB log files. Please refer to https://mariadb.com/kb/en/library/innodb-recovery-modes/ for information about forcing recovery.
2026-06-07 10:29:07 0 [ERROR] InnoDB: Page [page id: space=0, page number=409] log sequence number 373509 is in the future! Current system log sequence number 306487.
2026-06-07 10:29:07 0 [ERROR] InnoDB: Your database may be corrupt or you may have copied the InnoDB tablespace but not the InnoDB log files. Please refer to https://mariadb.com/kb/en/library/innodb-recovery-modes/ for information about forcing recovery.
2026-06-07 10:29:07 0 [ERROR] InnoDB: Page [page id: space=0, page number=280] log sequence number 373553 is in the future! Current system log sequence number 306487.
2026-06-07 10:29:07 0 [ERROR] InnoDB: Your database may be corrupt or you may have copied the InnoDB tablespace but not the InnoDB log files. Please refer to https://mariadb.com/kb/en/library/innodb-recovery-modes/ for information about forcing recovery.
2026-06-07 10:29:07 0 [ERROR] InnoDB: Page [page id: space=0, page number=410] log sequence number 373553 is in the future! Current system log sequence number 306487.
2026-06-07 10:29:07 0 [ERROR] InnoDB: Your database may be corrupt or you may have copied the InnoDB tablespace but not the InnoDB log files. Please refer to https://mariadb.com/kb/en/library/innodb-recovery-modes/ for information about forcing recovery.
2026-06-07 10:29:07 0 [ERROR] InnoDB: Page [page id: space=0, page number=281] log sequence number 373597 is in the future! Current system log sequence number 306487.
2026-06-07 10:29:07 0 [ERROR] InnoDB: Your database may be corrupt or you may have copied the InnoDB tablespace but not the InnoDB log files. Please refer to https://mariadb.com/kb/en/library/innodb-recovery-modes/ for information about forcing recovery.
2026-06-07 10:29:07 0 [ERROR] InnoDB: Page [page id: space=0, page number=411] log sequence number 373597 is in the future! Current system log sequence number 306487.
2026-06-07 10:29:07 0 [ERROR] InnoDB: Your database may be corrupt or you may have copied the InnoDB tablespace but not the InnoDB log files. Please refer to https://mariadb.com/kb/en/library/innodb-recovery-modes/ for information about forcing recovery.
2026-06-07 10:29:07 0 [ERROR] InnoDB: Page [page id: space=0, page number=282] log sequence number 373641 is in the future! Current system log sequence number 306487.
2026-06-07 10:29:07 0 [ERROR] InnoDB: Your database may be corrupt or you may have copied the InnoDB tablespace but not the InnoDB log files. Please refer to https://mariadb.com/kb/en/library/innodb-recovery-modes/ for information about forcing recovery.
2026-06-07 10:29:07 0 [ERROR] InnoDB: Page [page id: space=0, page number=412] log sequence number 373641 is in the future! Current system log sequence number 306487.
2026-06-07 10:29:07 0 [ERROR] InnoDB: Your database may be corrupt or you may have copied the InnoDB tablespace but not the InnoDB log files. Please refer to https://mariadb.com/kb/en/library/innodb-recovery-modes/ for information about forcing recovery.
2026-06-07 10:29:07 0 [ERROR] InnoDB: Page [page id: space=0, page number=283] log sequence number 373685 is in the future! Current system log sequence number 306487.
2026-06-07 10:29:07 0 [ERROR] InnoDB: Your database may be corrupt or you may have copied the InnoDB tablespace but not the InnoDB log files. Please refer to https://mariadb.com/kb/en/library/innodb-recovery-modes/ for information about forcing recovery.
2026-06-07 10:29:07 0 [ERROR] InnoDB: Page [page id: space=0, page number=413] log sequence number 373685 is in the future! Current system log sequence number 306487.
2026-06-07 10:29:07 0 [ERROR] InnoDB: Your database may be corrupt or you may have copied the InnoDB tablespace but not the InnoDB log files. Please refer to https://mariadb.com/kb/en/library/innodb-recovery-modes/ for information about forcing recovery.
2026-06-07 10:29:07 0 [ERROR] InnoDB: Page [page id: space=0, page number=284] log sequence number 373729 is in the future! Current system log sequence number 306487.
2026-06-07 10:29:07 0 [ERROR] InnoDB: Your database may be corrupt or you may have copied the InnoDB tablespace but not the InnoDB log files. Please refer to https://mariadb.com/kb/en/library/innodb-recovery-modes/ for information about forcing recovery.
2026-06-07 10:29:07 0 [ERROR] InnoDB: Page [page id: space=0, page number=414] log sequence number 373729 is in the future! Current system log sequence number 306487.
2026-06-07 10:29:07 0 [ERROR] InnoDB: Your database may be corrupt or you may have copied the InnoDB tablespace but not the InnoDB log files. Please refer to https://mariadb.com/kb/en/library/innodb-recovery-modes/ for information about forcing recovery.
2026-06-07 10:29:07 0 [ERROR] InnoDB: Page [page id: space=0, page number=285] log sequence number 373789 is in the future! Current system log sequence number 306487.
2026-06-07 10:29:07 0 [ERROR] InnoDB: Your database may be corrupt or you may have copied the InnoDB tablespace but not the InnoDB log files. Please refer to https://mariadb.com/kb/en/library/innodb-recovery-modes/ for information about forcing recovery.
2026-06-07 10:29:07 0 [ERROR] InnoDB: Page [page id: space=0, page number=415] log sequence number 373789 is in the future! Current system log sequence number 306487.
2026-06-07 10:29:07 0 [ERROR] InnoDB: Your database may be corrupt or you may have copied the InnoDB tablespace but not the InnoDB log files. Please refer to https://mariadb.com/kb/en/library/innodb-recovery-modes/ for information about forcing recovery.
2026-06-07 10:29:07 0 [ERROR] InnoDB: Page [page id: space=0, page number=286] log sequence number 373833 is in the future! Current system log sequence number 306487.
2026-06-07 10:29:07 0 [ERROR] InnoDB: Your database may be corrupt or you may have copied the InnoDB tablespace but not the InnoDB log files. Please refer to https://mariadb.com/kb/en/library/innodb-recovery-modes/ for information about forcing recovery.
2026-06-07 10:29:07 0 [ERROR] InnoDB: Page [page id: space=0, page number=416] log sequence number 373833 is in the future! Current system log sequence number 306487.
2026-06-07 10:29:07 0 [ERROR] InnoDB: Your database may be corrupt or you may have copied the InnoDB tablespace but not the InnoDB log files. Please refer to https://mariadb.com/kb/en/library/innodb-recovery-modes/ for information about forcing recovery.
2026-06-07 10:29:07 0 [ERROR] InnoDB: Page [page id: space=0, page number=287] log sequence number 373877 is in the future! Current system log sequence number 306487.
2026-06-07 10:29:07 0 [ERROR] InnoDB: Your database may be corrupt or you may have copied the InnoDB tablespace but not the InnoDB log files. Please refer to https://mariadb.com/kb/en/library/innodb-recovery-modes/ for information about forcing recovery.
2026-06-07 10:29:07 0 [ERROR] InnoDB: Page [page id: space=0, page number=417] log sequence number 373877 is in the future! Current system log sequence number 306487.
2026-06-07 10:29:07 0 [ERROR] InnoDB: Your database may be corrupt or you may have copied the InnoDB tablespace but not the InnoDB log files. Please refer to https://mariadb.com/kb/en/library/innodb-recovery-modes/ for information about forcing recovery.
2026-06-07 10:29:07 0 [ERROR] InnoDB: Page [page id: space=0, page number=288] log sequence number 373921 is in the future! Current system log sequence number 306487.
2026-06-07 10:29:07 0 [ERROR] InnoDB: Your database may be corrupt or you may have copied the InnoDB tablespace but not the InnoDB log files. Please refer to https://mariadb.com/kb/en/library/innodb-recovery-modes/ for information about forcing recovery.
2026-06-07 10:29:07 0 [ERROR] InnoDB: Page [page id: space=0, page number=418] log sequence number 373921 is in the future! Current system log sequence number 306487.
2026-06-07 10:29:07 0 [ERROR] InnoDB: Your database may be corrupt or you may have copied the InnoDB tablespace but not the InnoDB log files. Please refer to https://mariadb.com/kb/en/library/innodb-recovery-modes/ for information about forcing recovery.
2026-06-07 10:29:07 0 [ERROR] InnoDB: Page [page id: space=0, page number=289] log sequence number 373965 is in the future! Current system log sequence number 306487.
2026-06-07 10:29:07 0 [ERROR] InnoDB: Your database may be corrupt or you may have copied the InnoDB tablespace but not the InnoDB log files. Please refer to https://mariadb.com/kb/en/library/innodb-recovery-modes/ for information about forcing recovery.
2026-06-07 10:29:07 0 [ERROR] InnoDB: Page [page id: space=0, page number=419] log sequence number 373965 is in the future! Current system log sequence number 306487.
2026-06-07 10:29:07 0 [ERROR] InnoDB: Your database may be corrupt or you may have copied the InnoDB tablespace but not the InnoDB log files. Please refer to https://mariadb.com/kb/en/library/innodb-recovery-modes/ for information about forcing recovery.
2026-06-07 10:29:07 0 [ERROR] InnoDB: Page [page id: space=0, page number=290] log sequence number 374009 is in the future! Current system log sequence number 306487.
2026-06-07 10:29:07 0 [ERROR] InnoDB: Your database may be corrupt or you may have copied the InnoDB tablespace but not the InnoDB log files. Please refer to https://mariadb.com/kb/en/library/innodb-recovery-modes/ for information about forcing recovery.
2026-06-07 10:29:07 0 [ERROR] InnoDB: Page [page id: space=0, page number=420] log sequence number 374009 is in the future! Current system log sequence number 306487.
2026-06-07 10:29:07 0 [ERROR] InnoDB: Your database may be corrupt or you may have copied the InnoDB tablespace but not the InnoDB log files. Please refer to https://mariadb.com/kb/en/library/innodb-recovery-modes/ for information about forcing recovery.
2026-06-07 10:29:07 0 [ERROR] InnoDB: Page [page id: space=0, page number=291] log sequence number 374053 is in the future! Current system log sequence number 306487.
2026-06-07 10:29:07 0 [ERROR] InnoDB: Your database may be corrupt or you may have copied the InnoDB tablespace but not the InnoDB log files. Please refer to https://mariadb.com/kb/en/library/innodb-recovery-modes/ for information about forcing recovery.
2026-06-07 10:29:07 0 [ERROR] InnoDB: Page [page id: space=0, page number=421] log sequence number 374053 is in the future! Current system log sequence number 306487.
2026-06-07 10:29:07 0 [ERROR] InnoDB: Your database may be corrupt or you may have copied the InnoDB tablespace but not the InnoDB log files. Please refer to https://mariadb.com/kb/en/library/innodb-recovery-modes/ for information about forcing recovery.
2026-06-07 10:29:07 0 [ERROR] InnoDB: Page [page id: space=0, page number=292] log sequence number 382552 is in the future! Current system log sequence number 306487.
2026-06-07 10:29:07 0 [ERROR] InnoDB: Your database may be corrupt or you may have copied the InnoDB tablespace but not the InnoDB log files. Please refer to https://mariadb.com/kb/en/library/innodb-recovery-modes/ for information about forcing recovery.
2026-06-07 10:29:07 0 [ERROR] InnoDB: Page [page id: space=0, page number=422] log sequence number 382552 is in the future! Current system log sequence number 306487.
2026-06-07 10:29:07 0 [ERROR] InnoDB: Your database may be corrupt or you may have copied the InnoDB tablespace but not the InnoDB log files. Please refer to https://mariadb.com/kb/en/library/innodb-recovery-modes/ for information about forcing recovery.
2026-06-07 10:29:07 0 [ERROR] InnoDB: Page [page id: space=0, page number=293] log sequence number 382596 is in the future! Current system log sequence number 306487.
2026-06-07 10:29:07 0 [ERROR] InnoDB: Your database may be corrupt or you may have copied the InnoDB tablespace but not the InnoDB log files. Please refer to https://mariadb.com/kb/en/library/innodb-recovery-modes/ for information about forcing recovery.
2026-06-07 10:29:07 0 [ERROR] InnoDB: Page [page id: space=0, page number=423] log sequence number 382596 is in the future! Current system log sequence number 306487.
2026-06-07 10:29:07 0 [ERROR] InnoDB: Your database may be corrupt or you may have copied the InnoDB tablespace but not the InnoDB log files. Please refer to https://mariadb.com/kb/en/library/innodb-recovery-modes/ for information about forcing recovery.
2026-06-07 10:29:07 0 [ERROR] InnoDB: Page [page id: space=0, page number=294] log sequence number 382640 is in the future! Current system log sequence number 306487.
2026-06-07 10:29:07 0 [ERROR] InnoDB: Your database may be corrupt or you may have copied the InnoDB tablespace but not the InnoDB log files. Please refer to https://mariadb.com/kb/en/library/innodb-recovery-modes/ for information about forcing recovery.
2026-06-07 10:29:07 0 [ERROR] InnoDB: Page [page id: space=0, page number=424] log sequence number 382640 is in the future! Current system log sequence number 306487.
2026-06-07 10:29:07 0 [ERROR] InnoDB: Your database may be corrupt or you may have copied the InnoDB tablespace but not the InnoDB log files. Please refer to https://mariadb.com/kb/en/library/innodb-recovery-modes/ for information about forcing recovery.
2026-06-07 10:29:07 0 [ERROR] InnoDB: Page [page id: space=0, page number=295] log sequence number 382684 is in the future! Current system log sequence number 306487.
2026-06-07 10:29:07 0 [ERROR] InnoDB: Your database may be corrupt or you may have copied the InnoDB tablespace but not the InnoDB log files. Please refer to https://mariadb.com/kb/en/library/innodb-recovery-modes/ for information about forcing recovery.
2026-06-07 10:29:07 0 [ERROR] InnoDB: Page [page id: space=0, page number=425] log sequence number 382684 is in the future! Current system log sequence number 306487.
2026-06-07 10:29:07 0 [ERROR] InnoDB: Your database may be corrupt or you may have copied the InnoDB tablespace but not the InnoDB log files. Please refer to https://mariadb.com/kb/en/library/innodb-recovery-modes/ for information about forcing recovery.
2026-06-07 10:29:07 0 [ERROR] InnoDB: Page [page id: space=0, page number=296] log sequence number 382728 is in the future! Current system log sequence number 306487.
2026-06-07 10:29:07 0 [ERROR] InnoDB: Your database may be corrupt or you may have copied the InnoDB tablespace but not the InnoDB log files. Please refer to https://mariadb.com/kb/en/library/innodb-recovery-modes/ for information about forcing recovery.
2026-06-07 10:29:07 0 [ERROR] InnoDB: Page [page id: space=0, page number=426] log sequence number 382728 is in the future! Current system log sequence number 306487.
2026-06-07 10:29:07 0 [ERROR] InnoDB: Your database may be corrupt or you may have copied the InnoDB tablespace but not the InnoDB log files. Please refer to https://mariadb.com/kb/en/library/innodb-recovery-modes/ for information about forcing recovery.
2026-06-07 10:29:07 0 [ERROR] InnoDB: Page [page id: space=0, page number=297] log sequence number 382772 is in the future! Current system log sequence number 306487.
2026-06-07 10:29:07 0 [ERROR] InnoDB: Your database may be corrupt or you may have copied the InnoDB tablespace but not the InnoDB log files. Please refer to https://mariadb.com/kb/en/library/innodb-recovery-modes/ for information about forcing recovery.
2026-06-07 10:29:07 0 [ERROR] InnoDB: Page [page id: space=0, page number=427] log sequence number 382772 is in the future! Current system log sequence number 306487.
2026-06-07 10:29:07 0 [ERROR] InnoDB: Your database may be corrupt or you may have copied the InnoDB tablespace but not the InnoDB log files. Please refer to https://mariadb.com/kb/en/library/innodb-recovery-modes/ for information about forcing recovery.
2026-06-07 10:29:07 0 [ERROR] InnoDB: Page [page id: space=0, page number=298] log sequence number 382816 is in the future! Current system log sequence number 306487.
2026-06-07 10:29:07 0 [ERROR] InnoDB: Your database may be corrupt or you may have copied the InnoDB tablespace but not the InnoDB log files. Please refer to https://mariadb.com/kb/en/library/innodb-recovery-modes/ for information about forcing recovery.
2026-06-07 10:29:07 0 [ERROR] InnoDB: Page [page id: space=0, page number=428] log sequence number 382816 is in the future! Current system log sequence number 306487.
2026-06-07 10:29:07 0 [ERROR] InnoDB: Your database may be corrupt or you may have copied the InnoDB tablespace but not the InnoDB log files. Please refer to https://mariadb.com/kb/en/library/innodb-recovery-modes/ for information about forcing recovery.
2026-06-07 10:29:07 0 [ERROR] InnoDB: Page [page id: space=0, page number=299] log sequence number 382860 is in the future! Current system log sequence number 306487.
2026-06-07 10:29:07 0 [ERROR] InnoDB: Your database may be corrupt or you may have copied the InnoDB tablespace but not the InnoDB log files. Please refer to https://mariadb.com/kb/en/library/innodb-recovery-modes/ for information about forcing recovery.
2026-06-07 10:29:07 0 [ERROR] InnoDB: Page [page id: space=0, page number=429] log sequence number 382860 is in the future! Current system log sequence number 306487.
2026-06-07 10:29:07 0 [ERROR] InnoDB: Your database may be corrupt or you may have copied the InnoDB tablespace but not the InnoDB log files. Please refer to https://mariadb.com/kb/en/library/innodb-recovery-modes/ for information about forcing recovery.
2026-06-07 10:29:07 0 [ERROR] InnoDB: Page [page id: space=0, page number=300] log sequence number 382904 is in the future! Current system log sequence number 306487.
2026-06-07 10:29:07 0 [ERROR] InnoDB: Your database may be corrupt or you may have copied the InnoDB tablespace but not the InnoDB log files. Please refer to https://mariadb.com/kb/en/library/innodb-recovery-modes/ for information about forcing recovery.
2026-06-07 10:29:07 0 [ERROR] InnoDB: Page [page id: space=0, page number=430] log sequence number 382904 is in the future! Current system log sequence number 306487.
2026-06-07 10:29:07 0 [ERROR] InnoDB: Your database may be corrupt or you may have copied the InnoDB tablespace but not the InnoDB log files. Please refer to https://mariadb.com/kb/en/library/innodb-recovery-modes/ for information about forcing recovery.
2026-06-07 10:29:07 0 [ERROR] InnoDB: Page [page id: space=0, page number=0] log sequence number 381298 is in the future! Current system log sequence number 306487.
2026-06-07 10:29:07 0 [ERROR] InnoDB: Your database may be corrupt or you may have copied the InnoDB tablespace but not the InnoDB log files. Please refer to https://mariadb.com/kb/en/library/innodb-recovery-modes/ for information about forcing recovery.
2026-06-07 10:29:07 0 [ERROR] InnoDB: Page [page id: space=0, page number=8] log sequence number 349743 is in the future! Current system log sequence number 306487.
2026-06-07 10:29:07 0 [ERROR] InnoDB: Your database may be corrupt or you may have copied the InnoDB tablespace but not the InnoDB log files. Please refer to https://mariadb.com/kb/en/library/innodb-recovery-modes/ for information about forcing recovery.
2026-06-07 10:29:07 0 [ERROR] InnoDB: Page [page id: space=0, page number=10] log sequence number 349847 is in the future! Current system log sequence number 306487.
2026-06-07 10:29:07 0 [ERROR] InnoDB: Your database may be corrupt or you may have copied the InnoDB tablespace but not the InnoDB log files. Please refer to https://mariadb.com/kb/en/library/innodb-recovery-modes/ for information about forcing recovery.
2026-06-07 10:29:07 0 [ERROR] InnoDB: Page [page id: space=0, page number=12] log sequence number 349779 is in the future! Current system log sequence number 306487.
2026-06-07 10:29:07 0 [ERROR] InnoDB: Your database may be corrupt or you may have copied the InnoDB tablespace but not the InnoDB log files. Please refer to https://mariadb.com/kb/en/library/innodb-recovery-modes/ for information about forcing recovery.
2026-06-07 10:29:07 0 [ERROR] InnoDB: Page [page id: space=0, page number=307] log sequence number 349733 is in the future! Current system log sequence number 306487.
2026-06-07 10:29:07 0 [ERROR] InnoDB: Your database may be corrupt or you may have copied the InnoDB tablespace but not the InnoDB log files. Please refer to https://mariadb.com/kb/en/library/innodb-recovery-modes/ for information about forcing recovery.
2026-06-07 10:29:07 0 [ERROR] InnoDB: Page [page id: space=0, page number=308] log sequence number 349749 is in the future! Current system log sequence number 306487.
2026-06-07 10:29:07 0 [ERROR] InnoDB: Your database may be corrupt or you may have copied the InnoDB tablespace but not the InnoDB log files. Please refer to https://mariadb.com/kb/en/library/innodb-recovery-modes/ for information about forcing recovery.
2026-06-07 10:29:07 0 [Note] InnoDB: 128 out of 128 rollback segments are active.
2026-06-07 10:29:07 0 [Note] InnoDB: Removed temporary tablespace data file: "ibtmp1"
2026-06-07 10:29:07 0 [Note] InnoDB: Creating shared tablespace for temporary tables
2026-06-07 10:29:07 0 [Note] InnoDB: Setting file 'D:\xampp\mysql\data\ibtmp1' size to 12 MB. Physically writing the file full; Please wait ...
2026-06-07 10:29:07 0 [Note] InnoDB: File 'D:\xampp\mysql\data\ibtmp1' size is now 12 MB.
2026-06-07 10:29:07 0 [Note] InnoDB: Waiting for purge to start
2026-06-07 10:29:07 1 [ERROR] InnoDB: Page [page id: space=0, page number=9] log sequence number 349738 is in the future! Current system log sequence number 306487.
2026-06-07 10:29:07 1 [ERROR] InnoDB: Your database may be corrupt or you may have copied the InnoDB tablespace but not the InnoDB log files. Please refer to https://mariadb.com/kb/en/library/innodb-recovery-modes/ for information about forcing recovery.
2026-06-07 10:29:07 1 [ERROR] InnoDB: Page [page id: space=28, page number=0] log sequence number 340260 is in the future! Current system log sequence number 306487.
2026-06-07 10:29:07 1 [ERROR] InnoDB: Your database may be corrupt or you may have copied the InnoDB tablespace but not the InnoDB log files. Please refer to https://mariadb.com/kb/en/library/innodb-recovery-modes/ for information about forcing recovery.
2026-06-07 10:29:07 1 [ERROR] InnoDB: Page [page id: space=28, page number=1] log sequence number 338720 is in the future! Current system log sequence number 306487.
2026-06-07 10:29:07 1 [ERROR] InnoDB: Your database may be corrupt or you may have copied the InnoDB tablespace but not the InnoDB log files. Please refer to https://mariadb.com/kb/en/library/innodb-recovery-modes/ for information about forcing recovery.
2026-06-07 10:29:07 0 [Note] InnoDB: 10.4.32 started; log sequence number 306478; transaction id 820
2026-06-07 10:29:07 0 [Note] InnoDB: Loading buffer pool(s) from D:\xampp\mysql\data\ib_buffer_pool
2026-06-07 10:29:07 0 [Note] Plugin 'FEEDBACK' is disabled.
2026-06-07 10:29:07 0 [ERROR] InnoDB: Page [page id: space=0, page number=243] log sequence number 362601 is in the future! Current system log sequence number 306487.
2026-06-07 10:29:07 0 [ERROR] InnoDB: Your database may be corrupt or you may have copied the InnoDB tablespace but not the InnoDB log files. Please refer to https://mariadb.com/kb/en/library/innodb-recovery-modes/ for information about forcing recovery.
2026-06-07 10:29:07 0 [Note] InnoDB: Buffer pool(s) load completed at 260607 10:29:07
2026-06-07 10:29:08 0 [Note] Server socket created on IP: '::'.
2026-06-07 10:51:16 0 [Note] Starting MariaDB 10.4.32-MariaDB source revision c4143f909528e3fab0677a28631d10389354c491 as process 16040
2026-06-07 10:51:16 0 [Note] InnoDB: Mutexes and rw_locks use Windows interlocked functions
2026-06-07 10:51:16 0 [Note] InnoDB: Uses event mutexes
2026-06-07 10:51:16 0 [Note] InnoDB: Compressed tables use zlib 1.3
2026-06-07 10:51:16 0 [Note] InnoDB: Number of pools: 1
2026-06-07 10:51:16 0 [Note] InnoDB: Using SSE2 crc32 instructions
2026-06-07 10:51:16 0 [Note] InnoDB: Initializing buffer pool, total size = 16M, instances = 1, chunk size = 16M
2026-06-07 10:51:16 0 [Note] InnoDB: Completed initialization of buffer pool
2026-06-07 10:51:16 0 [Note] InnoDB: Starting crash recovery from checkpoint LSN=306487
2026-06-07 10:51:16 0 [Warning] InnoDB: Are you sure you are using the right ib_logfiles to start up the database? Log sequence number in the ib_logfiles is 306487, less than the log sequence number in the first system tablespace file header, 383879.
2026-06-07 10:51:16 0 [Warning] InnoDB: Ignoring a doublewrite copy of page [page id: space=16, page number=3] with future log sequence number 340849
2026-06-07 10:51:16 0 [Warning] InnoDB: Ignoring a doublewrite copy of page [page id: space=0, page number=248] with future log sequence number 340829
2026-06-07 10:51:16 0 [Warning] InnoDB: Ignoring a doublewrite copy of page [page id: space=0, page number=385] with future log sequence number 340829
2026-06-07 10:51:16 0 [Warning] InnoDB: Ignoring a doublewrite copy of page [page id: space=0, page number=232] with future log sequence number 339797
2026-06-07 10:51:16 0 [Warning] InnoDB: Ignoring a doublewrite copy of page [page id: space=0, page number=373] with future log sequence number 339797
2026-06-07 10:51:16 0 [Warning] InnoDB: Ignoring a doublewrite copy of page [page id: space=0, page number=231] with future log sequence number 339753
2026-06-07 10:51:16 0 [Warning] InnoDB: Ignoring a doublewrite copy of page [page id: space=0, page number=368] with future log sequence number 339753
2026-06-07 10:51:16 0 [Warning] InnoDB: Ignoring a doublewrite copy of page [page id: space=0, page number=230] with future log sequence number 339709
2026-06-07 10:51:16 0 [Warning] InnoDB: Ignoring a doublewrite copy of page [page id: space=0, page number=367] with future log sequence number 339709
2026-06-07 10:51:16 0 [Warning] InnoDB: Ignoring a doublewrite copy of page [page id: space=0, page number=260] with future log sequence number 355374
2026-06-07 10:51:16 0 [Warning] InnoDB: Ignoring a doublewrite copy of page [page id: space=0, page number=290] with future log sequence number 374009
2026-06-07 10:51:16 0 [Warning] InnoDB: Ignoring a doublewrite copy of page [page id: space=0, page number=420] with future log sequence number 374009
2026-06-07 10:51:16 0 [Warning] InnoDB: Ignoring a doublewrite copy of page [page id: space=0, page number=223] with future log sequence number 317669
2026-06-07 10:51:16 0 [Warning] InnoDB: Ignoring a doublewrite copy of page [page id: space=2, page number=3] with future log sequence number 317754
2026-06-07 10:51:16 0 [Warning] InnoDB: Ignoring a doublewrite copy of page [page id: space=0, page number=360] with future log sequence number 317669
2026-06-07 10:51:16 0 [Warning] InnoDB: Ignoring a doublewrite copy of page [page id: space=0, page number=237] with future log sequence number 326879
2026-06-07 10:51:16 0 [Warning] InnoDB: Ignoring a doublewrite copy of page [page id: space=0, page number=377] with future log sequence number 326879
2026-06-07 10:51:16 0 [Warning] InnoDB: Ignoring a doublewrite copy of page [page id: space=0, page number=218] with future log sequence number 353252
2026-06-07 10:51:16 0 [Warning] InnoDB: Ignoring a doublewrite copy of page [page id: space=0, page number=355] with future log sequence number 353252
2026-06-07 10:51:16 0 [Warning] InnoDB: Ignoring a doublewrite copy of page [page id: space=0, page number=217] with future log sequence number 353208
2026-06-07 10:51:16 0 [Warning] InnoDB: Ignoring a doublewrite copy of page [page id: space=0, page number=354] with future log sequence number 353208
2026-06-07 10:51:16 0 [Warning] InnoDB: Ignoring a doublewrite copy of page [page id: space=0, page number=216] with future log sequence number 353164
2026-06-07 10:51:16 0 [Warning] InnoDB: Ignoring a doublewrite copy of page [page id: space=0, page number=353] with future log sequence number 353164
2026-06-07 10:51:16 0 [Warning] InnoDB: Ignoring a doublewrite copy of page [page id: space=0, page number=215] with future log sequence number 353120
2026-06-07 10:51:16 0 [Warning] InnoDB: Ignoring a doublewrite copy of page [page id: space=0, page number=352] with future log sequence number 353120
2026-06-07 10:51:16 0 [Warning] InnoDB: Ignoring a doublewrite copy of page [page id: space=0, page number=213] with future log sequence number 353076
2026-06-07 10:51:16 0 [Warning] InnoDB: Ignoring a doublewrite copy of page [page id: space=0, page number=237] with future log sequence number 365321
2026-06-07 10:51:16 0 [Warning] InnoDB: Ignoring a doublewrite copy of page [page id: space=0, page number=377] with future log sequence number 365321
2026-06-07 10:51:16 0 [Warning] InnoDB: Ignoring a doublewrite copy of page [page id: space=0, page number=249] with future log sequence number 371342
2026-06-07 10:51:16 0 [Warning] InnoDB: Ignoring a doublewrite copy of page [page id: space=16, page number=3] with future log sequence number 371362
2026-06-07 10:51:16 0 [Warning] InnoDB: Ignoring a doublewrite copy of page [page id: space=0, page number=370] with future log sequence number 371342
2026-06-07 10:51:16 0 [Warning] InnoDB: Ignoring a doublewrite copy of page [page id: space=0, page number=266] with future log sequence number 382997
2026-06-07 10:51:16 0 [Warning] InnoDB: Ignoring a doublewrite copy of page [page id: space=0, page number=434] with future log sequence number 382997
2026-06-07 10:51:16 0 [Warning] InnoDB: Ignoring a doublewrite copy of page [page id: space=0, page number=265] with future log sequence number 382937
2026-06-07 10:51:16 0 [Warning] InnoDB: Ignoring a doublewrite copy of page [page id: space=0, page number=398] with future log sequence number 382937
2026-06-07 10:51:16 0 [ERROR] InnoDB: Page [page id: space=0, page number=7] log sequence number 339768 is in the future! Current system log sequence number 306505.
2026-06-07 10:51:16 0 [ERROR] InnoDB: Your database may be corrupt or you may have copied the InnoDB tablespace but not the InnoDB log files. Please refer to https://mariadb.com/kb/en/library/innodb-recovery-modes/ for information about forcing recovery.
2026-06-07 10:51:16 0 [ERROR] InnoDB: Page [page id: space=0, page number=11] log sequence number 349764 is in the future! Current system log sequence number 306505.
2026-06-07 10:51:16 0 [ERROR] InnoDB: Your database may be corrupt or you may have copied the InnoDB tablespace but not the InnoDB log files. Please refer to https://mariadb.com/kb/en/library/innodb-recovery-modes/ for information about forcing recovery.
2026-06-07 10:51:16 0 [ERROR] InnoDB: Page [page id: space=0, page number=6] log sequence number 382375 is in the future! Current system log sequence number 306505.
2026-06-07 10:51:16 0 [ERROR] InnoDB: Your database may be corrupt or you may have copied the InnoDB tablespace but not the InnoDB log files. Please refer to https://mariadb.com/kb/en/library/innodb-recovery-modes/ for information about forcing recovery.
2026-06-07 10:51:16 0 [ERROR] InnoDB: Page [page id: space=0, page number=301] log sequence number 382375 is in the future! Current system log sequence number 306505.
2026-06-07 10:51:16 0 [ERROR] InnoDB: Your database may be corrupt or you may have copied the InnoDB tablespace but not the InnoDB log files. Please refer to https://mariadb.com/kb/en/library/innodb-recovery-modes/ for information about forcing recovery.
2026-06-07 10:51:16 0 [ERROR] InnoDB: Page [page id: space=0, page number=45] log sequence number 382414 is in the future! Current system log sequence number 306505.
2026-06-07 10:51:16 0 [ERROR] InnoDB: Your database may be corrupt or you may have copied the InnoDB tablespace but not the InnoDB log files. Please refer to https://mariadb.com/kb/en/library/innodb-recovery-modes/ for information about forcing recovery.
2026-06-07 10:51:16 0 [ERROR] InnoDB: Page [page id: space=0, page number=306] log sequence number 382414 is in the future! Current system log sequence number 306505.
2026-06-07 10:51:16 0 [ERROR] InnoDB: Your database may be corrupt or you may have copied the InnoDB tablespace but not the InnoDB log files. Please refer to https://mariadb.com/kb/en/library/innodb-recovery-modes/ for information about forcing recovery.
2026-06-07 10:51:16 0 [ERROR] InnoDB: Page [page id: space=0, page number=46] log sequence number 382453 is in the future! Current system log sequence number 306505.
2026-06-07 10:51:16 0 [ERROR] InnoDB: Your database may be corrupt or you may have copied the InnoDB tablespace but not the InnoDB log files. Please refer to https://mariadb.com/kb/en/library/innodb-recovery-modes/ for information about forcing recovery.
2026-06-07 10:51:16 0 [ERROR] InnoDB: Page [page id: space=0, page number=309] log sequence number 382453 is in the future! Current system log sequence number 306505.
2026-06-07 10:51:16 0 [ERROR] InnoDB: Your database may be corrupt or you may have copied the InnoDB tablespace but not the InnoDB log files. Please refer to https://mariadb.com/kb/en/library/innodb-recovery-modes/ for information about forcing recovery.
2026-06-07 10:51:16 0 [ERROR] InnoDB: Page [page id: space=0, page number=193] log sequence number 335526 is in the future! Current system log sequence number 306505.
2026-06-07 10:51:16 0 [ERROR] InnoDB: Your database may be corrupt or you may have copied the InnoDB tablespace but not the InnoDB log files. Please refer to https://mariadb.com/kb/en/library/innodb-recovery-modes/ for information about forcing recovery.
2026-06-07 10:51:16 0 [ERROR] InnoDB: Page [page id: space=0, page number=330] log sequence number 335526 is in the future! Current system log sequence number 306505.
2026-06-07 10:51:16 0 [ERROR] InnoDB: Your database may be corrupt or you may have copied the InnoDB tablespace but not the InnoDB log files. Please refer to https://mariadb.com/kb/en/library/innodb-recovery-modes/ for information about forcing recovery.
2026-06-07 10:51:16 0 [ERROR] InnoDB: Page [page id: space=0, page number=204] log sequence number 307021 is in the future! Current system log sequence number 306505.
2026-06-07 10:51:16 0 [ERROR] InnoDB: Your database may be corrupt or you may have copied the InnoDB tablespace but not the InnoDB log files. Please refer to https://mariadb.com/kb/en/library/innodb-recovery-modes/ for information about forcing recovery.
2026-06-07 10:51:16 0 [ERROR] InnoDB: Page [page id: space=0, page number=341] log sequence number 307021 is in the future! Current system log sequence number 306505.
2026-06-07 10:51:16 0 [ERROR] InnoDB: Your database may be corrupt or you may have copied the InnoDB tablespace but not the InnoDB log files. Please refer to https://mariadb.com/kb/en/library/innodb-recovery-modes/ for information about forcing recovery.
2026-06-07 10:51:16 0 [ERROR] InnoDB: Page [page id: space=0, page number=205] log sequence number 352708 is in the future! Current system log sequence number 306505.
2026-06-07 10:51:16 0 [ERROR] InnoDB: Your database may be corrupt or you may have copied the InnoDB tablespace but not the InnoDB log files. Please refer to https://mariadb.com/kb/en/library/innodb-recovery-modes/ for information about forcing recovery.
2026-06-07 10:51:16 0 [ERROR] InnoDB: Page [page id: space=0, page number=342] log sequence number 352708 is in the future! Current system log sequence number 306505.
2026-06-07 10:51:16 0 [ERROR] InnoDB: Your database may be corrupt or you may have copied the InnoDB tablespace but not the InnoDB log files. Please refer to https://mariadb.com/kb/en/library/innodb-recovery-modes/ for information about forcing recovery.
2026-06-07 10:51:16 0 [ERROR] InnoDB: Page [page id: space=0, page number=206] log sequence number 352752 is in the future! Current system log sequence number 306505.
2026-06-07 10:51:16 0 [ERROR] InnoDB: Your database may be corrupt or you may have copied the InnoDB tablespace but not the InnoDB log files. Please refer to https://mariadb.com/kb/en/library/innodb-recovery-modes/ for information about forcing recovery.
2026-06-07 10:51:16 0 [ERROR] InnoDB: Page [page id: space=0, page number=343] log sequence number 352752 is in the future! Current system log sequence number 306505.
2026-06-07 10:51:16 0 [ERROR] InnoDB: Your database may be corrupt or you may have copied the InnoDB tablespace but not the InnoDB log files. Please refer to https://mariadb.com/kb/en/library/innodb-recovery-modes/ for information about forcing recovery.
2026-06-07 10:51:16 0 [ERROR] InnoDB: Page [page id: space=0, page number=207] log sequence number 352812 is in the future! Current system log sequence number 306505.
2026-06-07 10:51:16 0 [ERROR] InnoDB: Your database may be corrupt or you may have copied the InnoDB tablespace but not the InnoDB log files. Please refer to https://mariadb.com/kb/en/library/innodb-recovery-modes/ for information about forcing recovery.
2026-06-07 10:51:16 0 [ERROR] InnoDB: Page [page id: space=0, page number=344] log sequence number 352812 is in the future! Current system log sequence number 306505.
2026-06-07 10:51:16 0 [ERROR] InnoDB: Your database may be corrupt or you may have copied the InnoDB tablespace but not the InnoDB log files. Please refer to https://mariadb.com/kb/en/library/innodb-recovery-modes/ for information about forcing recovery.
2026-06-07 10:51:16 0 [ERROR] InnoDB: Page [page id: space=0, page number=208] log sequence number 352856 is in the future! Current system log sequence number 306505.
2026-06-07 10:51:16 0 [ERROR] InnoDB: Your database may be corrupt or you may have copied the InnoDB tablespace but not the InnoDB log files. Please refer to https://mariadb.com/kb/en/library/innodb-recovery-modes/ for information about forcing recovery.
2026-06-07 10:51:16 0 [ERROR] InnoDB: Page [page id: space=0, page number=345] log sequence number 352856 is in the future! Current system log sequence number 306505.
2026-06-07 10:51:16 0 [ERROR] InnoDB: Your database may be corrupt or you may have copied the InnoDB tablespace but not the InnoDB log files. Please refer to https://mariadb.com/kb/en/library/innodb-recovery-modes/ for information about forcing recovery.
2026-06-07 10:51:16 0 [ERROR] InnoDB: Page [page id: space=0, page number=209] log sequence number 352900 is in the future! Current system log sequence number 306505.
2026-06-07 10:51:16 0 [ERROR] InnoDB: Your database may be corrupt or you may have copied the InnoDB tablespace but not the InnoDB log files. Please refer to https://mariadb.com/kb/en/library/innodb-recovery-modes/ for information about forcing recovery.
2026-06-07 10:51:16 0 [ERROR] InnoDB: Page [page id: space=0, page number=346] log sequence number 352900 is in the future! Current system log sequence number 306505.
2026-06-07 10:51:16 0 [ERROR] InnoDB: Your database may be corrupt or you may have copied the InnoDB tablespace but not the InnoDB log files. Please refer to https://mariadb.com/kb/en/library/innodb-recovery-modes/ for information about forcing recovery.
2026-06-07 10:51:16 0 [ERROR] InnoDB: Page [page id: space=0, page number=210] log sequence number 352944 is in the future! Current system log sequence number 306505.
2026-06-07 10:51:16 0 [ERROR] InnoDB: Your database may be corrupt or you may have copied the InnoDB tablespace but not the InnoDB log files. Please refer to https://mariadb.com/kb/en/library/innodb-recovery-modes/ for information about forcing recovery.
2026-06-07 10:51:16 0 [ERROR] InnoDB: Page [page id: space=0, page number=347] log sequence number 352944 is in the future! Current system log sequence number 306505.
2026-06-07 10:51:16 0 [ERROR] InnoDB: Your database may be corrupt or you may have copied the InnoDB tablespace but not the InnoDB log files. Please refer to https://mariadb.com/kb/en/library/innodb-recovery-modes/ for information about forcing recovery.
2026-06-07 10:51:16 0 [ERROR] InnoDB: Page [page id: space=0, page number=211] log sequence number 352988 is in the future! Current system log sequence number 306505.
2026-06-07 10:51:16 0 [ERROR] InnoDB: Your database may be corrupt or you may have copied the InnoDB tablespace but not the InnoDB log files. Please refer to https://mariadb.com/kb/en/library/innodb-recovery-modes/ for information about forcing recovery.
2026-06-07 10:51:16 0 [ERROR] InnoDB: Page [page id: space=0, page number=348] log sequence number 352988 is in the future! Current system log sequence number 306505.
2026-06-07 10:51:16 0 [ERROR] InnoDB: Your database may be corrupt or you may have copied the InnoDB tablespace but not the InnoDB log files. Please refer to https://mariadb.com/kb/en/library/innodb-recovery-modes/ for information about forcing recovery.
2026-06-07 10:51:16 0 [ERROR] InnoDB: Page [page id: space=0, page number=212] log sequence number 353032 is in the future! Current system log sequence number 306505.
2026-06-07 10:51:16 0 [ERROR] InnoDB: Your database may be corrupt or you may have copied the InnoDB tablespace but not the InnoDB log files. Please refer to https://mariadb.com/kb/en/library/innodb-recovery-modes/ for information about forcing recovery.
2026-06-07 10:51:16 0 [ERROR] InnoDB: Page [page id: space=0, page number=349] log sequence number 353032 is in the future! Current system log sequence number 306505.
2026-06-07 10:51:16 0 [ERROR] InnoDB: Your database may be corrupt or you may have copied the InnoDB tablespace but not the InnoDB log files. Please refer to https://mariadb.com/kb/en/library/innodb-recovery-modes/ for information about forcing recovery.
2026-06-07 10:51:16 0 [ERROR] InnoDB: Page [page id: space=0, page number=213] log sequence number 353076 is in the future! Current system log sequence number 306505.
2026-06-07 10:51:16 0 [ERROR] InnoDB: Your database may be corrupt or you may have copied the InnoDB tablespace but not the InnoDB log files. Please refer to https://mariadb.com/kb/en/library/innodb-recovery-modes/ for information about forcing recovery.
2026-06-07 10:51:16 0 [ERROR] InnoDB: Page [page id: space=0, page number=350] log sequence number 353076 is in the future! Current system log sequence number 306505.
2026-06-07 10:51:16 0 [ERROR] InnoDB: Your database may be corrupt or you may have copied the InnoDB tablespace but not the InnoDB log files. Please refer to https://mariadb.com/kb/en/library/innodb-recovery-modes/ for information about forcing recovery.
2026-06-07 10:51:16 0 [ERROR] InnoDB: Page [page id: space=0, page number=214] log sequence number 315502 is in the future! Current system log sequence number 306505.
2026-06-07 10:51:16 0 [ERROR] InnoDB: Your database may be corrupt or you may have copied the InnoDB tablespace but not the InnoDB log files. Please refer to https://mariadb.com/kb/en/library/innodb-recovery-modes/ for information about forcing recovery.
2026-06-07 10:51:16 0 [ERROR] InnoDB: Page [page id: space=0, page number=351] log sequence number 315502 is in the future! Current system log sequence number 306505.
2026-06-07 10:51:16 0 [ERROR] InnoDB: Your database may be corrupt or you may have copied the InnoDB tablespace but not the InnoDB log files. Please refer to https://mariadb.com/kb/en/library/innodb-recovery-modes/ for information about forcing recovery.
2026-06-07 10:51:16 0 [ERROR] InnoDB: Page [page id: space=0, page number=215] log sequence number 353120 is in the future! Current system log sequence number 306505.
2026-06-07 10:51:16 0 [ERROR] InnoDB: Your database may be corrupt or you may have copied the InnoDB tablespace but not the InnoDB log files. Please refer to https://mariadb.com/kb/en/library/innodb-recovery-modes/ for information about forcing recovery.
2026-06-07 10:51:16 0 [ERROR] InnoDB: Page [page id: space=0, page number=352] log sequence number 353120 is in the future! Current system log sequence number 306505.
2026-06-07 10:51:16 0 [ERROR] InnoDB: Your database may be corrupt or you may have copied the InnoDB tablespace but not the InnoDB log files. Please refer to https://mariadb.com/kb/en/library/innodb-recovery-modes/ for information about forcing recovery.
2026-06-07 10:51:16 0 [ERROR] InnoDB: Page [page id: space=0, page number=216] log sequence number 353164 is in the future! Current system log sequence number 306505.
2026-06-07 10:51:16 0 [ERROR] InnoDB: Your database may be corrupt or you may have copied the InnoDB tablespace but not the InnoDB log files. Please refer to https://mariadb.com/kb/en/library/innodb-recovery-modes/ for information about forcing recovery.
2026-06-07 10:51:16 0 [ERROR] InnoDB: Page [page id: space=0, page number=353] log sequence number 353164 is in the future! Current system log sequence number 306505.
2026-06-07 10:51:16 0 [ERROR] InnoDB: Your database may be corrupt or you may have copied the InnoDB tablespace but not the InnoDB log files. Please refer to https://mariadb.com/kb/en/library/innodb-recovery-modes/ for information about forcing recovery.
2026-06-07 10:51:16 0 [ERROR] InnoDB: Page [page id: space=0, page number=217] log sequence number 353208 is in the future! Current system log sequence number 306505.
2026-06-07 10:51:16 0 [ERROR] InnoDB: Your database may be corrupt or you may have copied the InnoDB tablespace but not the InnoDB log files. Please refer to https://mariadb.com/kb/en/library/innodb-recovery-modes/ for information about forcing recovery.
2026-06-07 10:51:16 0 [ERROR] InnoDB: Page [page id: space=0, page number=354] log sequence number 353208 is in the future! Current system log sequence number 306505.
2026-06-07 10:51:16 0 [ERROR] InnoDB: Your database may be corrupt or you may have copied the InnoDB tablespace but not the InnoDB log files. Please refer to https://mariadb.com/kb/en/library/innodb-recovery-modes/ for information about forcing recovery.
2026-06-07 10:51:16 0 [ERROR] InnoDB: Page [page id: space=0, page number=218] log sequence number 353252 is in the future! Current system log sequence number 306505.
2026-06-07 10:51:16 0 [ERROR] InnoDB: Your database may be corrupt or you may have copied the InnoDB tablespace but not the InnoDB log files. Please refer to https://mariadb.com/kb/en/library/innodb-recovery-modes/ for information about forcing recovery.
2026-06-07 10:51:16 0 [ERROR] InnoDB: Page [page id: space=0, page number=355] log sequence number 353252 is in the future! Current system log sequence number 306505.
2026-06-07 10:51:16 0 [ERROR] InnoDB: Your database may be corrupt or you may have copied the InnoDB tablespace but not the InnoDB log files. Please refer to https://mariadb.com/kb/en/library/innodb-recovery-modes/ for information about forcing recovery.
2026-06-07 10:51:16 0 [ERROR] InnoDB: Page [page id: space=0, page number=219] log sequence number 358596 is in the future! Current system log sequence number 306505.
2026-06-07 10:51:16 0 [ERROR] InnoDB: Your database may be corrupt or you may have copied the InnoDB tablespace but not the InnoDB log files. Please refer to https://mariadb.com/kb/en/library/innodb-recovery-modes/ for information about forcing recovery.
2026-06-07 10:51:16 0 [ERROR] InnoDB: Page [page id: space=0, page number=356] log sequence number 358596 is in the future! Current system log sequence number 306505.
2026-06-07 10:51:16 0 [ERROR] InnoDB: Your database may be corrupt or you may have copied the InnoDB tablespace but not the InnoDB log files. Please refer to https://mariadb.com/kb/en/library/innodb-recovery-modes/ for information about forcing recovery.
2026-06-07 10:51:16 0 [ERROR] InnoDB: Page [page id: space=0, page number=220] log sequence number 358640 is in the future! Current system log sequence number 306505.
2026-06-07 10:51:16 0 [ERROR] InnoDB: Your database may be corrupt or you may have copied the InnoDB tablespace but not the InnoDB log files. Please refer to https://mariadb.com/kb/en/library/innodb-recovery-modes/ for information about forcing recovery.
2026-06-07 10:51:16 0 [ERROR] InnoDB: Page [page id: space=0, page number=357] log sequence number 358640 is in the future! Current system log sequence number 306505.
2026-06-07 10:51:16 0 [ERROR] InnoDB: Your database may be corrupt or you may have copied the InnoDB tablespace but not the InnoDB log files. Please refer to https://mariadb.com/kb/en/library/innodb-recovery-modes/ for information about forcing recovery.
2026-06-07 10:51:16 0 [ERROR] InnoDB: Page [page id: space=0, page number=221] log sequence number 358684 is in the future! Current system log sequence number 306505.
2026-06-07 10:51:16 0 [ERROR] InnoDB: Your database may be corrupt or you may have copied the InnoDB tablespace but not the InnoDB log files. Please refer to https://mariadb.com/kb/en/library/innodb-recovery-modes/ for information about forcing recovery.
2026-06-07 10:51:16 0 [ERROR] InnoDB: Page [page id: space=0, page number=358] log sequence number 358684 is in the future! Current system log sequence number 306505.
2026-06-07 10:51:16 0 [ERROR] InnoDB: Your database may be corrupt or you may have copied the InnoDB tablespace but not the InnoDB log files. Please refer to https://mariadb.com/kb/en/library/innodb-recovery-modes/ for information about forcing recovery.
2026-06-07 10:51:16 0 [ERROR] InnoDB: Page [page id: space=0, page number=222] log sequence number 358728 is in the future! Current system log sequence number 306505.
2026-06-07 10:51:16 0 [ERROR] InnoDB: Your database may be corrupt or you may have copied the InnoDB tablespace but not the InnoDB log files. Please refer to https://mariadb.com/kb/en/library/innodb-recovery-modes/ for information about forcing recovery.
2026-06-07 10:51:16 0 [ERROR] InnoDB: Page [page id: space=0, page number=359] log sequence number 358728 is in the future! Current system log sequence number 306505.
2026-06-07 10:51:16 0 [ERROR] InnoDB: Your database may be corrupt or you may have copied the InnoDB tablespace but not the InnoDB log files. Please refer to https://mariadb.com/kb/en/library/innodb-recovery-modes/ for information about forcing recovery.
2026-06-07 10:51:16 0 [ERROR] InnoDB: Page [page id: space=0, page number=223] log sequence number 358772 is in the future! Current system log sequence number 306505.
2026-06-07 10:51:16 0 [ERROR] InnoDB: Your database may be corrupt or you may have copied the InnoDB tablespace but not the InnoDB log files. Please refer to https://mariadb.com/kb/en/library/innodb-recovery-modes/ for information about forcing recovery.
2026-06-07 10:51:16 0 [ERROR] InnoDB: Page [page id: space=0, page number=360] log sequence number 358772 is in the future! Current system log sequence number 306505.
2026-06-07 10:51:16 0 [ERROR] InnoDB: Your database may be corrupt or you may have copied the InnoDB tablespace but not the InnoDB log files. Please refer to https://mariadb.com/kb/en/library/innodb-recovery-modes/ for information about forcing recovery.
2026-06-07 10:51:16 0 [ERROR] InnoDB: Page [page id: space=0, page number=224] log sequence number 358816 is in the future! Current system log sequence number 306505.
2026-06-07 10:51:16 0 [ERROR] InnoDB: Your database may be corrupt or you may have copied the InnoDB tablespace but not the InnoDB log files. Please refer to https://mariadb.com/kb/en/library/innodb-recovery-modes/ for information about forcing recovery.
2026-06-07 10:51:16 0 [ERROR] InnoDB: Page [page id: space=0, page number=361] log sequence number 358816 is in the future! Current system log sequence number 306505.
2026-06-07 10:51:16 0 [ERROR] InnoDB: Your database may be corrupt or you may have copied the InnoDB tablespace but not the InnoDB log files. Please refer to https://mariadb.com/kb/en/library/innodb-recovery-modes/ for information about forcing recovery.
2026-06-07 10:51:16 0 [ERROR] InnoDB: Page [page id: space=0, page number=225] log sequence number 358860 is in the future! Current system log sequence number 306505.
2026-06-07 10:51:16 0 [ERROR] InnoDB: Your database may be corrupt or you may have copied the InnoDB tablespace but not the InnoDB log files. Please refer to https://mariadb.com/kb/en/library/innodb-recovery-modes/ for information about forcing recovery.
2026-06-07 10:51:16 0 [ERROR] InnoDB: Page [page id: space=0, page number=362] log sequence number 358860 is in the future! Current system log sequence number 306505.
2026-06-07 10:51:16 0 [ERROR] InnoDB: Your database may be corrupt or you may have copied the InnoDB tablespace but not the InnoDB log files. Please refer to https://mariadb.com/kb/en/library/innodb-recovery-modes/ for information about forcing recovery.
2026-06-07 10:51:16 0 [ERROR] InnoDB: Page [page id: space=0, page number=226] log sequence number 358904 is in the future! Current system log sequence number 306505.
2026-06-07 10:51:16 0 [ERROR] InnoDB: Your database may be corrupt or you may have copied the InnoDB tablespace but not the InnoDB log files. Please refer to https://mariadb.com/kb/en/library/innodb-recovery-modes/ for information about forcing recovery.
2026-06-07 10:51:16 0 [ERROR] InnoDB: Page [page id: space=0, page number=363] log sequence number 358904 is in the future! Current system log sequence number 306505.
2026-06-07 10:51:16 0 [ERROR] InnoDB: Your database may be corrupt or you may have copied the InnoDB tablespace but not the InnoDB log files. Please refer to https://mariadb.com/kb/en/library/innodb-recovery-modes/ for information about forcing recovery.
2026-06-07 10:51:16 0 [ERROR] InnoDB: Page [page id: space=0, page number=227] log sequence number 358964 is in the future! Current system log sequence number 306505.
2026-06-07 10:51:16 0 [ERROR] InnoDB: Your database may be corrupt or you may have copied the InnoDB tablespace but not the InnoDB log files. Please refer to https://mariadb.com/kb/en/library/innodb-recovery-modes/ for information about forcing recovery.
2026-06-07 10:51:16 0 [ERROR] InnoDB: Page [page id: space=0, page number=364] log sequence number 358964 is in the future! Current system log sequence number 306505.
2026-06-07 10:51:16 0 [ERROR] InnoDB: Your database may be corrupt or you may have copied the InnoDB tablespace but not the InnoDB log files. Please refer to https://mariadb.com/kb/en/library/innodb-recovery-modes/ for information about forcing recovery.
2026-06-07 10:51:16 0 [ERROR] InnoDB: Page [page id: space=0, page number=228] log sequence number 364909 is in the future! Current system log sequence number 306505.
2026-06-07 10:51:16 0 [ERROR] InnoDB: Your database may be corrupt or you may have copied the InnoDB tablespace but not the InnoDB log files. Please refer to https://mariadb.com/kb/en/library/innodb-recovery-modes/ for information about forcing recovery.
2026-06-07 10:51:16 0 [ERROR] InnoDB: Page [page id: space=0, page number=365] log sequence number 364909 is in the future! Current system log sequence number 306505.
2026-06-07 10:51:16 0 [ERROR] InnoDB: Your database may be corrupt or you may have copied the InnoDB tablespace but not the InnoDB log files. Please refer to https://mariadb.com/kb/en/library/innodb-recovery-modes/ for information about forcing recovery.
2026-06-07 10:51:16 0 [ERROR] InnoDB: Page [page id: space=0, page number=229] log sequence number 364953 is in the future! Current system log sequence number 306505.
2026-06-07 10:51:16 0 [ERROR] InnoDB: Your database may be corrupt or you may have copied the InnoDB tablespace but not the InnoDB log files. Please refer to https://mariadb.com/kb/en/library/innodb-recovery-modes/ for information about forcing recovery.
2026-06-07 10:51:16 0 [ERROR] InnoDB: Page [page id: space=0, page number=366] log sequence number 364953 is in the future! Current system log sequence number 306505.
2026-06-07 10:51:16 0 [ERROR] InnoDB: Your database may be corrupt or you may have copied the InnoDB tablespace but not the InnoDB log files. Please refer to https://mariadb.com/kb/en/library/innodb-recovery-modes/ for information about forcing recovery.
2026-06-07 10:51:16 0 [ERROR] InnoDB: Page [page id: space=0, page number=230] log sequence number 364997 is in the future! Current system log sequence number 306505.
2026-06-07 10:51:16 0 [ERROR] InnoDB: Your database may be corrupt or you may have copied the InnoDB tablespace but not the InnoDB log files. Please refer to https://mariadb.com/kb/en/library/innodb-recovery-modes/ for information about forcing recovery.
2026-06-07 10:51:16 0 [ERROR] InnoDB: Page [page id: space=0, page number=367] log sequence number 364997 is in the future! Current system log sequence number 306505.
2026-06-07 10:51:16 0 [ERROR] InnoDB: Your database may be corrupt or you may have copied the InnoDB tablespace but not the InnoDB log files. Please refer to https://mariadb.com/kb/en/library/innodb-recovery-modes/ for information about forcing recovery.
2026-06-07 10:51:16 0 [ERROR] InnoDB: Page [page id: space=0, page number=231] log sequence number 365041 is in the future! Current system log sequence number 306505.
2026-06-07 10:51:16 0 [ERROR] InnoDB: Your database may be corrupt or you may have copied the InnoDB tablespace but not the InnoDB log files. Please refer to https://mariadb.com/kb/en/library/innodb-recovery-modes/ for information about forcing recovery.
2026-06-07 10:51:16 0 [ERROR] InnoDB: Page [page id: space=0, page number=368] log sequence number 365041 is in the future! Current system log sequence number 306505.
2026-06-07 10:51:16 0 [ERROR] InnoDB: Your database may be corrupt or you may have copied the InnoDB tablespace but not the InnoDB log files. Please refer to https://mariadb.com/kb/en/library/innodb-recovery-modes/ for information about forcing recovery.
2026-06-07 10:51:16 0 [ERROR] InnoDB: Page [page id: space=0, page number=232] log sequence number 365101 is in the future! Current system log sequence number 306505.
2026-06-07 10:51:16 0 [ERROR] InnoDB: Your database may be corrupt or you may have copied the InnoDB tablespace but not the InnoDB log files. Please refer to https://mariadb.com/kb/en/library/innodb-recovery-modes/ for information about forcing recovery.
2026-06-07 10:51:16 0 [ERROR] InnoDB: Page [page id: space=0, page number=373] log sequence number 365101 is in the future! Current system log sequence number 306505.
2026-06-07 10:51:16 0 [ERROR] InnoDB: Your database may be corrupt or you may have copied the InnoDB tablespace but not the InnoDB log files. Please refer to https://mariadb.com/kb/en/library/innodb-recovery-modes/ for information about forcing recovery.
2026-06-07 10:51:16 0 [ERROR] InnoDB: Page [page id: space=0, page number=233] log sequence number 365145 is in the future! Current system log sequence number 306505.
2026-06-07 10:51:16 0 [ERROR] InnoDB: Your database may be corrupt or you may have copied the InnoDB tablespace but not the InnoDB log files. Please refer to https://mariadb.com/kb/en/library/innodb-recovery-modes/ for information about forcing recovery.
2026-06-07 10:51:16 0 [ERROR] InnoDB: Page [page id: space=0, page number=374] log sequence number 365145 is in the future! Current system log sequence number 306505.
2026-06-07 10:51:16 0 [ERROR] InnoDB: Your database may be corrupt or you may have copied the InnoDB tablespace but not the InnoDB log files. Please refer to https://mariadb.com/kb/en/library/innodb-recovery-modes/ for information about forcing recovery.
2026-06-07 10:51:16 0 [ERROR] InnoDB: Page [page id: space=0, page number=234] log sequence number 365189 is in the future! Current system log sequence number 306505.
2026-06-07 10:51:16 0 [ERROR] InnoDB: Your database may be corrupt or you may have copied the InnoDB tablespace but not the InnoDB log files. Please refer to https://mariadb.com/kb/en/library/innodb-recovery-modes/ for information about forcing recovery.
2026-06-07 10:51:16 0 [ERROR] InnoDB: Page [page id: space=0, page number=375] log sequence number 365189 is in the future! Current system log sequence number 306505.
2026-06-07 10:51:16 0 [ERROR] InnoDB: Your database may be corrupt or you may have copied the InnoDB tablespace but not the InnoDB log files. Please refer to https://mariadb.com/kb/en/library/innodb-recovery-modes/ for information about forcing recovery.
2026-06-07 10:51:16 0 [ERROR] InnoDB: Page [page id: space=0, page number=235] log sequence number 365233 is in the future! Current system log sequence number 306505.
2026-06-07 10:51:16 0 [ERROR] InnoDB: Your database may be corrupt or you may have copied the InnoDB tablespace but not the InnoDB log files. Please refer to https://mariadb.com/kb/en/library/innodb-recovery-modes/ for information about forcing recovery.
2026-06-07 10:51:16 0 [ERROR] InnoDB: Page [page id: space=0, page number=376] log sequence number 365233 is in the future! Current system log sequence number 306505.
2026-06-07 10:51:16 0 [ERROR] InnoDB: Your database may be corrupt or you may have copied the InnoDB tablespace but not the InnoDB log files. Please refer to https://mariadb.com/kb/en/library/innodb-recovery-modes/ for information about forcing recovery.
2026-06-07 10:51:16 0 [ERROR] InnoDB: Page [page id: space=0, page number=236] log sequence number 365277 is in the future! Current system log sequence number 306505.
2026-06-07 10:51:16 0 [ERROR] InnoDB: Your database may be corrupt or you may have copied the InnoDB tablespace but not the InnoDB log files. Please refer to https://mariadb.com/kb/en/library/innodb-recovery-modes/ for information about forcing recovery.
2026-06-07 10:51:16 0 [ERROR] InnoDB: Page [page id: space=0, page number=431] log sequence number 365277 is in the future! Current system log sequence number 306505.
2026-06-07 10:51:16 0 [ERROR] InnoDB: Your database may be corrupt or you may have copied the InnoDB tablespace but not the InnoDB log files. Please refer to https://mariadb.com/kb/en/library/innodb-recovery-modes/ for information about forcing recovery.
2026-06-07 10:51:16 0 [ERROR] InnoDB: Page [page id: space=0, page number=237] log sequence number 365321 is in the future! Current system log sequence number 306505.
2026-06-07 10:51:16 0 [ERROR] InnoDB: Your database may be corrupt or you may have copied the InnoDB tablespace but not the InnoDB log files. Please refer to https://mariadb.com/kb/en/library/innodb-recovery-modes/ for information about forcing recovery.
2026-06-07 10:51:16 0 [ERROR] InnoDB: Page [page id: space=0, page number=377] log sequence number 365321 is in the future! Current system log sequence number 306505.
2026-06-07 10:51:16 0 [ERROR] InnoDB: Your database may be corrupt or you may have copied the InnoDB tablespace but not the InnoDB log files. Please refer to https://mariadb.com/kb/en/library/innodb-recovery-modes/ for information about forcing recovery.
2026-06-07 10:51:16 0 [ERROR] InnoDB: Page [page id: space=0, page number=238] log sequence number 365365 is in the future! Current system log sequence number 306505.
2026-06-07 10:51:16 0 [ERROR] InnoDB: Your database may be corrupt or you may have copied the InnoDB tablespace but not the InnoDB log files. Please refer to https://mariadb.com/kb/en/library/innodb-recovery-modes/ for information about forcing recovery.
2026-06-07 10:51:16 0 [ERROR] InnoDB: Page [page id: space=0, page number=378] log sequence number 365365 is in the future! Current system log sequence number 306505.
2026-06-07 10:51:16 0 [ERROR] InnoDB: Your database may be corrupt or you may have copied the InnoDB tablespace but not the InnoDB log files. Please refer to https://mariadb.com/kb/en/library/innodb-recovery-modes/ for information about forcing recovery.
2026-06-07 10:51:16 0 [ERROR] InnoDB: Page [page id: space=0, page number=239] log sequence number 370749 is in the future! Current system log sequence number 306505.
2026-06-07 10:51:16 0 [ERROR] InnoDB: Your database may be corrupt or you may have copied the InnoDB tablespace but not the InnoDB log files. Please refer to https://mariadb.com/kb/en/library/innodb-recovery-modes/ for information about forcing recovery.
2026-06-07 10:51:16 0 [ERROR] InnoDB: Page [page id: space=0, page number=379] log sequence number 370749 is in the future! Current system log sequence number 306505.
2026-06-07 10:51:16 0 [ERROR] InnoDB: Your database may be corrupt or you may have copied the InnoDB tablespace but not the InnoDB log files. Please refer to https://mariadb.com/kb/en/library/innodb-recovery-modes/ for information about forcing recovery.
2026-06-07 10:51:16 0 [ERROR] InnoDB: Page [page id: space=0, page number=240] log sequence number 370793 is in the future! Current system log sequence number 306505.
2026-06-07 10:51:16 0 [ERROR] InnoDB: Your database may be corrupt or you may have copied the InnoDB tablespace but not the InnoDB log files. Please refer to https://mariadb.com/kb/en/library/innodb-recovery-modes/ for information about forcing recovery.
2026-06-07 10:51:16 0 [ERROR] InnoDB: Page [page id: space=0, page number=369] log sequence number 370793 is in the future! Current system log sequence number 306505.
2026-06-07 10:51:16 0 [ERROR] InnoDB: Your database may be corrupt or you may have copied the InnoDB tablespace but not the InnoDB log files. Please refer to https://mariadb.com/kb/en/library/innodb-recovery-modes/ for information about forcing recovery.
2026-06-07 10:51:16 0 [ERROR] InnoDB: Page [page id: space=0, page number=241] log sequence number 370837 is in the future! Current system log sequence number 306505.
2026-06-07 10:51:16 0 [ERROR] InnoDB: Your database may be corrupt or you may have copied the InnoDB tablespace but not the InnoDB log files. Please refer to https://mariadb.com/kb/en/library/innodb-recovery-modes/ for information about forcing recovery.
2026-06-07 10:51:16 0 [ERROR] InnoDB: Page [page id: space=0, page number=380] log sequence number 370837 is in the future! Current system log sequence number 306505.
2026-06-07 10:51:16 0 [ERROR] InnoDB: Your database may be corrupt or you may have copied the InnoDB tablespace but not the InnoDB log files. Please refer to https://mariadb.com/kb/en/library/innodb-recovery-modes/ for information about forcing recovery.
2026-06-07 10:51:16 0 [ERROR] InnoDB: Page [page id: space=0, page number=242] log sequence number 370881 is in the future! Current system log sequence number 306505.
2026-06-07 10:51:16 0 [ERROR] InnoDB: Your database may be corrupt or you may have copied the InnoDB tablespace but not the InnoDB log files. Please refer to https://mariadb.com/kb/en/library/innodb-recovery-modes/ for information about forcing recovery.
2026-06-07 10:51:16 0 [ERROR] InnoDB: Page [page id: space=0, page number=381] log sequence number 370881 is in the future! Current system log sequence number 306505.
2026-06-07 10:51:16 0 [ERROR] InnoDB: Your database may be corrupt or you may have copied the InnoDB tablespace but not the InnoDB log files. Please refer to https://mariadb.com/kb/en/library/innodb-recovery-modes/ for information about forcing recovery.
2026-06-07 10:51:16 0 [ERROR] InnoDB: Page [page id: space=0, page number=244] log sequence number 370925 is in the future! Current system log sequence number 306505.
2026-06-07 10:51:16 0 [ERROR] InnoDB: Your database may be corrupt or you may have copied the InnoDB tablespace but not the InnoDB log files. Please refer to https://mariadb.com/kb/en/library/innodb-recovery-modes/ for information about forcing recovery.
2026-06-07 10:51:16 0 [ERROR] InnoDB: Page [page id: space=0, page number=384] log sequence number 370925 is in the future! Current system log sequence number 306505.
2026-06-07 10:51:16 0 [ERROR] InnoDB: Your database may be corrupt or you may have copied the InnoDB tablespace but not the InnoDB log files. Please refer to https://mariadb.com/kb/en/library/innodb-recovery-modes/ for information about forcing recovery.
2026-06-07 10:51:16 0 [ERROR] InnoDB: Page [page id: space=0, page number=245] log sequence number 370969 is in the future! Current system log sequence number 306505.
2026-06-07 10:51:16 0 [ERROR] InnoDB: Your database may be corrupt or you may have copied the InnoDB tablespace but not the InnoDB log files. Please refer to https://mariadb.com/kb/en/library/innodb-recovery-modes/ for information about forcing recovery.
2026-06-07 10:51:16 0 [ERROR] InnoDB: Page [page id: space=0, page number=382] log sequence number 370969 is in the future! Current system log sequence number 306505.
2026-06-07 10:51:16 0 [ERROR] InnoDB: Your database may be corrupt or you may have copied the InnoDB tablespace but not the InnoDB log files. Please refer to https://mariadb.com/kb/en/library/innodb-recovery-modes/ for information about forcing recovery.
2026-06-07 10:51:16 0 [ERROR] InnoDB: Page [page id: space=0, page number=246] log sequence number 371013 is in the future! Current system log sequence number 306505.
2026-06-07 10:51:16 0 [ERROR] InnoDB: Your database may be corrupt or you may have copied the InnoDB tablespace but not the InnoDB log files. Please refer to https://mariadb.com/kb/en/library/innodb-recovery-modes/ for information about forcing recovery.
2026-06-07 10:51:16 0 [ERROR] InnoDB: Page [page id: space=0, page number=383] log sequence number 371013 is in the future! Current system log sequence number 306505.
2026-06-07 10:51:16 0 [ERROR] InnoDB: Your database may be corrupt or you may have copied the InnoDB tablespace but not the InnoDB log files. Please refer to https://mariadb.com/kb/en/library/innodb-recovery-modes/ for information about forcing recovery.
2026-06-07 10:51:16 0 [ERROR] InnoDB: Page [page id: space=0, page number=247] log sequence number 371057 is in the future! Current system log sequence number 306505.
2026-06-07 10:51:16 0 [ERROR] InnoDB: Your database may be corrupt or you may have copied the InnoDB tablespace but not the InnoDB log files. Please refer to https://mariadb.com/kb/en/library/innodb-recovery-modes/ for information about forcing recovery.
2026-06-07 10:51:16 0 [ERROR] InnoDB: Page [page id: space=0, page number=432] log sequence number 371057 is in the future! Current system log sequence number 306505.
2026-06-07 10:51:16 0 [ERROR] InnoDB: Your database may be corrupt or you may have copied the InnoDB tablespace but not the InnoDB log files. Please refer to https://mariadb.com/kb/en/library/innodb-recovery-modes/ for information about forcing recovery.
2026-06-07 10:51:16 0 [ERROR] InnoDB: Page [page id: space=0, page number=248] log sequence number 371101 is in the future! Current system log sequence number 306505.
2026-06-07 10:51:16 0 [ERROR] InnoDB: Your database may be corrupt or you may have copied the InnoDB tablespace but not the InnoDB log files. Please refer to https://mariadb.com/kb/en/library/innodb-recovery-modes/ for information about forcing recovery.
2026-06-07 10:51:16 0 [ERROR] InnoDB: Page [page id: space=0, page number=385] log sequence number 371101 is in the future! Current system log sequence number 306505.
2026-06-07 10:51:16 0 [ERROR] InnoDB: Your database may be corrupt or you may have copied the InnoDB tablespace but not the InnoDB log files. Please refer to https://mariadb.com/kb/en/library/innodb-recovery-modes/ for information about forcing recovery.
2026-06-07 10:51:16 0 [ERROR] InnoDB: Page [page id: space=0, page number=249] log sequence number 376354 is in the future! Current system log sequence number 306505.
2026-06-07 10:51:16 0 [ERROR] InnoDB: Your database may be corrupt or you may have copied the InnoDB tablespace but not the InnoDB log files. Please refer to https://mariadb.com/kb/en/library/innodb-recovery-modes/ for information about forcing recovery.
2026-06-07 10:51:16 0 [ERROR] InnoDB: Page [page id: space=0, page number=370] log sequence number 376354 is in the future! Current system log sequence number 306505.
2026-06-07 10:51:16 0 [ERROR] InnoDB: Your database may be corrupt or you may have copied the InnoDB tablespace but not the InnoDB log files. Please refer to https://mariadb.com/kb/en/library/innodb-recovery-modes/ for information about forcing recovery.
2026-06-07 10:51:16 0 [ERROR] InnoDB: Page [page id: space=0, page number=250] log sequence number 376398 is in the future! Current system log sequence number 306505.
2026-06-07 10:51:16 0 [ERROR] InnoDB: Your database may be corrupt or you may have copied the InnoDB tablespace but not the InnoDB log files. Please refer to https://mariadb.com/kb/en/library/innodb-recovery-modes/ for information about forcing recovery.
2026-06-07 10:51:16 0 [ERROR] InnoDB: Page [page id: space=0, page number=371] log sequence number 376398 is in the future! Current system log sequence number 306505.
2026-06-07 10:51:16 0 [ERROR] InnoDB: Your database may be corrupt or you may have copied the InnoDB tablespace but not the InnoDB log files. Please refer to https://mariadb.com/kb/en/library/innodb-recovery-modes/ for information about forcing recovery.
2026-06-07 10:51:16 0 [ERROR] InnoDB: Page [page id: space=0, page number=251] log sequence number 376442 is in the future! Current system log sequence number 306505.
2026-06-07 10:51:16 0 [ERROR] InnoDB: Your database may be corrupt or you may have copied the InnoDB tablespace but not the InnoDB log files. Please refer to https://mariadb.com/kb/en/library/innodb-recovery-modes/ for information about forcing recovery.
2026-06-07 10:51:16 0 [ERROR] InnoDB: Page [page id: space=0, page number=386] log sequence number 376442 is in the future! Current system log sequence number 306505.
2026-06-07 10:51:16 0 [ERROR] InnoDB: Your database may be corrupt or you may have copied the InnoDB tablespace but not the InnoDB log files. Please refer to https://mariadb.com/kb/en/library/innodb-recovery-modes/ for information about forcing recovery.
2026-06-07 10:51:16 0 [ERROR] InnoDB: Page [page id: space=0, page number=252] log sequence number 376486 is in the future! Current system log sequence number 306505.
2026-06-07 10:51:16 0 [ERROR] InnoDB: Your database may be corrupt or you may have copied the InnoDB tablespace but not the InnoDB log files. Please refer to https://mariadb.com/kb/en/library/innodb-recovery-modes/ for information about forcing recovery.
2026-06-07 10:51:16 0 [ERROR] InnoDB: Page [page id: space=0, page number=387] log sequence number 376486 is in the future! Current system log sequence number 306505.
2026-06-07 10:51:16 0 [ERROR] InnoDB: Your database may be corrupt or you may have copied the InnoDB tablespace but not the InnoDB log files. Please refer to https://mariadb.com/kb/en/library/innodb-recovery-modes/ for information about forcing recovery.
2026-06-07 10:51:16 0 [ERROR] InnoDB: Page [page id: space=0, page number=253] log sequence number 376530 is in the future! Current system log sequence number 306505.
2026-06-07 10:51:16 0 [ERROR] InnoDB: Your database may be corrupt or you may have copied the InnoDB tablespace but not the InnoDB log files. Please refer to https://mariadb.com/kb/en/library/innodb-recovery-modes/ for information about forcing recovery.
2026-06-07 10:51:16 0 [ERROR] InnoDB: Page [page id: space=0, page number=372] log sequence number 376530 is in the future! Current system log sequence number 306505.
2026-06-07 10:51:16 0 [ERROR] InnoDB: Your database may be corrupt or you may have copied the InnoDB tablespace but not the InnoDB log files. Please refer to https://mariadb.com/kb/en/library/innodb-recovery-modes/ for information about forcing recovery.
2026-06-07 10:51:16 0 [ERROR] InnoDB: Page [page id: space=0, page number=254] log sequence number 376574 is in the future! Current system log sequence number 306505.
2026-06-07 10:51:16 0 [ERROR] InnoDB: Your database may be corrupt or you may have copied the InnoDB tablespace but not the InnoDB log files. Please refer to https://mariadb.com/kb/en/library/innodb-recovery-modes/ for information about forcing recovery.
2026-06-07 10:51:16 0 [ERROR] InnoDB: Page [page id: space=0, page number=388] log sequence number 376574 is in the future! Current system log sequence number 306505.
2026-06-07 10:51:16 0 [ERROR] InnoDB: Your database may be corrupt or you may have copied the InnoDB tablespace but not the InnoDB log files. Please refer to https://mariadb.com/kb/en/library/innodb-recovery-modes/ for information about forcing recovery.
2026-06-07 10:51:16 0 [ERROR] InnoDB: Page [page id: space=0, page number=255] log sequence number 376618 is in the future! Current system log sequence number 306505.
2026-06-07 10:51:16 0 [ERROR] InnoDB: Your database may be corrupt or you may have copied the InnoDB tablespace but not the InnoDB log files. Please refer to https://mariadb.com/kb/en/library/innodb-recovery-modes/ for information about forcing recovery.
2026-06-07 10:51:16 0 [ERROR] InnoDB: Page [page id: space=0, page number=389] log sequence number 376618 is in the future! Current system log sequence number 306505.
2026-06-07 10:51:16 0 [ERROR] InnoDB: Your database may be corrupt or you may have copied the InnoDB tablespace but not the InnoDB log files. Please refer to https://mariadb.com/kb/en/library/innodb-recovery-modes/ for information about forcing recovery.
2026-06-07 10:51:16 0 [ERROR] InnoDB: Page [page id: space=0, page number=256] log sequence number 376662 is in the future! Current system log sequence number 306505.
2026-06-07 10:51:16 0 [ERROR] InnoDB: Your database may be corrupt or you may have copied the InnoDB tablespace but not the InnoDB log files. Please refer to https://mariadb.com/kb/en/library/innodb-recovery-modes/ for information about forcing recovery.
2026-06-07 10:51:16 0 [ERROR] InnoDB: Page [page id: space=0, page number=390] log sequence number 376662 is in the future! Current system log sequence number 306505.
2026-06-07 10:51:16 0 [ERROR] InnoDB: Your database may be corrupt or you may have copied the InnoDB tablespace but not the InnoDB log files. Please refer to https://mariadb.com/kb/en/library/innodb-recovery-modes/ for information about forcing recovery.
2026-06-07 10:51:16 0 [ERROR] InnoDB: Page [page id: space=0, page number=257] log sequence number 376706 is in the future! Current system log sequence number 306505.
2026-06-07 10:51:16 0 [ERROR] InnoDB: Your database may be corrupt or you may have copied the InnoDB tablespace but not the InnoDB log files. Please refer to https://mariadb.com/kb/en/library/innodb-recovery-modes/ for information about forcing recovery.
2026-06-07 10:51:16 0 [ERROR] InnoDB: Page [page id: space=0, page number=391] log sequence number 376706 is in the future! Current system log sequence number 306505.
2026-06-07 10:51:16 0 [ERROR] InnoDB: Your database may be corrupt or you may have copied the InnoDB tablespace but not the InnoDB log files. Please refer to https://mariadb.com/kb/en/library/innodb-recovery-modes/ for information about forcing recovery.
2026-06-07 10:51:16 0 [ERROR] InnoDB: Page [page id: space=0, page number=258] log sequence number 382629 is in the future! Current system log sequence number 306505.
2026-06-07 10:51:16 0 [ERROR] InnoDB: Your database may be corrupt or you may have copied the InnoDB tablespace but not the InnoDB log files. Please refer to https://mariadb.com/kb/en/library/innodb-recovery-modes/ for information about forcing recovery.
2026-06-07 10:51:16 0 [ERROR] InnoDB: Page [page id: space=0, page number=392] log sequence number 382629 is in the future! Current system log sequence number 306505.
2026-06-07 10:51:16 0 [ERROR] InnoDB: Your database may be corrupt or you may have copied the InnoDB tablespace but not the InnoDB log files. Please refer to https://mariadb.com/kb/en/library/innodb-recovery-modes/ for information about forcing recovery.
2026-06-07 10:51:16 0 [ERROR] InnoDB: Page [page id: space=0, page number=259] log sequence number 382673 is in the future! Current system log sequence number 306505.
2026-06-07 10:51:16 0 [ERROR] InnoDB: Your database may be corrupt or you may have copied the InnoDB tablespace but not the InnoDB log files. Please refer to https://mariadb.com/kb/en/library/innodb-recovery-modes/ for information about forcing recovery.
2026-06-07 10:51:16 0 [ERROR] InnoDB: Page [page id: space=0, page number=393] log sequence number 382673 is in the future! Current system log sequence number 306505.
2026-06-07 10:51:16 0 [ERROR] InnoDB: Your database may be corrupt or you may have copied the InnoDB tablespace but not the InnoDB log files. Please refer to https://mariadb.com/kb/en/library/innodb-recovery-modes/ for information about forcing recovery.
2026-06-07 10:51:16 0 [ERROR] InnoDB: Page [page id: space=0, page number=260] log sequence number 382717 is in the future! Current system log sequence number 306505.
2026-06-07 10:51:16 0 [ERROR] InnoDB: Your database may be corrupt or you may have copied the InnoDB tablespace but not the InnoDB log files. Please refer to https://mariadb.com/kb/en/library/innodb-recovery-modes/ for information about forcing recovery.
2026-06-07 10:51:16 0 [ERROR] InnoDB: Page [page id: space=0, page number=396] log sequence number 382717 is in the future! Current system log sequence number 306505.
2026-06-07 10:51:16 0 [ERROR] InnoDB: Your database may be corrupt or you may have copied the InnoDB tablespace but not the InnoDB log files. Please refer to https://mariadb.com/kb/en/library/innodb-recovery-modes/ for information about forcing recovery.
2026-06-07 10:51:16 0 [ERROR] InnoDB: Page [page id: space=0, page number=261] log sequence number 382761 is in the future! Current system log sequence number 306505.
2026-06-07 10:51:16 0 [ERROR] InnoDB: Your database may be corrupt or you may have copied the InnoDB tablespace but not the InnoDB log files. Please refer to https://mariadb.com/kb/en/library/innodb-recovery-modes/ for information about forcing recovery.
2026-06-07 10:51:16 0 [ERROR] InnoDB: Page [page id: space=0, page number=394] log sequence number 382761 is in the future! Current system log sequence number 306505.
2026-06-07 10:51:16 0 [ERROR] InnoDB: Your database may be corrupt or you may have copied the InnoDB tablespace but not the InnoDB log files. Please refer to https://mariadb.com/kb/en/library/innodb-recovery-modes/ for information about forcing recovery.
2026-06-07 10:51:16 0 [ERROR] InnoDB: Page [page id: space=0, page number=262] log sequence number 382805 is in the future! Current system log sequence number 306505.
2026-06-07 10:51:16 0 [ERROR] InnoDB: Your database may be corrupt or you may have copied the InnoDB tablespace but not the InnoDB log files. Please refer to https://mariadb.com/kb/en/library/innodb-recovery-modes/ for information about forcing recovery.
2026-06-07 10:51:16 0 [ERROR] InnoDB: Page [page id: space=0, page number=395] log sequence number 382805 is in the future! Current system log sequence number 306505.
2026-06-07 10:51:16 0 [ERROR] InnoDB: Your database may be corrupt or you may have copied the InnoDB tablespace but not the InnoDB log files. Please refer to https://mariadb.com/kb/en/library/innodb-recovery-modes/ for information about forcing recovery.
2026-06-07 10:51:16 0 [ERROR] InnoDB: Page [page id: space=0, page number=263] log sequence number 382849 is in the future! Current system log sequence number 306505.
2026-06-07 10:51:16 0 [ERROR] InnoDB: Your database may be corrupt or you may have copied the InnoDB tablespace but not the InnoDB log files. Please refer to https://mariadb.com/kb/en/library/innodb-recovery-modes/ for information about forcing recovery.
2026-06-07 10:51:16 0 [ERROR] InnoDB: Page [page id: space=0, page number=433] log sequence number 382849 is in the future! Current system log sequence number 306505.
2026-06-07 10:51:16 0 [ERROR] InnoDB: Your database may be corrupt or you may have copied the InnoDB tablespace but not the InnoDB log files. Please refer to https://mariadb.com/kb/en/library/innodb-recovery-modes/ for information about forcing recovery.
2026-06-07 10:51:16 0 [ERROR] InnoDB: Page [page id: space=0, page number=264] log sequence number 382893 is in the future! Current system log sequence number 306505.
2026-06-07 10:51:16 0 [ERROR] InnoDB: Your database may be corrupt or you may have copied the InnoDB tablespace but not the InnoDB log files. Please refer to https://mariadb.com/kb/en/library/innodb-recovery-modes/ for information about forcing recovery.
2026-06-07 10:51:16 0 [ERROR] InnoDB: Page [page id: space=0, page number=397] log sequence number 382893 is in the future! Current system log sequence number 306505.
2026-06-07 10:51:16 0 [ERROR] InnoDB: Your database may be corrupt or you may have copied the InnoDB tablespace but not the InnoDB log files. Please refer to https://mariadb.com/kb/en/library/innodb-recovery-modes/ for information about forcing recovery.
2026-06-07 10:51:16 0 [ERROR] InnoDB: Page [page id: space=0, page number=265] log sequence number 382937 is in the future! Current system log sequence number 306505.
2026-06-07 10:51:16 0 [ERROR] InnoDB: Your database may be corrupt or you may have copied the InnoDB tablespace but not the InnoDB log files. Please refer to https://mariadb.com/kb/en/library/innodb-recovery-modes/ for information about forcing recovery.
2026-06-07 10:51:16 0 [ERROR] InnoDB: Page [page id: space=0, page number=398] log sequence number 382937 is in the future! Current system log sequence number 306505.
2026-06-07 10:51:16 0 [ERROR] InnoDB: Your database may be corrupt or you may have copied the InnoDB tablespace but not the InnoDB log files. Please refer to https://mariadb.com/kb/en/library/innodb-recovery-modes/ for information about forcing recovery.
2026-06-07 10:51:16 0 [ERROR] InnoDB: Page [page id: space=0, page number=266] log sequence number 382997 is in the future! Current system log sequence number 306505.
2026-06-07 10:51:16 0 [ERROR] InnoDB: Your database may be corrupt or you may have copied the InnoDB tablespace but not the InnoDB log files. Please refer to https://mariadb.com/kb/en/library/innodb-recovery-modes/ for information about forcing recovery.
2026-06-07 10:51:16 0 [ERROR] InnoDB: Page [page id: space=0, page number=434] log sequence number 382997 is in the future! Current system log sequence number 306505.
2026-06-07 10:51:16 0 [ERROR] InnoDB: Your database may be corrupt or you may have copied the InnoDB tablespace but not the InnoDB log files. Please refer to https://mariadb.com/kb/en/library/innodb-recovery-modes/ for information about forcing recovery.
2026-06-07 10:51:16 0 [ERROR] InnoDB: Page [page id: space=0, page number=269] log sequence number 359334 is in the future! Current system log sequence number 306505.
2026-06-07 10:51:16 0 [ERROR] InnoDB: Your database may be corrupt or you may have copied the InnoDB tablespace but not the InnoDB log files. Please refer to https://mariadb.com/kb/en/library/innodb-recovery-modes/ for information about forcing recovery.
2026-06-07 10:51:16 0 [ERROR] InnoDB: Page [page id: space=0, page number=400] log sequence number 359334 is in the future! Current system log sequence number 306505.
2026-06-07 10:51:16 0 [ERROR] InnoDB: Your database may be corrupt or you may have copied the InnoDB tablespace but not the InnoDB log files. Please refer to https://mariadb.com/kb/en/library/innodb-recovery-modes/ for information about forcing recovery.
2026-06-07 10:51:16 0 [ERROR] InnoDB: Page [page id: space=0, page number=270] log sequence number 359378 is in the future! Current system log sequence number 306505.
2026-06-07 10:51:16 0 [ERROR] InnoDB: Your database may be corrupt or you may have copied the InnoDB tablespace but not the InnoDB log files. Please refer to https://mariadb.com/kb/en/library/innodb-recovery-modes/ for information about forcing recovery.
2026-06-07 10:51:16 0 [ERROR] InnoDB: Page [page id: space=0, page number=401] log sequence number 359378 is in the future! Current system log sequence number 306505.
2026-06-07 10:51:16 0 [ERROR] InnoDB: Your database may be corrupt or you may have copied the InnoDB tablespace but not the InnoDB log files. Please refer to https://mariadb.com/kb/en/library/innodb-recovery-modes/ for information about forcing recovery.
2026-06-07 10:51:16 0 [ERROR] InnoDB: Page [page id: space=0, page number=271] log sequence number 360018 is in the future! Current system log sequence number 306505.
2026-06-07 10:51:16 0 [ERROR] InnoDB: Your database may be corrupt or you may have copied the InnoDB tablespace but not the InnoDB log files. Please refer to https://mariadb.com/kb/en/library/innodb-recovery-modes/ for information about forcing recovery.
2026-06-07 10:51:16 0 [ERROR] InnoDB: Page [page id: space=0, page number=402] log sequence number 360018 is in the future! Current system log sequence number 306505.
2026-06-07 10:51:16 0 [ERROR] InnoDB: Your database may be corrupt or you may have copied the InnoDB tablespace but not the InnoDB log files. Please refer to https://mariadb.com/kb/en/library/innodb-recovery-modes/ for information about forcing recovery.
2026-06-07 10:51:16 0 [ERROR] InnoDB: Page [page id: space=0, page number=273] log sequence number 373289 is in the future! Current system log sequence number 306505.
2026-06-07 10:51:16 0 [ERROR] InnoDB: Your database may be corrupt or you may have copied the InnoDB tablespace but not the InnoDB log files. Please refer to https://mariadb.com/kb/en/library/innodb-recovery-modes/ for information about forcing recovery.
2026-06-07 10:51:16 0 [ERROR] InnoDB: Page [page id: space=0, page number=403] log sequence number 373289 is in the future! Current system log sequence number 306505.
2026-06-07 10:51:16 0 [ERROR] InnoDB: Your database may be corrupt or you may have copied the InnoDB tablespace but not the InnoDB log files. Please refer to https://mariadb.com/kb/en/library/innodb-recovery-modes/ for information about forcing recovery.
2026-06-07 10:51:16 0 [ERROR] InnoDB: Page [page id: space=0, page number=275] log sequence number 373333 is in the future! Current system log sequence number 306505.
2026-06-07 10:51:16 0 [ERROR] InnoDB: Your database may be corrupt or you may have copied the InnoDB tablespace but not the InnoDB log files. Please refer to https://mariadb.com/kb/en/library/innodb-recovery-modes/ for information about forcing recovery.
2026-06-07 10:51:16 0 [ERROR] InnoDB: Page [page id: space=0, page number=404] log sequence number 373333 is in the future! Current system log sequence number 306505.
2026-06-07 10:51:16 0 [ERROR] InnoDB: Your database may be corrupt or you may have copied the InnoDB tablespace but not the InnoDB log files. Please refer to https://mariadb.com/kb/en/library/innodb-recovery-modes/ for information about forcing recovery.
2026-06-07 10:51:16 0 [ERROR] InnoDB: Page [page id: space=0, page number=276] log sequence number 373377 is in the future! Current system log sequence number 306505.
2026-06-07 10:51:16 0 [ERROR] InnoDB: Your database may be corrupt or you may have copied the InnoDB tablespace but not the InnoDB log files. Please refer to https://mariadb.com/kb/en/library/innodb-recovery-modes/ for information about forcing recovery.
2026-06-07 10:51:16 0 [ERROR] InnoDB: Page [page id: space=0, page number=405] log sequence number 373377 is in the future! Current system log sequence number 306505.
2026-06-07 10:51:16 0 [ERROR] InnoDB: Your database may be corrupt or you may have copied the InnoDB tablespace but not the InnoDB log files. Please refer to https://mariadb.com/kb/en/library/innodb-recovery-modes/ for information about forcing recovery.
2026-06-07 10:51:16 0 [ERROR] InnoDB: Page [page id: space=0, page number=277] log sequence number 373421 is in the future! Current system log sequence number 306505.
2026-06-07 10:51:16 0 [ERROR] InnoDB: Your database may be corrupt or you may have copied the InnoDB tablespace but not the InnoDB log files. Please refer to https://mariadb.com/kb/en/library/innodb-recovery-modes/ for information about forcing recovery.
2026-06-07 10:51:16 0 [ERROR] InnoDB: Page [page id: space=0, page number=406] log sequence number 373421 is in the future! Current system log sequence number 306505.
2026-06-07 10:51:16 0 [ERROR] InnoDB: Your database may be corrupt or you may have copied the InnoDB tablespace but not the InnoDB log files. Please refer to https://mariadb.com/kb/en/library/innodb-recovery-modes/ for information about forcing recovery.
2026-06-07 10:51:16 0 [ERROR] InnoDB: Page [page id: space=0, page number=278] log sequence number 373465 is in the future! Current system log sequence number 306505.
2026-06-07 10:51:16 0 [ERROR] InnoDB: Your database may be corrupt or you may have copied the InnoDB tablespace but not the InnoDB log files. Please refer to https://mariadb.com/kb/en/library/innodb-recovery-modes/ for information about forcing recovery.
2026-06-07 10:51:16 0 [ERROR] InnoDB: Page [page id: space=0, page number=407] log sequence number 373465 is in the future! Current system log sequence number 306505.
2026-06-07 10:51:16 0 [ERROR] InnoDB: Your database may be corrupt or you may have copied the InnoDB tablespace but not the InnoDB log files. Please refer to https://mariadb.com/kb/en/library/innodb-recovery-modes/ for information about forcing recovery.
2026-06-07 10:51:16 0 [ERROR] InnoDB: Page [page id: space=0, page number=279] log sequence number 373509 is in the future! Current system log sequence number 306505.
2026-06-07 10:51:16 0 [ERROR] InnoDB: Your database may be corrupt or you may have copied the InnoDB tablespace but not the InnoDB log files. Please refer to https://mariadb.com/kb/en/library/innodb-recovery-modes/ for information about forcing recovery.
2026-06-07 10:51:16 0 [ERROR] InnoDB: Page [page id: space=0, page number=409] log sequence number 373509 is in the future! Current system log sequence number 306505.
2026-06-07 10:51:16 0 [ERROR] InnoDB: Your database may be corrupt or you may have copied the InnoDB tablespace but not the InnoDB log files. Please refer to https://mariadb.com/kb/en/library/innodb-recovery-modes/ for information about forcing recovery.
2026-06-07 10:51:16 0 [ERROR] InnoDB: Page [page id: space=0, page number=280] log sequence number 373553 is in the future! Current system log sequence number 306505.
2026-06-07 10:51:16 0 [ERROR] InnoDB: Your database may be corrupt or you may have copied the InnoDB tablespace but not the InnoDB log files. Please refer to https://mariadb.com/kb/en/library/innodb-recovery-modes/ for information about forcing recovery.
2026-06-07 10:51:16 0 [ERROR] InnoDB: Page [page id: space=0, page number=410] log sequence number 373553 is in the future! Current system log sequence number 306505.
2026-06-07 10:51:16 0 [ERROR] InnoDB: Your database may be corrupt or you may have copied the InnoDB tablespace but not the InnoDB log files. Please refer to https://mariadb.com/kb/en/library/innodb-recovery-modes/ for information about forcing recovery.
2026-06-07 10:51:16 0 [ERROR] InnoDB: Page [page id: space=0, page number=281] log sequence number 373597 is in the future! Current system log sequence number 306505.
2026-06-07 10:51:16 0 [ERROR] InnoDB: Your database may be corrupt or you may have copied the InnoDB tablespace but not the InnoDB log files. Please refer to https://mariadb.com/kb/en/library/innodb-recovery-modes/ for information about forcing recovery.
2026-06-07 10:51:16 0 [ERROR] InnoDB: Page [page id: space=0, page number=411] log sequence number 373597 is in the future! Current system log sequence number 306505.
2026-06-07 10:51:16 0 [ERROR] InnoDB: Your database may be corrupt or you may have copied the InnoDB tablespace but not the InnoDB log files. Please refer to https://mariadb.com/kb/en/library/innodb-recovery-modes/ for information about forcing recovery.
2026-06-07 10:51:16 0 [ERROR] InnoDB: Page [page id: space=0, page number=282] log sequence number 373641 is in the future! Current system log sequence number 306505.
2026-06-07 10:51:16 0 [ERROR] InnoDB: Your database may be corrupt or you may have copied the InnoDB tablespace but not the InnoDB log files. Please refer to https://mariadb.com/kb/en/library/innodb-recovery-modes/ for information about forcing recovery.
2026-06-07 10:51:16 0 [ERROR] InnoDB: Page [page id: space=0, page number=412] log sequence number 373641 is in the future! Current system log sequence number 306505.
2026-06-07 10:51:16 0 [ERROR] InnoDB: Your database may be corrupt or you may have copied the InnoDB tablespace but not the InnoDB log files. Please refer to https://mariadb.com/kb/en/library/innodb-recovery-modes/ for information about forcing recovery.
2026-06-07 10:51:16 0 [ERROR] InnoDB: Page [page id: space=0, page number=283] log sequence number 373685 is in the future! Current system log sequence number 306505.
2026-06-07 10:51:16 0 [ERROR] InnoDB: Your database may be corrupt or you may have copied the InnoDB tablespace but not the InnoDB log files. Please refer to https://mariadb.com/kb/en/library/innodb-recovery-modes/ for information about forcing recovery.
2026-06-07 10:51:16 0 [ERROR] InnoDB: Page [page id: space=0, page number=413] log sequence number 373685 is in the future! Current system log sequence number 306505.
2026-06-07 10:51:16 0 [ERROR] InnoDB: Your database may be corrupt or you may have copied the InnoDB tablespace but not the InnoDB log files. Please refer to https://mariadb.com/kb/en/library/innodb-recovery-modes/ for information about forcing recovery.
2026-06-07 10:51:16 0 [ERROR] InnoDB: Page [page id: space=0, page number=284] log sequence number 373729 is in the future! Current system log sequence number 306505.
2026-06-07 10:51:16 0 [ERROR] InnoDB: Your database may be corrupt or you may have copied the InnoDB tablespace but not the InnoDB log files. Please refer to https://mariadb.com/kb/en/library/innodb-recovery-modes/ for information about forcing recovery.
2026-06-07 10:51:16 0 [ERROR] InnoDB: Page [page id: space=0, page number=414] log sequence number 373729 is in the future! Current system log sequence number 306505.
2026-06-07 10:51:16 0 [ERROR] InnoDB: Your database may be corrupt or you may have copied the InnoDB tablespace but not the InnoDB log files. Please refer to https://mariadb.com/kb/en/library/innodb-recovery-modes/ for information about forcing recovery.
2026-06-07 10:51:16 0 [ERROR] InnoDB: Page [page id: space=0, page number=285] log sequence number 373789 is in the future! Current system log sequence number 306505.
2026-06-07 10:51:16 0 [ERROR] InnoDB: Your database may be corrupt or you may have copied the InnoDB tablespace but not the InnoDB log files. Please refer to https://mariadb.com/kb/en/library/innodb-recovery-modes/ for information about forcing recovery.
2026-06-07 10:51:16 0 [ERROR] InnoDB: Page [page id: space=0, page number=415] log sequence number 373789 is in the future! Current system log sequence number 306505.
2026-06-07 10:51:16 0 [ERROR] InnoDB: Your database may be corrupt or you may have copied the InnoDB tablespace but not the InnoDB log files. Please refer to https://mariadb.com/kb/en/library/innodb-recovery-modes/ for information about forcing recovery.
2026-06-07 10:51:16 0 [ERROR] InnoDB: Page [page id: space=0, page number=286] log sequence number 373833 is in the future! Current system log sequence number 306505.
2026-06-07 10:51:16 0 [ERROR] InnoDB: Your database may be corrupt or you may have copied the InnoDB tablespace but not the InnoDB log files. Please refer to https://mariadb.com/kb/en/library/innodb-recovery-modes/ for information about forcing recovery.
2026-06-07 10:51:16 0 [ERROR] InnoDB: Page [page id: space=0, page number=416] log sequence number 373833 is in the future! Current system log sequence number 306505.
2026-06-07 10:51:16 0 [ERROR] InnoDB: Your database may be corrupt or you may have copied the InnoDB tablespace but not the InnoDB log files. Please refer to https://mariadb.com/kb/en/library/innodb-recovery-modes/ for information about forcing recovery.
2026-06-07 10:51:16 0 [ERROR] InnoDB: Page [page id: space=0, page number=287] log sequence number 373877 is in the future! Current system log sequence number 306505.
2026-06-07 10:51:16 0 [ERROR] InnoDB: Your database may be corrupt or you may have copied the InnoDB tablespace but not the InnoDB log files. Please refer to https://mariadb.com/kb/en/library/innodb-recovery-modes/ for information about forcing recovery.
2026-06-07 10:51:16 0 [ERROR] InnoDB: Page [page id: space=0, page number=417] log sequence number 373877 is in the future! Current system log sequence number 306505.
2026-06-07 10:51:16 0 [ERROR] InnoDB: Your database may be corrupt or you may have copied the InnoDB tablespace but not the InnoDB log files. Please refer to https://mariadb.com/kb/en/library/innodb-recovery-modes/ for information about forcing recovery.
2026-06-07 10:51:16 0 [ERROR] InnoDB: Page [page id: space=0, page number=288] log sequence number 373921 is in the future! Current system log sequence number 306505.
2026-06-07 10:51:16 0 [ERROR] InnoDB: Your database may be corrupt or you may have copied the InnoDB tablespace but not the InnoDB log files. Please refer to https://mariadb.com/kb/en/library/innodb-recovery-modes/ for information about forcing recovery.
2026-06-07 10:51:16 0 [ERROR] InnoDB: Page [page id: space=0, page number=418] log sequence number 373921 is in the future! Current system log sequence number 306505.
2026-06-07 10:51:16 0 [ERROR] InnoDB: Your database may be corrupt or you may have copied the InnoDB tablespace but not the InnoDB log files. Please refer to https://mariadb.com/kb/en/library/innodb-recovery-modes/ for information about forcing recovery.
2026-06-07 10:51:16 0 [ERROR] InnoDB: Page [page id: space=0, page number=289] log sequence number 373965 is in the future! Current system log sequence number 306505.
2026-06-07 10:51:16 0 [ERROR] InnoDB: Your database may be corrupt or you may have copied the InnoDB tablespace but not the InnoDB log files. Please refer to https://mariadb.com/kb/en/library/innodb-recovery-modes/ for information about forcing recovery.
2026-06-07 10:51:16 0 [ERROR] InnoDB: Page [page id: space=0, page number=419] log sequence number 373965 is in the future! Current system log sequence number 306505.
2026-06-07 10:51:16 0 [ERROR] InnoDB: Your database may be corrupt or you may have copied the InnoDB tablespace but not the InnoDB log files. Please refer to https://mariadb.com/kb/en/library/innodb-recovery-modes/ for information about forcing recovery.
2026-06-07 10:51:16 0 [ERROR] InnoDB: Page [page id: space=0, page number=290] log sequence number 374009 is in the future! Current system log sequence number 306505.
2026-06-07 10:51:16 0 [ERROR] InnoDB: Your database may be corrupt or you may have copied the InnoDB tablespace but not the InnoDB log files. Please refer to https://mariadb.com/kb/en/library/innodb-recovery-modes/ for information about forcing recovery.
2026-06-07 10:51:16 0 [ERROR] InnoDB: Page [page id: space=0, page number=420] log sequence number 374009 is in the future! Current system log sequence number 306505.
2026-06-07 10:51:16 0 [ERROR] InnoDB: Your database may be corrupt or you may have copied the InnoDB tablespace but not the InnoDB log files. Please refer to https://mariadb.com/kb/en/library/innodb-recovery-modes/ for information about forcing recovery.
2026-06-07 10:51:16 0 [ERROR] InnoDB: Page [page id: space=0, page number=291] log sequence number 374053 is in the future! Current system log sequence number 306505.
2026-06-07 10:51:16 0 [ERROR] InnoDB: Your database may be corrupt or you may have copied the InnoDB tablespace but not the InnoDB log files. Please refer to https://mariadb.com/kb/en/library/innodb-recovery-modes/ for information about forcing recovery.
2026-06-07 10:51:16 0 [ERROR] InnoDB: Page [page id: space=0, page number=421] log sequence number 374053 is in the future! Current system log sequence number 306505.
2026-06-07 10:51:16 0 [ERROR] InnoDB: Your database may be corrupt or you may have copied the InnoDB tablespace but not the InnoDB log files. Please refer to https://mariadb.com/kb/en/library/innodb-recovery-modes/ for information about forcing recovery.
2026-06-07 10:51:16 0 [ERROR] InnoDB: Page [page id: space=0, page number=292] log sequence number 382552 is in the future! Current system log sequence number 306505.
2026-06-07 10:51:16 0 [ERROR] InnoDB: Your database may be corrupt or you may have copied the InnoDB tablespace but not the InnoDB log files. Please refer to https://mariadb.com/kb/en/library/innodb-recovery-modes/ for information about forcing recovery.
2026-06-07 10:51:16 0 [ERROR] InnoDB: Page [page id: space=0, page number=422] log sequence number 382552 is in the future! Current system log sequence number 306505.
2026-06-07 10:51:16 0 [ERROR] InnoDB: Your database may be corrupt or you may have copied the InnoDB tablespace but not the InnoDB log files. Please refer to https://mariadb.com/kb/en/library/innodb-recovery-modes/ for information about forcing recovery.
2026-06-07 10:51:16 0 [ERROR] InnoDB: Page [page id: space=0, page number=293] log sequence number 382596 is in the future! Current system log sequence number 306505.
2026-06-07 10:51:16 0 [ERROR] InnoDB: Your database may be corrupt or you may have copied the InnoDB tablespace but not the InnoDB log files. Please refer to https://mariadb.com/kb/en/library/innodb-recovery-modes/ for information about forcing recovery.
2026-06-07 10:51:16 0 [ERROR] InnoDB: Page [page id: space=0, page number=423] log sequence number 382596 is in the future! Current system log sequence number 306505.
2026-06-07 10:51:16 0 [ERROR] InnoDB: Your database may be corrupt or you may have copied the InnoDB tablespace but not the InnoDB log files. Please refer to https://mariadb.com/kb/en/library/innodb-recovery-modes/ for information about forcing recovery.
2026-06-07 10:51:16 0 [ERROR] InnoDB: Page [page id: space=0, page number=294] log sequence number 382640 is in the future! Current system log sequence number 306505.
2026-06-07 10:51:16 0 [ERROR] InnoDB: Your database may be corrupt or you may have copied the InnoDB tablespace but not the InnoDB log files. Please refer to https://mariadb.com/kb/en/library/innodb-recovery-modes/ for information about forcing recovery.
2026-06-07 10:51:16 0 [ERROR] InnoDB: Page [page id: space=0, page number=424] log sequence number 382640 is in the future! Current system log sequence number 306505.
2026-06-07 10:51:16 0 [ERROR] InnoDB: Your database may be corrupt or you may have copied the InnoDB tablespace but not the InnoDB log files. Please refer to https://mariadb.com/kb/en/library/innodb-recovery-modes/ for information about forcing recovery.
2026-06-07 10:51:16 0 [ERROR] InnoDB: Page [page id: space=0, page number=295] log sequence number 382684 is in the future! Current system log sequence number 306505.
2026-06-07 10:51:16 0 [ERROR] InnoDB: Your database may be corrupt or you may have copied the InnoDB tablespace but not the InnoDB log files. Please refer to https://mariadb.com/kb/en/library/innodb-recovery-modes/ for information about forcing recovery.
2026-06-07 10:51:16 0 [ERROR] InnoDB: Page [page id: space=0, page number=425] log sequence number 382684 is in the future! Current system log sequence number 306505.
2026-06-07 10:51:16 0 [ERROR] InnoDB: Your database may be corrupt or you may have copied the InnoDB tablespace but not the InnoDB log files. Please refer to https://mariadb.com/kb/en/library/innodb-recovery-modes/ for information about forcing recovery.
2026-06-07 10:51:16 0 [ERROR] InnoDB: Page [page id: space=0, page number=296] log sequence number 382728 is in the future! Current system log sequence number 306505.
2026-06-07 10:51:16 0 [ERROR] InnoDB: Your database may be corrupt or you may have copied the InnoDB tablespace but not the InnoDB log files. Please refer to https://mariadb.com/kb/en/library/innodb-recovery-modes/ for information about forcing recovery.
2026-06-07 10:51:16 0 [ERROR] InnoDB: Page [page id: space=0, page number=426] log sequence number 382728 is in the future! Current system log sequence number 306505.
2026-06-07 10:51:16 0 [ERROR] InnoDB: Your database may be corrupt or you may have copied the InnoDB tablespace but not the InnoDB log files. Please refer to https://mariadb.com/kb/en/library/innodb-recovery-modes/ for information about forcing recovery.
2026-06-07 10:51:16 0 [ERROR] InnoDB: Page [page id: space=0, page number=297] log sequence number 382772 is in the future! Current system log sequence number 306505.
2026-06-07 10:51:16 0 [ERROR] InnoDB: Your database may be corrupt or you may have copied the InnoDB tablespace but not the InnoDB log files. Please refer to https://mariadb.com/kb/en/library/innodb-recovery-modes/ for information about forcing recovery.
2026-06-07 10:51:16 0 [ERROR] InnoDB: Page [page id: space=0, page number=427] log sequence number 382772 is in the future! Current system log sequence number 306505.
2026-06-07 10:51:16 0 [ERROR] InnoDB: Your database may be corrupt or you may have copied the InnoDB tablespace but not the InnoDB log files. Please refer to https://mariadb.com/kb/en/library/innodb-recovery-modes/ for information about forcing recovery.
2026-06-07 10:51:16 0 [ERROR] InnoDB: Page [page id: space=0, page number=298] log sequence number 382816 is in the future! Current system log sequence number 306505.
2026-06-07 10:51:16 0 [ERROR] InnoDB: Your database may be corrupt or you may have copied the InnoDB tablespace but not the InnoDB log files. Please refer to https://mariadb.com/kb/en/library/innodb-recovery-modes/ for information about forcing recovery.
2026-06-07 10:51:16 0 [ERROR] InnoDB: Page [page id: space=0, page number=428] log sequence number 382816 is in the future! Current system log sequence number 306505.
2026-06-07 10:51:16 0 [ERROR] InnoDB: Your database may be corrupt or you may have copied the InnoDB tablespace but not the InnoDB log files. Please refer to https://mariadb.com/kb/en/library/innodb-recovery-modes/ for information about forcing recovery.
2026-06-07 10:51:16 0 [ERROR] InnoDB: Page [page id: space=0, page number=299] log sequence number 382860 is in the future! Current system log sequence number 306505.
2026-06-07 10:51:16 0 [ERROR] InnoDB: Your database may be corrupt or you may have copied the InnoDB tablespace but not the InnoDB log files. Please refer to https://mariadb.com/kb/en/library/innodb-recovery-modes/ for information about forcing recovery.
2026-06-07 10:51:16 0 [ERROR] InnoDB: Page [page id: space=0, page number=429] log sequence number 382860 is in the future! Current system log sequence number 306505.
2026-06-07 10:51:16 0 [ERROR] InnoDB: Your database may be corrupt or you may have copied the InnoDB tablespace but not the InnoDB log files. Please refer to https://mariadb.com/kb/en/library/innodb-recovery-modes/ for information about forcing recovery.
2026-06-07 10:51:16 0 [ERROR] InnoDB: Page [page id: space=0, page number=300] log sequence number 382904 is in the future! Current system log sequence number 306505.
2026-06-07 10:51:16 0 [ERROR] InnoDB: Your database may be corrupt or you may have copied the InnoDB tablespace but not the InnoDB log files. Please refer to https://mariadb.com/kb/en/library/innodb-recovery-modes/ for information about forcing recovery.
2026-06-07 10:51:16 0 [ERROR] InnoDB: Page [page id: space=0, page number=430] log sequence number 382904 is in the future! Current system log sequence number 306505.
2026-06-07 10:51:16 0 [ERROR] InnoDB: Your database may be corrupt or you may have copied the InnoDB tablespace but not the InnoDB log files. Please refer to https://mariadb.com/kb/en/library/innodb-recovery-modes/ for information about forcing recovery.
2026-06-07 10:51:16 0 [ERROR] InnoDB: Page [page id: space=0, page number=0] log sequence number 381298 is in the future! Current system log sequence number 306505.
2026-06-07 10:51:16 0 [ERROR] InnoDB: Your database may be corrupt or you may have copied the InnoDB tablespace but not the InnoDB log files. Please refer to https://mariadb.com/kb/en/library/innodb-recovery-modes/ for information about forcing recovery.
2026-06-07 10:51:17 0 [ERROR] InnoDB: Page [page id: space=0, page number=8] log sequence number 349743 is in the future! Current system log sequence number 306505.
2026-06-07 10:51:17 0 [ERROR] InnoDB: Your database may be corrupt or you may have copied the InnoDB tablespace but not the InnoDB log files. Please refer to https://mariadb.com/kb/en/library/innodb-recovery-modes/ for information about forcing recovery.
2026-06-07 10:51:17 0 [ERROR] InnoDB: Page [page id: space=0, page number=10] log sequence number 349847 is in the future! Current system log sequence number 306505.
2026-06-07 10:51:17 0 [ERROR] InnoDB: Your database may be corrupt or you may have copied the InnoDB tablespace but not the InnoDB log files. Please refer to https://mariadb.com/kb/en/library/innodb-recovery-modes/ for information about forcing recovery.
2026-06-07 10:51:17 0 [ERROR] InnoDB: Page [page id: space=0, page number=12] log sequence number 349779 is in the future! Current system log sequence number 306505.
2026-06-07 10:51:17 0 [ERROR] InnoDB: Your database may be corrupt or you may have copied the InnoDB tablespace but not the InnoDB log files. Please refer to https://mariadb.com/kb/en/library/innodb-recovery-modes/ for information about forcing recovery.
2026-06-07 10:51:17 0 [ERROR] InnoDB: Page [page id: space=0, page number=307] log sequence number 349733 is in the future! Current system log sequence number 306505.
2026-06-07 10:51:17 0 [ERROR] InnoDB: Your database may be corrupt or you may have copied the InnoDB tablespace but not the InnoDB log files. Please refer to https://mariadb.com/kb/en/library/innodb-recovery-modes/ for information about forcing recovery.
2026-06-07 10:51:17 0 [ERROR] InnoDB: Page [page id: space=0, page number=308] log sequence number 349749 is in the future! Current system log sequence number 306505.
2026-06-07 10:51:17 0 [ERROR] InnoDB: Your database may be corrupt or you may have copied the InnoDB tablespace but not the InnoDB log files. Please refer to https://mariadb.com/kb/en/library/innodb-recovery-modes/ for information about forcing recovery.
2026-06-07 10:51:17 0 [Note] InnoDB: 128 out of 128 rollback segments are active.
2026-06-07 10:51:17 0 [Note] InnoDB: Removed temporary tablespace data file: "ibtmp1"
2026-06-07 10:51:17 0 [Note] InnoDB: Creating shared tablespace for temporary tables
2026-06-07 10:51:17 0 [Note] InnoDB: Setting file 'D:\xampp\mysql\data\ibtmp1' size to 12 MB. Physically writing the file full; Please wait ...
2026-06-07 10:51:17 0 [Note] InnoDB: File 'D:\xampp\mysql\data\ibtmp1' size is now 12 MB.
2026-06-07 10:51:17 0 [Note] InnoDB: Waiting for purge to start
2026-06-07 10:51:17 4 [ERROR] InnoDB: Page [page id: space=0, page number=9] log sequence number 349738 is in the future! Current system log sequence number 306505.
2026-06-07 10:51:17 4 [ERROR] InnoDB: Your database may be corrupt or you may have copied the InnoDB tablespace but not the InnoDB log files. Please refer to https://mariadb.com/kb/en/library/innodb-recovery-modes/ for information about forcing recovery.
2026-06-07 10:51:17 4 [ERROR] InnoDB: Page [page id: space=28, page number=0] log sequence number 340260 is in the future! Current system log sequence number 306505.
2026-06-07 10:51:17 4 [ERROR] InnoDB: Your database may be corrupt or you may have copied the InnoDB tablespace but not the InnoDB log files. Please refer to https://mariadb.com/kb/en/library/innodb-recovery-modes/ for information about forcing recovery.
2026-06-07 10:51:17 4 [ERROR] InnoDB: Page [page id: space=28, page number=1] log sequence number 338720 is in the future! Current system log sequence number 306505.
2026-06-07 10:51:17 4 [ERROR] InnoDB: Your database may be corrupt or you may have copied the InnoDB tablespace but not the InnoDB log files. Please refer to https://mariadb.com/kb/en/library/innodb-recovery-modes/ for information about forcing recovery.
2026-06-07 10:51:17 0 [Note] InnoDB: 10.4.32 started; log sequence number 306496; transaction id 820
2026-06-07 10:51:17 0 [Note] InnoDB: Loading buffer pool(s) from D:\xampp\mysql\data\ib_buffer_pool
2026-06-07 10:51:17 0 [Note] Plugin 'FEEDBACK' is disabled.
2026-06-07 10:51:17 0 [ERROR] InnoDB: Page [page id: space=0, page number=243] log sequence number 362601 is in the future! Current system log sequence number 306505.
2026-06-07 10:51:17 0 [ERROR] InnoDB: Your database may be corrupt or you may have copied the InnoDB tablespace but not the InnoDB log files. Please refer to https://mariadb.com/kb/en/library/innodb-recovery-modes/ for information about forcing recovery.
2026-06-07 10:51:17 0 [Note] Server socket created on IP: '::'.
2026-06-07 11:14:12 0 [Note] Starting MariaDB 10.4.32-MariaDB source revision c4143f909528e3fab0677a28631d10389354c491 as process 4180
2026-06-07 11:14:12 0 [Note] InnoDB: Mutexes and rw_locks use Windows interlocked functions
2026-06-07 11:14:12 0 [Note] InnoDB: Uses event mutexes
2026-06-07 11:14:12 0 [Note] InnoDB: Compressed tables use zlib 1.3
2026-06-07 11:14:12 0 [Note] InnoDB: Number of pools: 1
2026-06-07 11:14:12 0 [Note] InnoDB: Using SSE2 crc32 instructions
2026-06-07 11:14:12 0 [Note] InnoDB: Initializing buffer pool, total size = 16M, instances = 1, chunk size = 16M
2026-06-07 11:14:12 0 [Note] InnoDB: Completed initialization of buffer pool
2026-06-07 11:14:12 0 [Note] InnoDB: Starting crash recovery from checkpoint LSN=306505
2026-06-07 11:14:12 0 [Warning] InnoDB: Are you sure you are using the right ib_logfiles to start up the database? Log sequence number in the ib_logfiles is 306505, less than the log sequence number in the first system tablespace file header, 383879.
2026-06-07 11:14:12 0 [Warning] InnoDB: Ignoring a doublewrite copy of page [page id: space=16, page number=3] with future log sequence number 340849
2026-06-07 11:14:12 0 [Warning] InnoDB: Ignoring a doublewrite copy of page [page id: space=0, page number=248] with future log sequence number 340829
2026-06-07 11:14:12 0 [Warning] InnoDB: Ignoring a doublewrite copy of page [page id: space=0, page number=385] with future log sequence number 340829
2026-06-07 11:14:12 0 [Warning] InnoDB: Ignoring a doublewrite copy of page [page id: space=0, page number=232] with future log sequence number 339797
2026-06-07 11:14:12 0 [Warning] InnoDB: Ignoring a doublewrite copy of page [page id: space=0, page number=373] with future log sequence number 339797
2026-06-07 11:14:12 0 [Warning] InnoDB: Ignoring a doublewrite copy of page [page id: space=0, page number=231] with future log sequence number 339753
2026-06-07 11:14:12 0 [Warning] InnoDB: Ignoring a doublewrite copy of page [page id: space=0, page number=368] with future log sequence number 339753
2026-06-07 11:14:12 0 [Warning] InnoDB: Ignoring a doublewrite copy of page [page id: space=0, page number=230] with future log sequence number 339709
2026-06-07 11:14:12 0 [Warning] InnoDB: Ignoring a doublewrite copy of page [page id: space=0, page number=367] with future log sequence number 339709
2026-06-07 11:14:12 0 [Warning] InnoDB: Ignoring a doublewrite copy of page [page id: space=0, page number=260] with future log sequence number 355374
2026-06-07 11:14:12 0 [Warning] InnoDB: Ignoring a doublewrite copy of page [page id: space=0, page number=290] with future log sequence number 374009
2026-06-07 11:14:12 0 [Warning] InnoDB: Ignoring a doublewrite copy of page [page id: space=0, page number=420] with future log sequence number 374009
2026-06-07 11:14:12 0 [Warning] InnoDB: Ignoring a doublewrite copy of page [page id: space=0, page number=223] with future log sequence number 317669
2026-06-07 11:14:12 0 [Warning] InnoDB: Ignoring a doublewrite copy of page [page id: space=2, page number=3] with future log sequence number 317754
2026-06-07 11:14:12 0 [Warning] InnoDB: Ignoring a doublewrite copy of page [page id: space=0, page number=360] with future log sequence number 317669
2026-06-07 11:14:12 0 [Warning] InnoDB: Ignoring a doublewrite copy of page [page id: space=0, page number=237] with future log sequence number 326879
2026-06-07 11:14:12 0 [Warning] InnoDB: Ignoring a doublewrite copy of page [page id: space=0, page number=377] with future log sequence number 326879
2026-06-07 11:14:12 0 [Warning] InnoDB: Ignoring a doublewrite copy of page [page id: space=0, page number=218] with future log sequence number 353252
2026-06-07 11:14:12 0 [Warning] InnoDB: Ignoring a doublewrite copy of page [page id: space=0, page number=355] with future log sequence number 353252
2026-06-07 11:14:12 0 [Warning] InnoDB: Ignoring a doublewrite copy of page [page id: space=0, page number=217] with future log sequence number 353208
2026-06-07 11:14:12 0 [Warning] InnoDB: Ignoring a doublewrite copy of page [page id: space=0, page number=354] with future log sequence number 353208
2026-06-07 11:14:12 0 [Warning] InnoDB: Ignoring a doublewrite copy of page [page id: space=0, page number=216] with future log sequence number 353164
2026-06-07 11:14:12 0 [Warning] InnoDB: Ignoring a doublewrite copy of page [page id: space=0, page number=353] with future log sequence number 353164
2026-06-07 11:14:12 0 [Warning] InnoDB: Ignoring a doublewrite copy of page [page id: space=0, page number=215] with future log sequence number 353120
2026-06-07 11:14:12 0 [Warning] InnoDB: Ignoring a doublewrite copy of page [page id: space=0, page number=352] with future log sequence number 353120
2026-06-07 11:14:12 0 [Warning] InnoDB: Ignoring a doublewrite copy of page [page id: space=0, page number=213] with future log sequence number 353076
2026-06-07 11:14:12 0 [Warning] InnoDB: Ignoring a doublewrite copy of page [page id: space=0, page number=237] with future log sequence number 365321
2026-06-07 11:14:12 0 [Warning] InnoDB: Ignoring a doublewrite copy of page [page id: space=0, page number=377] with future log sequence number 365321
2026-06-07 11:14:12 0 [Warning] InnoDB: Ignoring a doublewrite copy of page [page id: space=0, page number=249] with future log sequence number 371342
2026-06-07 11:14:12 0 [Warning] InnoDB: Ignoring a doublewrite copy of page [page id: space=16, page number=3] with future log sequence number 371362
2026-06-07 11:14:12 0 [Warning] InnoDB: Ignoring a doublewrite copy of page [page id: space=0, page number=370] with future log sequence number 371342
2026-06-07 11:14:12 0 [Warning] InnoDB: Ignoring a doublewrite copy of page [page id: space=0, page number=266] with future log sequence number 382997
2026-06-07 11:14:12 0 [Warning] InnoDB: Ignoring a doublewrite copy of page [page id: space=0, page number=434] with future log sequence number 382997
2026-06-07 11:14:12 0 [Warning] InnoDB: Ignoring a doublewrite copy of page [page id: space=0, page number=265] with future log sequence number 382937
2026-06-07 11:14:12 0 [Warning] InnoDB: Ignoring a doublewrite copy of page [page id: space=0, page number=398] with future log sequence number 382937
2026-06-07 11:14:12 0 [ERROR] InnoDB: Page [page id: space=0, page number=7] log sequence number 339768 is in the future! Current system log sequence number 306523.
2026-06-07 11:14:12 0 [ERROR] InnoDB: Your database may be corrupt or you may have copied the InnoDB tablespace but not the InnoDB log files. Please refer to https://mariadb.com/kb/en/library/innodb-recovery-modes/ for information about forcing recovery.
2026-06-07 11:14:12 0 [ERROR] InnoDB: Page [page id: space=0, page number=11] log sequence number 349764 is in the future! Current system log sequence number 306523.
2026-06-07 11:14:12 0 [ERROR] InnoDB: Your database may be corrupt or you may have copied the InnoDB tablespace but not the InnoDB log files. Please refer to https://mariadb.com/kb/en/library/innodb-recovery-modes/ for information about forcing recovery.
2026-06-07 11:14:12 0 [ERROR] InnoDB: Page [page id: space=0, page number=6] log sequence number 382375 is in the future! Current system log sequence number 306523.
2026-06-07 11:14:12 0 [ERROR] InnoDB: Your database may be corrupt or you may have copied the InnoDB tablespace but not the InnoDB log files. Please refer to https://mariadb.com/kb/en/library/innodb-recovery-modes/ for information about forcing recovery.
2026-06-07 11:14:12 0 [ERROR] InnoDB: Page [page id: space=0, page number=301] log sequence number 382375 is in the future! Current system log sequence number 306523.
2026-06-07 11:14:12 0 [ERROR] InnoDB: Your database may be corrupt or you may have copied the InnoDB tablespace but not the InnoDB log files. Please refer to https://mariadb.com/kb/en/library/innodb-recovery-modes/ for information about forcing recovery.
2026-06-07 11:14:13 0 [ERROR] InnoDB: Page [page id: space=0, page number=45] log sequence number 382414 is in the future! Current system log sequence number 306523.
2026-06-07 11:14:13 0 [ERROR] InnoDB: Your database may be corrupt or you may have copied the InnoDB tablespace but not the InnoDB log files. Please refer to https://mariadb.com/kb/en/library/innodb-recovery-modes/ for information about forcing recovery.
2026-06-07 11:14:13 0 [ERROR] InnoDB: Page [page id: space=0, page number=306] log sequence number 382414 is in the future! Current system log sequence number 306523.
2026-06-07 11:14:13 0 [ERROR] InnoDB: Your database may be corrupt or you may have copied the InnoDB tablespace but not the InnoDB log files. Please refer to https://mariadb.com/kb/en/library/innodb-recovery-modes/ for information about forcing recovery.
2026-06-07 11:14:13 0 [ERROR] InnoDB: Page [page id: space=0, page number=46] log sequence number 382453 is in the future! Current system log sequence number 306523.
2026-06-07 11:14:13 0 [ERROR] InnoDB: Your database may be corrupt or you may have copied the InnoDB tablespace but not the InnoDB log files. Please refer to https://mariadb.com/kb/en/library/innodb-recovery-modes/ for information about forcing recovery.
2026-06-07 11:14:13 0 [ERROR] InnoDB: Page [page id: space=0, page number=309] log sequence number 382453 is in the future! Current system log sequence number 306523.
2026-06-07 11:14:13 0 [ERROR] InnoDB: Your database may be corrupt or you may have copied the InnoDB tablespace but not the InnoDB log files. Please refer to https://mariadb.com/kb/en/library/innodb-recovery-modes/ for information about forcing recovery.
2026-06-07 11:14:13 0 [ERROR] InnoDB: Page [page id: space=0, page number=193] log sequence number 335526 is in the future! Current system log sequence number 306523.
2026-06-07 11:14:13 0 [ERROR] InnoDB: Your database may be corrupt or you may have copied the InnoDB tablespace but not the InnoDB log files. Please refer to https://mariadb.com/kb/en/library/innodb-recovery-modes/ for information about forcing recovery.
2026-06-07 11:14:13 0 [ERROR] InnoDB: Page [page id: space=0, page number=330] log sequence number 335526 is in the future! Current system log sequence number 306523.
2026-06-07 11:14:13 0 [ERROR] InnoDB: Your database may be corrupt or you may have copied the InnoDB tablespace but not the InnoDB log files. Please refer to https://mariadb.com/kb/en/library/innodb-recovery-modes/ for information about forcing recovery.
2026-06-07 11:14:13 0 [ERROR] InnoDB: Page [page id: space=0, page number=204] log sequence number 307021 is in the future! Current system log sequence number 306523.
2026-06-07 11:14:13 0 [ERROR] InnoDB: Your database may be corrupt or you may have copied the InnoDB tablespace but not the InnoDB log files. Please refer to https://mariadb.com/kb/en/library/innodb-recovery-modes/ for information about forcing recovery.
2026-06-07 11:14:13 0 [ERROR] InnoDB: Page [page id: space=0, page number=341] log sequence number 307021 is in the future! Current system log sequence number 306523.
2026-06-07 11:14:13 0 [ERROR] InnoDB: Your database may be corrupt or you may have copied the InnoDB tablespace but not the InnoDB log files. Please refer to https://mariadb.com/kb/en/library/innodb-recovery-modes/ for information about forcing recovery.
2026-06-07 11:14:13 0 [ERROR] InnoDB: Page [page id: space=0, page number=205] log sequence number 352708 is in the future! Current system log sequence number 306523.
2026-06-07 11:14:13 0 [ERROR] InnoDB: Your database may be corrupt or you may have copied the InnoDB tablespace but not the InnoDB log files. Please refer to https://mariadb.com/kb/en/library/innodb-recovery-modes/ for information about forcing recovery.
2026-06-07 11:14:13 0 [ERROR] InnoDB: Page [page id: space=0, page number=342] log sequence number 352708 is in the future! Current system log sequence number 306523.
2026-06-07 11:14:13 0 [ERROR] InnoDB: Your database may be corrupt or you may have copied the InnoDB tablespace but not the InnoDB log files. Please refer to https://mariadb.com/kb/en/library/innodb-recovery-modes/ for information about forcing recovery.
2026-06-07 11:14:13 0 [ERROR] InnoDB: Page [page id: space=0, page number=206] log sequence number 352752 is in the future! Current system log sequence number 306523.
2026-06-07 11:14:13 0 [ERROR] InnoDB: Your database may be corrupt or you may have copied the InnoDB tablespace but not the InnoDB log files. Please refer to https://mariadb.com/kb/en/library/innodb-recovery-modes/ for information about forcing recovery.
2026-06-07 11:14:13 0 [ERROR] InnoDB: Page [page id: space=0, page number=343] log sequence number 352752 is in the future! Current system log sequence number 306523.
2026-06-07 11:14:13 0 [ERROR] InnoDB: Your database may be corrupt or you may have copied the InnoDB tablespace but not the InnoDB log files. Please refer to https://mariadb.com/kb/en/library/innodb-recovery-modes/ for information about forcing recovery.
2026-06-07 11:14:13 0 [ERROR] InnoDB: Page [page id: space=0, page number=207] log sequence number 352812 is in the future! Current system log sequence number 306523.
2026-06-07 11:14:13 0 [ERROR] InnoDB: Your database may be corrupt or you may have copied the InnoDB tablespace but not the InnoDB log files. Please refer to https://mariadb.com/kb/en/library/innodb-recovery-modes/ for information about forcing recovery.
2026-06-07 11:14:13 0 [ERROR] InnoDB: Page [page id: space=0, page number=344] log sequence number 352812 is in the future! Current system log sequence number 306523.
2026-06-07 11:14:13 0 [ERROR] InnoDB: Your database may be corrupt or you may have copied the InnoDB tablespace but not the InnoDB log files. Please refer to https://mariadb.com/kb/en/library/innodb-recovery-modes/ for information about forcing recovery.
2026-06-07 11:14:13 0 [ERROR] InnoDB: Page [page id: space=0, page number=208] log sequence number 352856 is in the future! Current system log sequence number 306523.
2026-06-07 11:14:13 0 [ERROR] InnoDB: Your database may be corrupt or you may have copied the InnoDB tablespace but not the InnoDB log files. Please refer to https://mariadb.com/kb/en/library/innodb-recovery-modes/ for information about forcing recovery.
2026-06-07 11:14:13 0 [ERROR] InnoDB: Page [page id: space=0, page number=345] log sequence number 352856 is in the future! Current system log sequence number 306523.
2026-06-07 11:14:13 0 [ERROR] InnoDB: Your database may be corrupt or you may have copied the InnoDB tablespace but not the InnoDB log files. Please refer to https://mariadb.com/kb/en/library/innodb-recovery-modes/ for information about forcing recovery.
2026-06-07 11:14:13 0 [ERROR] InnoDB: Page [page id: space=0, page number=209] log sequence number 352900 is in the future! Current system log sequence number 306523.
2026-06-07 11:14:13 0 [ERROR] InnoDB: Your database may be corrupt or you may have copied the InnoDB tablespace but not the InnoDB log files. Please refer to https://mariadb.com/kb/en/library/innodb-recovery-modes/ for information about forcing recovery.
2026-06-07 11:14:13 0 [ERROR] InnoDB: Page [page id: space=0, page number=346] log sequence number 352900 is in the future! Current system log sequence number 306523.
2026-06-07 11:14:13 0 [ERROR] InnoDB: Your database may be corrupt or you may have copied the InnoDB tablespace but not the InnoDB log files. Please refer to https://mariadb.com/kb/en/library/innodb-recovery-modes/ for information about forcing recovery.
2026-06-07 11:14:13 0 [ERROR] InnoDB: Page [page id: space=0, page number=210] log sequence number 352944 is in the future! Current system log sequence number 306523.
2026-06-07 11:14:13 0 [ERROR] InnoDB: Your database may be corrupt or you may have copied the InnoDB tablespace but not the InnoDB log files. Please refer to https://mariadb.com/kb/en/library/innodb-recovery-modes/ for information about forcing recovery.
2026-06-07 11:14:13 0 [ERROR] InnoDB: Page [page id: space=0, page number=347] log sequence number 352944 is in the future! Current system log sequence number 306523.
2026-06-07 11:14:13 0 [ERROR] InnoDB: Your database may be corrupt or you may have copied the InnoDB tablespace but not the InnoDB log files. Please refer to https://mariadb.com/kb/en/library/innodb-recovery-modes/ for information about forcing recovery.
2026-06-07 11:14:13 0 [ERROR] InnoDB: Page [page id: space=0, page number=211] log sequence number 352988 is in the future! Current system log sequence number 306523.
2026-06-07 11:14:13 0 [ERROR] InnoDB: Your database may be corrupt or you may have copied the InnoDB tablespace but not the InnoDB log files. Please refer to https://mariadb.com/kb/en/library/innodb-recovery-modes/ for information about forcing recovery.
2026-06-07 11:14:13 0 [ERROR] InnoDB: Page [page id: space=0, page number=348] log sequence number 352988 is in the future! Current system log sequence number 306523.
2026-06-07 11:14:13 0 [ERROR] InnoDB: Your database may be corrupt or you may have copied the InnoDB tablespace but not the InnoDB log files. Please refer to https://mariadb.com/kb/en/library/innodb-recovery-modes/ for information about forcing recovery.
2026-06-07 11:14:13 0 [ERROR] InnoDB: Page [page id: space=0, page number=212] log sequence number 353032 is in the future! Current system log sequence number 306523.
2026-06-07 11:14:13 0 [ERROR] InnoDB: Your database may be corrupt or you may have copied the InnoDB tablespace but not the InnoDB log files. Please refer to https://mariadb.com/kb/en/library/innodb-recovery-modes/ for information about forcing recovery.
2026-06-07 11:14:13 0 [ERROR] InnoDB: Page [page id: space=0, page number=349] log sequence number 353032 is in the future! Current system log sequence number 306523.
2026-06-07 11:14:13 0 [ERROR] InnoDB: Your database may be corrupt or you may have copied the InnoDB tablespace but not the InnoDB log files. Please refer to https://mariadb.com/kb/en/library/innodb-recovery-modes/ for information about forcing recovery.
2026-06-07 11:14:13 0 [ERROR] InnoDB: Page [page id: space=0, page number=213] log sequence number 353076 is in the future! Current system log sequence number 306523.
2026-06-07 11:14:13 0 [ERROR] InnoDB: Your database may be corrupt or you may have copied the InnoDB tablespace but not the InnoDB log files. Please refer to https://mariadb.com/kb/en/library/innodb-recovery-modes/ for information about forcing recovery.
2026-06-07 11:14:13 0 [ERROR] InnoDB: Page [page id: space=0, page number=350] log sequence number 353076 is in the future! Current system log sequence number 306523.
2026-06-07 11:14:13 0 [ERROR] InnoDB: Your database may be corrupt or you may have copied the InnoDB tablespace but not the InnoDB log files. Please refer to https://mariadb.com/kb/en/library/innodb-recovery-modes/ for information about forcing recovery.
2026-06-07 11:14:13 0 [ERROR] InnoDB: Page [page id: space=0, page number=214] log sequence number 315502 is in the future! Current system log sequence number 306523.
2026-06-07 11:14:13 0 [ERROR] InnoDB: Your database may be corrupt or you may have copied the InnoDB tablespace but not the InnoDB log files. Please refer to https://mariadb.com/kb/en/library/innodb-recovery-modes/ for information about forcing recovery.
2026-06-07 11:14:13 0 [ERROR] InnoDB: Page [page id: space=0, page number=351] log sequence number 315502 is in the future! Current system log sequence number 306523.
2026-06-07 11:14:13 0 [ERROR] InnoDB: Your database may be corrupt or you may have copied the InnoDB tablespace but not the InnoDB log files. Please refer to https://mariadb.com/kb/en/library/innodb-recovery-modes/ for information about forcing recovery.
2026-06-07 11:14:13 0 [ERROR] InnoDB: Page [page id: space=0, page number=215] log sequence number 353120 is in the future! Current system log sequence number 306523.
2026-06-07 11:14:13 0 [ERROR] InnoDB: Your database may be corrupt or you may have copied the InnoDB tablespace but not the InnoDB log files. Please refer to https://mariadb.com/kb/en/library/innodb-recovery-modes/ for information about forcing recovery.
2026-06-07 11:14:13 0 [ERROR] InnoDB: Page [page id: space=0, page number=352] log sequence number 353120 is in the future! Current system log sequence number 306523.
2026-06-07 11:14:13 0 [ERROR] InnoDB: Your database may be corrupt or you may have copied the InnoDB tablespace but not the InnoDB log files. Please refer to https://mariadb.com/kb/en/library/innodb-recovery-modes/ for information about forcing recovery.
2026-06-07 11:14:13 0 [ERROR] InnoDB: Page [page id: space=0, page number=216] log sequence number 353164 is in the future! Current system log sequence number 306523.
2026-06-07 11:14:13 0 [ERROR] InnoDB: Your database may be corrupt or you may have copied the InnoDB tablespace but not the InnoDB log files. Please refer to https://mariadb.com/kb/en/library/innodb-recovery-modes/ for information about forcing recovery.
2026-06-07 11:14:13 0 [ERROR] InnoDB: Page [page id: space=0, page number=353] log sequence number 353164 is in the future! Current system log sequence number 306523.
2026-06-07 11:14:13 0 [ERROR] InnoDB: Your database may be corrupt or you may have copied the InnoDB tablespace but not the InnoDB log files. Please refer to https://mariadb.com/kb/en/library/innodb-recovery-modes/ for information about forcing recovery.
2026-06-07 11:14:13 0 [ERROR] InnoDB: Page [page id: space=0, page number=217] log sequence number 353208 is in the future! Current system log sequence number 306523.
2026-06-07 11:14:13 0 [ERROR] InnoDB: Your database may be corrupt or you may have copied the InnoDB tablespace but not the InnoDB log files. Please refer to https://mariadb.com/kb/en/library/innodb-recovery-modes/ for information about forcing recovery.
2026-06-07 11:14:13 0 [ERROR] InnoDB: Page [page id: space=0, page number=354] log sequence number 353208 is in the future! Current system log sequence number 306523.
2026-06-07 11:14:13 0 [ERROR] InnoDB: Your database may be corrupt or you may have copied the InnoDB tablespace but not the InnoDB log files. Please refer to https://mariadb.com/kb/en/library/innodb-recovery-modes/ for information about forcing recovery.
2026-06-07 11:14:13 0 [ERROR] InnoDB: Page [page id: space=0, page number=218] log sequence number 353252 is in the future! Current system log sequence number 306523.
2026-06-07 11:14:13 0 [ERROR] InnoDB: Your database may be corrupt or you may have copied the InnoDB tablespace but not the InnoDB log files. Please refer to https://mariadb.com/kb/en/library/innodb-recovery-modes/ for information about forcing recovery.
2026-06-07 11:14:13 0 [ERROR] InnoDB: Page [page id: space=0, page number=355] log sequence number 353252 is in the future! Current system log sequence number 306523.
2026-06-07 11:14:13 0 [ERROR] InnoDB: Your database may be corrupt or you may have copied the InnoDB tablespace but not the InnoDB log files. Please refer to https://mariadb.com/kb/en/library/innodb-recovery-modes/ for information about forcing recovery.
2026-06-07 11:14:13 0 [ERROR] InnoDB: Page [page id: space=0, page number=219] log sequence number 358596 is in the future! Current system log sequence number 306523.
2026-06-07 11:14:13 0 [ERROR] InnoDB: Your database may be corrupt or you may have copied the InnoDB tablespace but not the InnoDB log files. Please refer to https://mariadb.com/kb/en/library/innodb-recovery-modes/ for information about forcing recovery.
2026-06-07 11:14:13 0 [ERROR] InnoDB: Page [page id: space=0, page number=356] log sequence number 358596 is in the future! Current system log sequence number 306523.
2026-06-07 11:14:13 0 [ERROR] InnoDB: Your database may be corrupt or you may have copied the InnoDB tablespace but not the InnoDB log files. Please refer to https://mariadb.com/kb/en/library/innodb-recovery-modes/ for information about forcing recovery.
2026-06-07 11:14:13 0 [ERROR] InnoDB: Page [page id: space=0, page number=220] log sequence number 358640 is in the future! Current system log sequence number 306523.
2026-06-07 11:14:13 0 [ERROR] InnoDB: Your database may be corrupt or you may have copied the InnoDB tablespace but not the InnoDB log files. Please refer to https://mariadb.com/kb/en/library/innodb-recovery-modes/ for information about forcing recovery.
2026-06-07 11:14:13 0 [ERROR] InnoDB: Page [page id: space=0, page number=357] log sequence number 358640 is in the future! Current system log sequence number 306523.
2026-06-07 11:14:13 0 [ERROR] InnoDB: Your database may be corrupt or you may have copied the InnoDB tablespace but not the InnoDB log files. Please refer to https://mariadb.com/kb/en/library/innodb-recovery-modes/ for information about forcing recovery.
2026-06-07 11:14:13 0 [ERROR] InnoDB: Page [page id: space=0, page number=221] log sequence number 358684 is in the future! Current system log sequence number 306523.
2026-06-07 11:14:13 0 [ERROR] InnoDB: Your database may be corrupt or you may have copied the InnoDB tablespace but not the InnoDB log files. Please refer to https://mariadb.com/kb/en/library/innodb-recovery-modes/ for information about forcing recovery.
2026-06-07 11:14:13 0 [ERROR] InnoDB: Page [page id: space=0, page number=358] log sequence number 358684 is in the future! Current system log sequence number 306523.
2026-06-07 11:14:13 0 [ERROR] InnoDB: Your database may be corrupt or you may have copied the InnoDB tablespace but not the InnoDB log files. Please refer to https://mariadb.com/kb/en/library/innodb-recovery-modes/ for information about forcing recovery.
2026-06-07 11:14:13 0 [ERROR] InnoDB: Page [page id: space=0, page number=222] log sequence number 358728 is in the future! Current system log sequence number 306523.
2026-06-07 11:14:13 0 [ERROR] InnoDB: Your database may be corrupt or you may have copied the InnoDB tablespace but not the InnoDB log files. Please refer to https://mariadb.com/kb/en/library/innodb-recovery-modes/ for information about forcing recovery.
2026-06-07 11:14:13 0 [ERROR] InnoDB: Page [page id: space=0, page number=359] log sequence number 358728 is in the future! Current system log sequence number 306523.
2026-06-07 11:14:13 0 [ERROR] InnoDB: Your database may be corrupt or you may have copied the InnoDB tablespace but not the InnoDB log files. Please refer to https://mariadb.com/kb/en/library/innodb-recovery-modes/ for information about forcing recovery.
2026-06-07 11:14:13 0 [ERROR] InnoDB: Page [page id: space=0, page number=223] log sequence number 358772 is in the future! Current system log sequence number 306523.
2026-06-07 11:14:13 0 [ERROR] InnoDB: Your database may be corrupt or you may have copied the InnoDB tablespace but not the InnoDB log files. Please refer to https://mariadb.com/kb/en/library/innodb-recovery-modes/ for information about forcing recovery.
2026-06-07 11:14:13 0 [ERROR] InnoDB: Page [page id: space=0, page number=360] log sequence number 358772 is in the future! Current system log sequence number 306523.
2026-06-07 11:14:13 0 [ERROR] InnoDB: Your database may be corrupt or you may have copied the InnoDB tablespace but not the InnoDB log files. Please refer to https://mariadb.com/kb/en/library/innodb-recovery-modes/ for information about forcing recovery.
2026-06-07 11:14:13 0 [ERROR] InnoDB: Page [page id: space=0, page number=224] log sequence number 358816 is in the future! Current system log sequence number 306523.
2026-06-07 11:14:13 0 [ERROR] InnoDB: Your database may be corrupt or you may have copied the InnoDB tablespace but not the InnoDB log files. Please refer to https://mariadb.com/kb/en/library/innodb-recovery-modes/ for information about forcing recovery.
2026-06-07 11:14:13 0 [ERROR] InnoDB: Page [page id: space=0, page number=361] log sequence number 358816 is in the future! Current system log sequence number 306523.
2026-06-07 11:14:13 0 [ERROR] InnoDB: Your database may be corrupt or you may have copied the InnoDB tablespace but not the InnoDB log files. Please refer to https://mariadb.com/kb/en/library/innodb-recovery-modes/ for information about forcing recovery.
2026-06-07 11:14:13 0 [ERROR] InnoDB: Page [page id: space=0, page number=225] log sequence number 358860 is in the future! Current system log sequence number 306523.
2026-06-07 11:14:13 0 [ERROR] InnoDB: Your database may be corrupt or you may have copied the InnoDB tablespace but not the InnoDB log files. Please refer to https://mariadb.com/kb/en/library/innodb-recovery-modes/ for information about forcing recovery.
2026-06-07 11:14:13 0 [ERROR] InnoDB: Page [page id: space=0, page number=362] log sequence number 358860 is in the future! Current system log sequence number 306523.
2026-06-07 11:14:13 0 [ERROR] InnoDB: Your database may be corrupt or you may have copied the InnoDB tablespace but not the InnoDB log files. Please refer to https://mariadb.com/kb/en/library/innodb-recovery-modes/ for information about forcing recovery.
2026-06-07 11:14:13 0 [ERROR] InnoDB: Page [page id: space=0, page number=226] log sequence number 358904 is in the future! Current system log sequence number 306523.
2026-06-07 11:14:13 0 [ERROR] InnoDB: Your database may be corrupt or you may have copied the InnoDB tablespace but not the InnoDB log files. Please refer to https://mariadb.com/kb/en/library/innodb-recovery-modes/ for information about forcing recovery.
2026-06-07 11:14:13 0 [ERROR] InnoDB: Page [page id: space=0, page number=363] log sequence number 358904 is in the future! Current system log sequence number 306523.
2026-06-07 11:14:13 0 [ERROR] InnoDB: Your database may be corrupt or you may have copied the InnoDB tablespace but not the InnoDB log files. Please refer to https://mariadb.com/kb/en/library/innodb-recovery-modes/ for information about forcing recovery.
2026-06-07 11:14:13 0 [ERROR] InnoDB: Page [page id: space=0, page number=227] log sequence number 358964 is in the future! Current system log sequence number 306523.
2026-06-07 11:14:13 0 [ERROR] InnoDB: Your database may be corrupt or you may have copied the InnoDB tablespace but not the InnoDB log files. Please refer to https://mariadb.com/kb/en/library/innodb-recovery-modes/ for information about forcing recovery.
2026-06-07 11:14:13 0 [ERROR] InnoDB: Page [page id: space=0, page number=364] log sequence number 358964 is in the future! Current system log sequence number 306523.
2026-06-07 11:14:13 0 [ERROR] InnoDB: Your database may be corrupt or you may have copied the InnoDB tablespace but not the InnoDB log files. Please refer to https://mariadb.com/kb/en/library/innodb-recovery-modes/ for information about forcing recovery.
2026-06-07 11:14:13 0 [ERROR] InnoDB: Page [page id: space=0, page number=228] log sequence number 364909 is in the future! Current system log sequence number 306523.
2026-06-07 11:14:13 0 [ERROR] InnoDB: Your database may be corrupt or you may have copied the InnoDB tablespace but not the InnoDB log files. Please refer to https://mariadb.com/kb/en/library/innodb-recovery-modes/ for information about forcing recovery.
2026-06-07 11:14:13 0 [ERROR] InnoDB: Page [page id: space=0, page number=365] log sequence number 364909 is in the future! Current system log sequence number 306523.
2026-06-07 11:14:13 0 [ERROR] InnoDB: Your database may be corrupt or you may have copied the InnoDB tablespace but not the InnoDB log files. Please refer to https://mariadb.com/kb/en/library/innodb-recovery-modes/ for information about forcing recovery.
2026-06-07 11:14:13 0 [ERROR] InnoDB: Page [page id: space=0, page number=229] log sequence number 364953 is in the future! Current system log sequence number 306523.
2026-06-07 11:14:13 0 [ERROR] InnoDB: Your database may be corrupt or you may have copied the InnoDB tablespace but not the InnoDB log files. Please refer to https://mariadb.com/kb/en/library/innodb-recovery-modes/ for information about forcing recovery.
2026-06-07 11:14:13 0 [ERROR] InnoDB: Page [page id: space=0, page number=366] log sequence number 364953 is in the future! Current system log sequence number 306523.
2026-06-07 11:14:13 0 [ERROR] InnoDB: Your database may be corrupt or you may have copied the InnoDB tablespace but not the InnoDB log files. Please refer to https://mariadb.com/kb/en/library/innodb-recovery-modes/ for information about forcing recovery.
2026-06-07 11:14:13 0 [ERROR] InnoDB: Page [page id: space=0, page number=230] log sequence number 364997 is in the future! Current system log sequence number 306523.
2026-06-07 11:14:13 0 [ERROR] InnoDB: Your database may be corrupt or you may have copied the InnoDB tablespace but not the InnoDB log files. Please refer to https://mariadb.com/kb/en/library/innodb-recovery-modes/ for information about forcing recovery.
2026-06-07 11:14:13 0 [ERROR] InnoDB: Page [page id: space=0, page number=367] log sequence number 364997 is in the future! Current system log sequence number 306523.
2026-06-07 11:14:13 0 [ERROR] InnoDB: Your database may be corrupt or you may have copied the InnoDB tablespace but not the InnoDB log files. Please refer to https://mariadb.com/kb/en/library/innodb-recovery-modes/ for information about forcing recovery.
2026-06-07 11:14:13 0 [ERROR] InnoDB: Page [page id: space=0, page number=231] log sequence number 365041 is in the future! Current system log sequence number 306523.
2026-06-07 11:14:13 0 [ERROR] InnoDB: Your database may be corrupt or you may have copied the InnoDB tablespace but not the InnoDB log files. Please refer to https://mariadb.com/kb/en/library/innodb-recovery-modes/ for information about forcing recovery.
2026-06-07 11:14:13 0 [ERROR] InnoDB: Page [page id: space=0, page number=368] log sequence number 365041 is in the future! Current system log sequence number 306523.
2026-06-07 11:14:13 0 [ERROR] InnoDB: Your database may be corrupt or you may have copied the InnoDB tablespace but not the InnoDB log files. Please refer to https://mariadb.com/kb/en/library/innodb-recovery-modes/ for information about forcing recovery.
2026-06-07 11:14:13 0 [ERROR] InnoDB: Page [page id: space=0, page number=232] log sequence number 365101 is in the future! Current system log sequence number 306523.
2026-06-07 11:14:13 0 [ERROR] InnoDB: Your database may be corrupt or you may have copied the InnoDB tablespace but not the InnoDB log files. Please refer to https://mariadb.com/kb/en/library/innodb-recovery-modes/ for information about forcing recovery.
2026-06-07 11:14:13 0 [ERROR] InnoDB: Page [page id: space=0, page number=373] log sequence number 365101 is in the future! Current system log sequence number 306523.
2026-06-07 11:14:13 0 [ERROR] InnoDB: Your database may be corrupt or you may have copied the InnoDB tablespace but not the InnoDB log files. Please refer to https://mariadb.com/kb/en/library/innodb-recovery-modes/ for information about forcing recovery.
2026-06-07 11:14:13 0 [ERROR] InnoDB: Page [page id: space=0, page number=233] log sequence number 365145 is in the future! Current system log sequence number 306523.
2026-06-07 11:14:13 0 [ERROR] InnoDB: Your database may be corrupt or you may have copied the InnoDB tablespace but not the InnoDB log files. Please refer to https://mariadb.com/kb/en/library/innodb-recovery-modes/ for information about forcing recovery.
2026-06-07 11:14:13 0 [ERROR] InnoDB: Page [page id: space=0, page number=374] log sequence number 365145 is in the future! Current system log sequence number 306523.
2026-06-07 11:14:13 0 [ERROR] InnoDB: Your database may be corrupt or you may have copied the InnoDB tablespace but not the InnoDB log files. Please refer to https://mariadb.com/kb/en/library/innodb-recovery-modes/ for information about forcing recovery.
2026-06-07 11:14:13 0 [ERROR] InnoDB: Page [page id: space=0, page number=234] log sequence number 365189 is in the future! Current system log sequence number 306523.
2026-06-07 11:14:13 0 [ERROR] InnoDB: Your database may be corrupt or you may have copied the InnoDB tablespace but not the InnoDB log files. Please refer to https://mariadb.com/kb/en/library/innodb-recovery-modes/ for information about forcing recovery.
2026-06-07 11:14:13 0 [ERROR] InnoDB: Page [page id: space=0, page number=375] log sequence number 365189 is in the future! Current system log sequence number 306523.
2026-06-07 11:14:13 0 [ERROR] InnoDB: Your database may be corrupt or you may have copied the InnoDB tablespace but not the InnoDB log files. Please refer to https://mariadb.com/kb/en/library/innodb-recovery-modes/ for information about forcing recovery.
2026-06-07 11:14:13 0 [ERROR] InnoDB: Page [page id: space=0, page number=235] log sequence number 365233 is in the future! Current system log sequence number 306523.
2026-06-07 11:14:13 0 [ERROR] InnoDB: Your database may be corrupt or you may have copied the InnoDB tablespace but not the InnoDB log files. Please refer to https://mariadb.com/kb/en/library/innodb-recovery-modes/ for information about forcing recovery.
2026-06-07 11:14:13 0 [ERROR] InnoDB: Page [page id: space=0, page number=376] log sequence number 365233 is in the future! Current system log sequence number 306523.
2026-06-07 11:14:13 0 [ERROR] InnoDB: Your database may be corrupt or you may have copied the InnoDB tablespace but not the InnoDB log files. Please refer to https://mariadb.com/kb/en/library/innodb-recovery-modes/ for information about forcing recovery.
2026-06-07 11:14:13 0 [ERROR] InnoDB: Page [page id: space=0, page number=236] log sequence number 365277 is in the future! Current system log sequence number 306523.
2026-06-07 11:14:13 0 [ERROR] InnoDB: Your database may be corrupt or you may have copied the InnoDB tablespace but not the InnoDB log files. Please refer to https://mariadb.com/kb/en/library/innodb-recovery-modes/ for information about forcing recovery.
2026-06-07 11:14:13 0 [ERROR] InnoDB: Page [page id: space=0, page number=431] log sequence number 365277 is in the future! Current system log sequence number 306523.
2026-06-07 11:14:13 0 [ERROR] InnoDB: Your database may be corrupt or you may have copied the InnoDB tablespace but not the InnoDB log files. Please refer to https://mariadb.com/kb/en/library/innodb-recovery-modes/ for information about forcing recovery.
2026-06-07 11:14:13 0 [ERROR] InnoDB: Page [page id: space=0, page number=237] log sequence number 365321 is in the future! Current system log sequence number 306523.
2026-06-07 11:14:13 0 [ERROR] InnoDB: Your database may be corrupt or you may have copied the InnoDB tablespace but not the InnoDB log files. Please refer to https://mariadb.com/kb/en/library/innodb-recovery-modes/ for information about forcing recovery.
2026-06-07 11:14:13 0 [ERROR] InnoDB: Page [page id: space=0, page number=377] log sequence number 365321 is in the future! Current system log sequence number 306523.
2026-06-07 11:14:13 0 [ERROR] InnoDB: Your database may be corrupt or you may have copied the InnoDB tablespace but not the InnoDB log files. Please refer to https://mariadb.com/kb/en/library/innodb-recovery-modes/ for information about forcing recovery.
2026-06-07 11:14:13 0 [ERROR] InnoDB: Page [page id: space=0, page number=238] log sequence number 365365 is in the future! Current system log sequence number 306523.
2026-06-07 11:14:13 0 [ERROR] InnoDB: Your database may be corrupt or you may have copied the InnoDB tablespace but not the InnoDB log files. Please refer to https://mariadb.com/kb/en/library/innodb-recovery-modes/ for information about forcing recovery.
2026-06-07 11:14:13 0 [ERROR] InnoDB: Page [page id: space=0, page number=378] log sequence number 365365 is in the future! Current system log sequence number 306523.
2026-06-07 11:14:13 0 [ERROR] InnoDB: Your database may be corrupt or you may have copied the InnoDB tablespace but not the InnoDB log files. Please refer to https://mariadb.com/kb/en/library/innodb-recovery-modes/ for information about forcing recovery.
2026-06-07 11:14:13 0 [ERROR] InnoDB: Page [page id: space=0, page number=239] log sequence number 370749 is in the future! Current system log sequence number 306523.
2026-06-07 11:14:13 0 [ERROR] InnoDB: Your database may be corrupt or you may have copied the InnoDB tablespace but not the InnoDB log files. Please refer to https://mariadb.com/kb/en/library/innodb-recovery-modes/ for information about forcing recovery.
2026-06-07 11:14:13 0 [ERROR] InnoDB: Page [page id: space=0, page number=379] log sequence number 370749 is in the future! Current system log sequence number 306523.
2026-06-07 11:14:13 0 [ERROR] InnoDB: Your database may be corrupt or you may have copied the InnoDB tablespace but not the InnoDB log files. Please refer to https://mariadb.com/kb/en/library/innodb-recovery-modes/ for information about forcing recovery.
2026-06-07 11:14:13 0 [ERROR] InnoDB: Page [page id: space=0, page number=240] log sequence number 370793 is in the future! Current system log sequence number 306523.
2026-06-07 11:14:13 0 [ERROR] InnoDB: Your database may be corrupt or you may have copied the InnoDB tablespace but not the InnoDB log files. Please refer to https://mariadb.com/kb/en/library/innodb-recovery-modes/ for information about forcing recovery.
2026-06-07 11:14:13 0 [ERROR] InnoDB: Page [page id: space=0, page number=369] log sequence number 370793 is in the future! Current system log sequence number 306523.
2026-06-07 11:14:13 0 [ERROR] InnoDB: Your database may be corrupt or you may have copied the InnoDB tablespace but not the InnoDB log files. Please refer to https://mariadb.com/kb/en/library/innodb-recovery-modes/ for information about forcing recovery.
2026-06-07 11:14:13 0 [ERROR] InnoDB: Page [page id: space=0, page number=241] log sequence number 370837 is in the future! Current system log sequence number 306523.
2026-06-07 11:14:13 0 [ERROR] InnoDB: Your database may be corrupt or you may have copied the InnoDB tablespace but not the InnoDB log files. Please refer to https://mariadb.com/kb/en/library/innodb-recovery-modes/ for information about forcing recovery.
2026-06-07 11:14:13 0 [ERROR] InnoDB: Page [page id: space=0, page number=380] log sequence number 370837 is in the future! Current system log sequence number 306523.
2026-06-07 11:14:13 0 [ERROR] InnoDB: Your database may be corrupt or you may have copied the InnoDB tablespace but not the InnoDB log files. Please refer to https://mariadb.com/kb/en/library/innodb-recovery-modes/ for information about forcing recovery.
2026-06-07 11:14:13 0 [ERROR] InnoDB: Page [page id: space=0, page number=242] log sequence number 370881 is in the future! Current system log sequence number 306523.
2026-06-07 11:14:13 0 [ERROR] InnoDB: Your database may be corrupt or you may have copied the InnoDB tablespace but not the InnoDB log files. Please refer to https://mariadb.com/kb/en/library/innodb-recovery-modes/ for information about forcing recovery.
2026-06-07 11:14:13 0 [ERROR] InnoDB: Page [page id: space=0, page number=381] log sequence number 370881 is in the future! Current system log sequence number 306523.
2026-06-07 11:14:13 0 [ERROR] InnoDB: Your database may be corrupt or you may have copied the InnoDB tablespace but not the InnoDB log files. Please refer to https://mariadb.com/kb/en/library/innodb-recovery-modes/ for information about forcing recovery.
2026-06-07 11:14:13 0 [ERROR] InnoDB: Page [page id: space=0, page number=244] log sequence number 370925 is in the future! Current system log sequence number 306523.
2026-06-07 11:14:13 0 [ERROR] InnoDB: Your database may be corrupt or you may have copied the InnoDB tablespace but not the InnoDB log files. Please refer to https://mariadb.com/kb/en/library/innodb-recovery-modes/ for information about forcing recovery.
2026-06-07 11:14:13 0 [ERROR] InnoDB: Page [page id: space=0, page number=384] log sequence number 370925 is in the future! Current system log sequence number 306523.
2026-06-07 11:14:13 0 [ERROR] InnoDB: Your database may be corrupt or you may have copied the InnoDB tablespace but not the InnoDB log files. Please refer to https://mariadb.com/kb/en/library/innodb-recovery-modes/ for information about forcing recovery.
2026-06-07 11:14:13 0 [ERROR] InnoDB: Page [page id: space=0, page number=245] log sequence number 370969 is in the future! Current system log sequence number 306523.
2026-06-07 11:14:13 0 [ERROR] InnoDB: Your database may be corrupt or you may have copied the InnoDB tablespace but not the InnoDB log files. Please refer to https://mariadb.com/kb/en/library/innodb-recovery-modes/ for information about forcing recovery.
2026-06-07 11:14:13 0 [ERROR] InnoDB: Page [page id: space=0, page number=382] log sequence number 370969 is in the future! Current system log sequence number 306523.
2026-06-07 11:14:13 0 [ERROR] InnoDB: Your database may be corrupt or you may have copied the InnoDB tablespace but not the InnoDB log files. Please refer to https://mariadb.com/kb/en/library/innodb-recovery-modes/ for information about forcing recovery.
2026-06-07 11:14:13 0 [ERROR] InnoDB: Page [page id: space=0, page number=246] log sequence number 371013 is in the future! Current system log sequence number 306523.
2026-06-07 11:14:13 0 [ERROR] InnoDB: Your database may be corrupt or you may have copied the InnoDB tablespace but not the InnoDB log files. Please refer to https://mariadb.com/kb/en/library/innodb-recovery-modes/ for information about forcing recovery.
2026-06-07 11:14:13 0 [ERROR] InnoDB: Page [page id: space=0, page number=383] log sequence number 371013 is in the future! Current system log sequence number 306523.
2026-06-07 11:14:13 0 [ERROR] InnoDB: Your database may be corrupt or you may have copied the InnoDB tablespace but not the InnoDB log files. Please refer to https://mariadb.com/kb/en/library/innodb-recovery-modes/ for information about forcing recovery.
2026-06-07 11:14:13 0 [ERROR] InnoDB: Page [page id: space=0, page number=247] log sequence number 371057 is in the future! Current system log sequence number 306523.
2026-06-07 11:14:13 0 [ERROR] InnoDB: Your database may be corrupt or you may have copied the InnoDB tablespace but not the InnoDB log files. Please refer to https://mariadb.com/kb/en/library/innodb-recovery-modes/ for information about forcing recovery.
2026-06-07 11:14:13 0 [ERROR] InnoDB: Page [page id: space=0, page number=432] log sequence number 371057 is in the future! Current system log sequence number 306523.
2026-06-07 11:14:13 0 [ERROR] InnoDB: Your database may be corrupt or you may have copied the InnoDB tablespace but not the InnoDB log files. Please refer to https://mariadb.com/kb/en/library/innodb-recovery-modes/ for information about forcing recovery.
2026-06-07 11:14:13 0 [ERROR] InnoDB: Page [page id: space=0, page number=248] log sequence number 371101 is in the future! Current system log sequence number 306523.
2026-06-07 11:14:13 0 [ERROR] InnoDB: Your database may be corrupt or you may have copied the InnoDB tablespace but not the InnoDB log files. Please refer to https://mariadb.com/kb/en/library/innodb-recovery-modes/ for information about forcing recovery.
2026-06-07 11:14:13 0 [ERROR] InnoDB: Page [page id: space=0, page number=385] log sequence number 371101 is in the future! Current system log sequence number 306523.
2026-06-07 11:14:13 0 [ERROR] InnoDB: Your database may be corrupt or you may have copied the InnoDB tablespace but not the InnoDB log files. Please refer to https://mariadb.com/kb/en/library/innodb-recovery-modes/ for information about forcing recovery.
2026-06-07 11:14:13 0 [ERROR] InnoDB: Page [page id: space=0, page number=249] log sequence number 376354 is in the future! Current system log sequence number 306523.
2026-06-07 11:14:13 0 [ERROR] InnoDB: Your database may be corrupt or you may have copied the InnoDB tablespace but not the InnoDB log files. Please refer to https://mariadb.com/kb/en/library/innodb-recovery-modes/ for information about forcing recovery.
2026-06-07 11:14:13 0 [ERROR] InnoDB: Page [page id: space=0, page number=370] log sequence number 376354 is in the future! Current system log sequence number 306523.
2026-06-07 11:14:13 0 [ERROR] InnoDB: Your database may be corrupt or you may have copied the InnoDB tablespace but not the InnoDB log files. Please refer to https://mariadb.com/kb/en/library/innodb-recovery-modes/ for information about forcing recovery.
2026-06-07 11:14:13 0 [ERROR] InnoDB: Page [page id: space=0, page number=250] log sequence number 376398 is in the future! Current system log sequence number 306523.
2026-06-07 11:14:13 0 [ERROR] InnoDB: Your database may be corrupt or you may have copied the InnoDB tablespace but not the InnoDB log files. Please refer to https://mariadb.com/kb/en/library/innodb-recovery-modes/ for information about forcing recovery.
2026-06-07 11:14:13 0 [ERROR] InnoDB: Page [page id: space=0, page number=371] log sequence number 376398 is in the future! Current system log sequence number 306523.
2026-06-07 11:14:13 0 [ERROR] InnoDB: Your database may be corrupt or you may have copied the InnoDB tablespace but not the InnoDB log files. Please refer to https://mariadb.com/kb/en/library/innodb-recovery-modes/ for information about forcing recovery.
2026-06-07 11:14:13 0 [ERROR] InnoDB: Page [page id: space=0, page number=251] log sequence number 376442 is in the future! Current system log sequence number 306523.
2026-06-07 11:14:13 0 [ERROR] InnoDB: Your database may be corrupt or you may have copied the InnoDB tablespace but not the InnoDB log files. Please refer to https://mariadb.com/kb/en/library/innodb-recovery-modes/ for information about forcing recovery.
2026-06-07 11:14:13 0 [ERROR] InnoDB: Page [page id: space=0, page number=386] log sequence number 376442 is in the future! Current system log sequence number 306523.
2026-06-07 11:14:13 0 [ERROR] InnoDB: Your database may be corrupt or you may have copied the InnoDB tablespace but not the InnoDB log files. Please refer to https://mariadb.com/kb/en/library/innodb-recovery-modes/ for information about forcing recovery.
2026-06-07 11:14:13 0 [ERROR] InnoDB: Page [page id: space=0, page number=252] log sequence number 376486 is in the future! Current system log sequence number 306523.
2026-06-07 11:14:13 0 [ERROR] InnoDB: Your database may be corrupt or you may have copied the InnoDB tablespace but not the InnoDB log files. Please refer to https://mariadb.com/kb/en/library/innodb-recovery-modes/ for information about forcing recovery.
2026-06-07 11:14:13 0 [ERROR] InnoDB: Page [page id: space=0, page number=387] log sequence number 376486 is in the future! Current system log sequence number 306523.
2026-06-07 11:14:13 0 [ERROR] InnoDB: Your database may be corrupt or you may have copied the InnoDB tablespace but not the InnoDB log files. Please refer to https://mariadb.com/kb/en/library/innodb-recovery-modes/ for information about forcing recovery.
2026-06-07 11:14:13 0 [ERROR] InnoDB: Page [page id: space=0, page number=253] log sequence number 376530 is in the future! Current system log sequence number 306523.
2026-06-07 11:14:13 0 [ERROR] InnoDB: Your database may be corrupt or you may have copied the InnoDB tablespace but not the InnoDB log files. Please refer to https://mariadb.com/kb/en/library/innodb-recovery-modes/ for information about forcing recovery.
2026-06-07 11:14:13 0 [ERROR] InnoDB: Page [page id: space=0, page number=372] log sequence number 376530 is in the future! Current system log sequence number 306523.
2026-06-07 11:14:13 0 [ERROR] InnoDB: Your database may be corrupt or you may have copied the InnoDB tablespace but not the InnoDB log files. Please refer to https://mariadb.com/kb/en/library/innodb-recovery-modes/ for information about forcing recovery.
2026-06-07 11:14:13 0 [ERROR] InnoDB: Page [page id: space=0, page number=254] log sequence number 376574 is in the future! Current system log sequence number 306523.
2026-06-07 11:14:13 0 [ERROR] InnoDB: Your database may be corrupt or you may have copied the InnoDB tablespace but not the InnoDB log files. Please refer to https://mariadb.com/kb/en/library/innodb-recovery-modes/ for information about forcing recovery.
2026-06-07 11:14:13 0 [ERROR] InnoDB: Page [page id: space=0, page number=388] log sequence number 376574 is in the future! Current system log sequence number 306523.
2026-06-07 11:14:13 0 [ERROR] InnoDB: Your database may be corrupt or you may have copied the InnoDB tablespace but not the InnoDB log files. Please refer to https://mariadb.com/kb/en/library/innodb-recovery-modes/ for information about forcing recovery.
2026-06-07 11:14:13 0 [ERROR] InnoDB: Page [page id: space=0, page number=255] log sequence number 376618 is in the future! Current system log sequence number 306523.
2026-06-07 11:14:13 0 [ERROR] InnoDB: Your database may be corrupt or you may have copied the InnoDB tablespace but not the InnoDB log files. Please refer to https://mariadb.com/kb/en/library/innodb-recovery-modes/ for information about forcing recovery.
2026-06-07 11:14:13 0 [ERROR] InnoDB: Page [page id: space=0, page number=389] log sequence number 376618 is in the future! Current system log sequence number 306523.
2026-06-07 11:14:13 0 [ERROR] InnoDB: Your database may be corrupt or you may have copied the InnoDB tablespace but not the InnoDB log files. Please refer to https://mariadb.com/kb/en/library/innodb-recovery-modes/ for information about forcing recovery.
2026-06-07 11:14:13 0 [ERROR] InnoDB: Page [page id: space=0, page number=256] log sequence number 376662 is in the future! Current system log sequence number 306523.
2026-06-07 11:14:13 0 [ERROR] InnoDB: Your database may be corrupt or you may have copied the InnoDB tablespace but not the InnoDB log files. Please refer to https://mariadb.com/kb/en/library/innodb-recovery-modes/ for information about forcing recovery.
2026-06-07 11:14:13 0 [ERROR] InnoDB: Page [page id: space=0, page number=390] log sequence number 376662 is in the future! Current system log sequence number 306523.
2026-06-07 11:14:13 0 [ERROR] InnoDB: Your database may be corrupt or you may have copied the InnoDB tablespace but not the InnoDB log files. Please refer to https://mariadb.com/kb/en/library/innodb-recovery-modes/ for information about forcing recovery.
2026-06-07 11:14:13 0 [ERROR] InnoDB: Page [page id: space=0, page number=257] log sequence number 376706 is in the future! Current system log sequence number 306523.
2026-06-07 11:14:13 0 [ERROR] InnoDB: Your database may be corrupt or you may have copied the InnoDB tablespace but not the InnoDB log files. Please refer to https://mariadb.com/kb/en/library/innodb-recovery-modes/ for information about forcing recovery.
2026-06-07 11:14:13 0 [ERROR] InnoDB: Page [page id: space=0, page number=391] log sequence number 376706 is in the future! Current system log sequence number 306523.
2026-06-07 11:14:13 0 [ERROR] InnoDB: Your database may be corrupt or you may have copied the InnoDB tablespace but not the InnoDB log files. Please refer to https://mariadb.com/kb/en/library/innodb-recovery-modes/ for information about forcing recovery.
2026-06-07 11:14:13 0 [ERROR] InnoDB: Page [page id: space=0, page number=258] log sequence number 382629 is in the future! Current system log sequence number 306523.
2026-06-07 11:14:13 0 [ERROR] InnoDB: Your database may be corrupt or you may have copied the InnoDB tablespace but not the InnoDB log files. Please refer to https://mariadb.com/kb/en/library/innodb-recovery-modes/ for information about forcing recovery.
2026-06-07 11:14:13 0 [ERROR] InnoDB: Page [page id: space=0, page number=392] log sequence number 382629 is in the future! Current system log sequence number 306523.
2026-06-07 11:14:13 0 [ERROR] InnoDB: Your database may be corrupt or you may have copied the InnoDB tablespace but not the InnoDB log files. Please refer to https://mariadb.com/kb/en/library/innodb-recovery-modes/ for information about forcing recovery.
2026-06-07 11:14:13 0 [ERROR] InnoDB: Page [page id: space=0, page number=259] log sequence number 382673 is in the future! Current system log sequence number 306523.
2026-06-07 11:14:13 0 [ERROR] InnoDB: Your database may be corrupt or you may have copied the InnoDB tablespace but not the InnoDB log files. Please refer to https://mariadb.com/kb/en/library/innodb-recovery-modes/ for information about forcing recovery.
2026-06-07 11:14:13 0 [ERROR] InnoDB: Page [page id: space=0, page number=393] log sequence number 382673 is in the future! Current system log sequence number 306523.
2026-06-07 11:14:13 0 [ERROR] InnoDB: Your database may be corrupt or you may have copied the InnoDB tablespace but not the InnoDB log files. Please refer to https://mariadb.com/kb/en/library/innodb-recovery-modes/ for information about forcing recovery.
2026-06-07 11:14:13 0 [ERROR] InnoDB: Page [page id: space=0, page number=260] log sequence number 382717 is in the future! Current system log sequence number 306523.
2026-06-07 11:14:13 0 [ERROR] InnoDB: Your database may be corrupt or you may have copied the InnoDB tablespace but not the InnoDB log files. Please refer to https://mariadb.com/kb/en/library/innodb-recovery-modes/ for information about forcing recovery.
2026-06-07 11:14:13 0 [ERROR] InnoDB: Page [page id: space=0, page number=396] log sequence number 382717 is in the future! Current system log sequence number 306523.
2026-06-07 11:14:13 0 [ERROR] InnoDB: Your database may be corrupt or you may have copied the InnoDB tablespace but not the InnoDB log files. Please refer to https://mariadb.com/kb/en/library/innodb-recovery-modes/ for information about forcing recovery.
2026-06-07 11:14:13 0 [ERROR] InnoDB: Page [page id: space=0, page number=261] log sequence number 382761 is in the future! Current system log sequence number 306523.
2026-06-07 11:14:13 0 [ERROR] InnoDB: Your database may be corrupt or you may have copied the InnoDB tablespace but not the InnoDB log files. Please refer to https://mariadb.com/kb/en/library/innodb-recovery-modes/ for information about forcing recovery.
2026-06-07 11:14:13 0 [ERROR] InnoDB: Page [page id: space=0, page number=394] log sequence number 382761 is in the future! Current system log sequence number 306523.
2026-06-07 11:14:13 0 [ERROR] InnoDB: Your database may be corrupt or you may have copied the InnoDB tablespace but not the InnoDB log files. Please refer to https://mariadb.com/kb/en/library/innodb-recovery-modes/ for information about forcing recovery.
2026-06-07 11:14:13 0 [ERROR] InnoDB: Page [page id: space=0, page number=262] log sequence number 382805 is in the future! Current system log sequence number 306523.
2026-06-07 11:14:13 0 [ERROR] InnoDB: Your database may be corrupt or you may have copied the InnoDB tablespace but not the InnoDB log files. Please refer to https://mariadb.com/kb/en/library/innodb-recovery-modes/ for information about forcing recovery.
2026-06-07 11:14:13 0 [ERROR] InnoDB: Page [page id: space=0, page number=395] log sequence number 382805 is in the future! Current system log sequence number 306523.
2026-06-07 11:14:13 0 [ERROR] InnoDB: Your database may be corrupt or you may have copied the InnoDB tablespace but not the InnoDB log files. Please refer to https://mariadb.com/kb/en/library/innodb-recovery-modes/ for information about forcing recovery.
2026-06-07 11:14:13 0 [ERROR] InnoDB: Page [page id: space=0, page number=263] log sequence number 382849 is in the future! Current system log sequence number 306523.
2026-06-07 11:14:13 0 [ERROR] InnoDB: Your database may be corrupt or you may have copied the InnoDB tablespace but not the InnoDB log files. Please refer to https://mariadb.com/kb/en/library/innodb-recovery-modes/ for information about forcing recovery.
2026-06-07 11:14:13 0 [ERROR] InnoDB: Page [page id: space=0, page number=433] log sequence number 382849 is in the future! Current system log sequence number 306523.
2026-06-07 11:14:13 0 [ERROR] InnoDB: Your database may be corrupt or you may have copied the InnoDB tablespace but not the InnoDB log files. Please refer to https://mariadb.com/kb/en/library/innodb-recovery-modes/ for information about forcing recovery.
2026-06-07 11:14:13 0 [ERROR] InnoDB: Page [page id: space=0, page number=264] log sequence number 382893 is in the future! Current system log sequence number 306523.
2026-06-07 11:14:13 0 [ERROR] InnoDB: Your database may be corrupt or you may have copied the InnoDB tablespace but not the InnoDB log files. Please refer to https://mariadb.com/kb/en/library/innodb-recovery-modes/ for information about forcing recovery.
2026-06-07 11:14:13 0 [ERROR] InnoDB: Page [page id: space=0, page number=397] log sequence number 382893 is in the future! Current system log sequence number 306523.
2026-06-07 11:14:13 0 [ERROR] InnoDB: Your database may be corrupt or you may have copied the InnoDB tablespace but not the InnoDB log files. Please refer to https://mariadb.com/kb/en/library/innodb-recovery-modes/ for information about forcing recovery.
2026-06-07 11:14:13 0 [ERROR] InnoDB: Page [page id: space=0, page number=265] log sequence number 382937 is in the future! Current system log sequence number 306523.
2026-06-07 11:14:13 0 [ERROR] InnoDB: Your database may be corrupt or you may have copied the InnoDB tablespace but not the InnoDB log files. Please refer to https://mariadb.com/kb/en/library/innodb-recovery-modes/ for information about forcing recovery.
2026-06-07 11:14:13 0 [ERROR] InnoDB: Page [page id: space=0, page number=398] log sequence number 382937 is in the future! Current system log sequence number 306523.
2026-06-07 11:14:13 0 [ERROR] InnoDB: Your database may be corrupt or you may have copied the InnoDB tablespace but not the InnoDB log files. Please refer to https://mariadb.com/kb/en/library/innodb-recovery-modes/ for information about forcing recovery.
2026-06-07 11:14:13 0 [ERROR] InnoDB: Page [page id: space=0, page number=266] log sequence number 382997 is in the future! Current system log sequence number 306523.
2026-06-07 11:14:13 0 [ERROR] InnoDB: Your database may be corrupt or you may have copied the InnoDB tablespace but not the InnoDB log files. Please refer to https://mariadb.com/kb/en/library/innodb-recovery-modes/ for information about forcing recovery.
2026-06-07 11:14:13 0 [ERROR] InnoDB: Page [page id: space=0, page number=434] log sequence number 382997 is in the future! Current system log sequence number 306523.
2026-06-07 11:14:13 0 [ERROR] InnoDB: Your database may be corrupt or you may have copied the InnoDB tablespace but not the InnoDB log files. Please refer to https://mariadb.com/kb/en/library/innodb-recovery-modes/ for information about forcing recovery.
2026-06-07 11:14:13 0 [ERROR] InnoDB: Page [page id: space=0, page number=269] log sequence number 359334 is in the future! Current system log sequence number 306523.
2026-06-07 11:14:13 0 [ERROR] InnoDB: Your database may be corrupt or you may have copied the InnoDB tablespace but not the InnoDB log files. Please refer to https://mariadb.com/kb/en/library/innodb-recovery-modes/ for information about forcing recovery.
2026-06-07 11:14:13 0 [ERROR] InnoDB: Page [page id: space=0, page number=400] log sequence number 359334 is in the future! Current system log sequence number 306523.
2026-06-07 11:14:13 0 [ERROR] InnoDB: Your database may be corrupt or you may have copied the InnoDB tablespace but not the InnoDB log files. Please refer to https://mariadb.com/kb/en/library/innodb-recovery-modes/ for information about forcing recovery.
2026-06-07 11:14:13 0 [ERROR] InnoDB: Page [page id: space=0, page number=270] log sequence number 359378 is in the future! Current system log sequence number 306523.
2026-06-07 11:14:13 0 [ERROR] InnoDB: Your database may be corrupt or you may have copied the InnoDB tablespace but not the InnoDB log files. Please refer to https://mariadb.com/kb/en/library/innodb-recovery-modes/ for information about forcing recovery.
2026-06-07 11:14:13 0 [ERROR] InnoDB: Page [page id: space=0, page number=401] log sequence number 359378 is in the future! Current system log sequence number 306523.
2026-06-07 11:14:13 0 [ERROR] InnoDB: Your database may be corrupt or you may have copied the InnoDB tablespace but not the InnoDB log files. Please refer to https://mariadb.com/kb/en/library/innodb-recovery-modes/ for information about forcing recovery.
2026-06-07 11:14:13 0 [ERROR] InnoDB: Page [page id: space=0, page number=271] log sequence number 360018 is in the future! Current system log sequence number 306523.
2026-06-07 11:14:13 0 [ERROR] InnoDB: Your database may be corrupt or you may have copied the InnoDB tablespace but not the InnoDB log files. Please refer to https://mariadb.com/kb/en/library/innodb-recovery-modes/ for information about forcing recovery.
2026-06-07 11:14:13 0 [ERROR] InnoDB: Page [page id: space=0, page number=402] log sequence number 360018 is in the future! Current system log sequence number 306523.
2026-06-07 11:14:13 0 [ERROR] InnoDB: Your database may be corrupt or you may have copied the InnoDB tablespace but not the InnoDB log files. Please refer to https://mariadb.com/kb/en/library/innodb-recovery-modes/ for information about forcing recovery.
2026-06-07 11:14:13 0 [ERROR] InnoDB: Page [page id: space=0, page number=273] log sequence number 373289 is in the future! Current system log sequence number 306523.
2026-06-07 11:14:13 0 [ERROR] InnoDB: Your database may be corrupt or you may have copied the InnoDB tablespace but not the InnoDB log files. Please refer to https://mariadb.com/kb/en/library/innodb-recovery-modes/ for information about forcing recovery.
2026-06-07 11:14:13 0 [ERROR] InnoDB: Page [page id: space=0, page number=403] log sequence number 373289 is in the future! Current system log sequence number 306523.
2026-06-07 11:14:13 0 [ERROR] InnoDB: Your database may be corrupt or you may have copied the InnoDB tablespace but not the InnoDB log files. Please refer to https://mariadb.com/kb/en/library/innodb-recovery-modes/ for information about forcing recovery.
2026-06-07 11:14:13 0 [ERROR] InnoDB: Page [page id: space=0, page number=275] log sequence number 373333 is in the future! Current system log sequence number 306523.
2026-06-07 11:14:13 0 [ERROR] InnoDB: Your database may be corrupt or you may have copied the InnoDB tablespace but not the InnoDB log files. Please refer to https://mariadb.com/kb/en/library/innodb-recovery-modes/ for information about forcing recovery.
2026-06-07 11:14:13 0 [ERROR] InnoDB: Page [page id: space=0, page number=404] log sequence number 373333 is in the future! Current system log sequence number 306523.
2026-06-07 11:14:13 0 [ERROR] InnoDB: Your database may be corrupt or you may have copied the InnoDB tablespace but not the InnoDB log files. Please refer to https://mariadb.com/kb/en/library/innodb-recovery-modes/ for information about forcing recovery.
2026-06-07 11:14:13 0 [ERROR] InnoDB: Page [page id: space=0, page number=276] log sequence number 373377 is in the future! Current system log sequence number 306523.
2026-06-07 11:14:13 0 [ERROR] InnoDB: Your database may be corrupt or you may have copied the InnoDB tablespace but not the InnoDB log files. Please refer to https://mariadb.com/kb/en/library/innodb-recovery-modes/ for information about forcing recovery.
2026-06-07 11:14:13 0 [ERROR] InnoDB: Page [page id: space=0, page number=405] log sequence number 373377 is in the future! Current system log sequence number 306523.
2026-06-07 11:14:13 0 [ERROR] InnoDB: Your database may be corrupt or you may have copied the InnoDB tablespace but not the InnoDB log files. Please refer to https://mariadb.com/kb/en/library/innodb-recovery-modes/ for information about forcing recovery.
2026-06-07 11:14:13 0 [ERROR] InnoDB: Page [page id: space=0, page number=277] log sequence number 373421 is in the future! Current system log sequence number 306523.
2026-06-07 11:14:13 0 [ERROR] InnoDB: Your database may be corrupt or you may have copied the InnoDB tablespace but not the InnoDB log files. Please refer to https://mariadb.com/kb/en/library/innodb-recovery-modes/ for information about forcing recovery.
2026-06-07 11:14:13 0 [ERROR] InnoDB: Page [page id: space=0, page number=406] log sequence number 373421 is in the future! Current system log sequence number 306523.
2026-06-07 11:14:13 0 [ERROR] InnoDB: Your database may be corrupt or you may have copied the InnoDB tablespace but not the InnoDB log files. Please refer to https://mariadb.com/kb/en/library/innodb-recovery-modes/ for information about forcing recovery.
2026-06-07 11:14:13 0 [ERROR] InnoDB: Page [page id: space=0, page number=278] log sequence number 373465 is in the future! Current system log sequence number 306523.
2026-06-07 11:14:13 0 [ERROR] InnoDB: Your database may be corrupt or you may have copied the InnoDB tablespace but not the InnoDB log files. Please refer to https://mariadb.com/kb/en/library/innodb-recovery-modes/ for information about forcing recovery.
2026-06-07 11:14:13 0 [ERROR] InnoDB: Page [page id: space=0, page number=407] log sequence number 373465 is in the future! Current system log sequence number 306523.
2026-06-07 11:14:13 0 [ERROR] InnoDB: Your database may be corrupt or you may have copied the InnoDB tablespace but not the InnoDB log files. Please refer to https://mariadb.com/kb/en/library/innodb-recovery-modes/ for information about forcing recovery.
2026-06-07 11:14:13 0 [ERROR] InnoDB: Page [page id: space=0, page number=279] log sequence number 373509 is in the future! Current system log sequence number 306523.
2026-06-07 11:14:13 0 [ERROR] InnoDB: Your database may be corrupt or you may have copied the InnoDB tablespace but not the InnoDB log files. Please refer to https://mariadb.com/kb/en/library/innodb-recovery-modes/ for information about forcing recovery.
2026-06-07 11:14:13 0 [ERROR] InnoDB: Page [page id: space=0, page number=409] log sequence number 373509 is in the future! Current system log sequence number 306523.
2026-06-07 11:14:13 0 [ERROR] InnoDB: Your database may be corrupt or you may have copied the InnoDB tablespace but not the InnoDB log files. Please refer to https://mariadb.com/kb/en/library/innodb-recovery-modes/ for information about forcing recovery.
2026-06-07 11:14:13 0 [ERROR] InnoDB: Page [page id: space=0, page number=280] log sequence number 373553 is in the future! Current system log sequence number 306523.
2026-06-07 11:14:13 0 [ERROR] InnoDB: Your database may be corrupt or you may have copied the InnoDB tablespace but not the InnoDB log files. Please refer to https://mariadb.com/kb/en/library/innodb-recovery-modes/ for information about forcing recovery.
2026-06-07 11:14:13 0 [ERROR] InnoDB: Page [page id: space=0, page number=410] log sequence number 373553 is in the future! Current system log sequence number 306523.
2026-06-07 11:14:13 0 [ERROR] InnoDB: Your database may be corrupt or you may have copied the InnoDB tablespace but not the InnoDB log files. Please refer to https://mariadb.com/kb/en/library/innodb-recovery-modes/ for information about forcing recovery.
2026-06-07 11:14:13 0 [ERROR] InnoDB: Page [page id: space=0, page number=281] log sequence number 373597 is in the future! Current system log sequence number 306523.
2026-06-07 11:14:13 0 [ERROR] InnoDB: Your database may be corrupt or you may have copied the InnoDB tablespace but not the InnoDB log files. Please refer to https://mariadb.com/kb/en/library/innodb-recovery-modes/ for information about forcing recovery.
2026-06-07 11:14:13 0 [ERROR] InnoDB: Page [page id: space=0, page number=411] log sequence number 373597 is in the future! Current system log sequence number 306523.
2026-06-07 11:14:13 0 [ERROR] InnoDB: Your database may be corrupt or you may have copied the InnoDB tablespace but not the InnoDB log files. Please refer to https://mariadb.com/kb/en/library/innodb-recovery-modes/ for information about forcing recovery.
2026-06-07 11:14:13 0 [ERROR] InnoDB: Page [page id: space=0, page number=282] log sequence number 373641 is in the future! Current system log sequence number 306523.
2026-06-07 11:14:13 0 [ERROR] InnoDB: Your database may be corrupt or you may have copied the InnoDB tablespace but not the InnoDB log files. Please refer to https://mariadb.com/kb/en/library/innodb-recovery-modes/ for information about forcing recovery.
2026-06-07 11:14:13 0 [ERROR] InnoDB: Page [page id: space=0, page number=412] log sequence number 373641 is in the future! Current system log sequence number 306523.
2026-06-07 11:14:13 0 [ERROR] InnoDB: Your database may be corrupt or you may have copied the InnoDB tablespace but not the InnoDB log files. Please refer to https://mariadb.com/kb/en/library/innodb-recovery-modes/ for information about forcing recovery.
2026-06-07 11:14:13 0 [ERROR] InnoDB: Page [page id: space=0, page number=283] log sequence number 373685 is in the future! Current system log sequence number 306523.
2026-06-07 11:14:13 0 [ERROR] InnoDB: Your database may be corrupt or you may have copied the InnoDB tablespace but not the InnoDB log files. Please refer to https://mariadb.com/kb/en/library/innodb-recovery-modes/ for information about forcing recovery.
2026-06-07 11:14:13 0 [ERROR] InnoDB: Page [page id: space=0, page number=413] log sequence number 373685 is in the future! Current system log sequence number 306523.
2026-06-07 11:14:13 0 [ERROR] InnoDB: Your database may be corrupt or you may have copied the InnoDB tablespace but not the InnoDB log files. Please refer to https://mariadb.com/kb/en/library/innodb-recovery-modes/ for information about forcing recovery.
2026-06-07 11:14:13 0 [ERROR] InnoDB: Page [page id: space=0, page number=284] log sequence number 373729 is in the future! Current system log sequence number 306523.
2026-06-07 11:14:13 0 [ERROR] InnoDB: Your database may be corrupt or you may have copied the InnoDB tablespace but not the InnoDB log files. Please refer to https://mariadb.com/kb/en/library/innodb-recovery-modes/ for information about forcing recovery.
2026-06-07 11:14:13 0 [ERROR] InnoDB: Page [page id: space=0, page number=414] log sequence number 373729 is in the future! Current system log sequence number 306523.
2026-06-07 11:14:13 0 [ERROR] InnoDB: Your database may be corrupt or you may have copied the InnoDB tablespace but not the InnoDB log files. Please refer to https://mariadb.com/kb/en/library/innodb-recovery-modes/ for information about forcing recovery.
2026-06-07 11:14:13 0 [ERROR] InnoDB: Page [page id: space=0, page number=285] log sequence number 373789 is in the future! Current system log sequence number 306523.
2026-06-07 11:14:13 0 [ERROR] InnoDB: Your database may be corrupt or you may have copied the InnoDB tablespace but not the InnoDB log files. Please refer to https://mariadb.com/kb/en/library/innodb-recovery-modes/ for information about forcing recovery.
2026-06-07 11:14:13 0 [ERROR] InnoDB: Page [page id: space=0, page number=415] log sequence number 373789 is in the future! Current system log sequence number 306523.
2026-06-07 11:14:13 0 [ERROR] InnoDB: Your database may be corrupt or you may have copied the InnoDB tablespace but not the InnoDB log files. Please refer to https://mariadb.com/kb/en/library/innodb-recovery-modes/ for information about forcing recovery.
2026-06-07 11:14:13 0 [ERROR] InnoDB: Page [page id: space=0, page number=286] log sequence number 373833 is in the future! Current system log sequence number 306523.
2026-06-07 11:14:13 0 [ERROR] InnoDB: Your database may be corrupt or you may have copied the InnoDB tablespace but not the InnoDB log files. Please refer to https://mariadb.com/kb/en/library/innodb-recovery-modes/ for information about forcing recovery.
2026-06-07 11:14:13 0 [ERROR] InnoDB: Page [page id: space=0, page number=416] log sequence number 373833 is in the future! Current system log sequence number 306523.
2026-06-07 11:14:13 0 [ERROR] InnoDB: Your database may be corrupt or you may have copied the InnoDB tablespace but not the InnoDB log files. Please refer to https://mariadb.com/kb/en/library/innodb-recovery-modes/ for information about forcing recovery.
2026-06-07 11:14:13 0 [ERROR] InnoDB: Page [page id: space=0, page number=287] log sequence number 373877 is in the future! Current system log sequence number 306523.
2026-06-07 11:14:13 0 [ERROR] InnoDB: Your database may be corrupt or you may have copied the InnoDB tablespace but not the InnoDB log files. Please refer to https://mariadb.com/kb/en/library/innodb-recovery-modes/ for information about forcing recovery.
2026-06-07 11:14:13 0 [ERROR] InnoDB: Page [page id: space=0, page number=417] log sequence number 373877 is in the future! Current system log sequence number 306523.
2026-06-07 11:14:13 0 [ERROR] InnoDB: Your database may be corrupt or you may have copied the InnoDB tablespace but not the InnoDB log files. Please refer to https://mariadb.com/kb/en/library/innodb-recovery-modes/ for information about forcing recovery.
2026-06-07 11:14:13 0 [ERROR] InnoDB: Page [page id: space=0, page number=288] log sequence number 373921 is in the future! Current system log sequence number 306523.
2026-06-07 11:14:13 0 [ERROR] InnoDB: Your database may be corrupt or you may have copied the InnoDB tablespace but not the InnoDB log files. Please refer to https://mariadb.com/kb/en/library/innodb-recovery-modes/ for information about forcing recovery.
2026-06-07 11:14:13 0 [ERROR] InnoDB: Page [page id: space=0, page number=418] log sequence number 373921 is in the future! Current system log sequence number 306523.
2026-06-07 11:14:13 0 [ERROR] InnoDB: Your database may be corrupt or you may have copied the InnoDB tablespace but not the InnoDB log files. Please refer to https://mariadb.com/kb/en/library/innodb-recovery-modes/ for information about forcing recovery.
2026-06-07 11:14:13 0 [ERROR] InnoDB: Page [page id: space=0, page number=289] log sequence number 373965 is in the future! Current system log sequence number 306523.
2026-06-07 11:14:13 0 [ERROR] InnoDB: Your database may be corrupt or you may have copied the InnoDB tablespace but not the InnoDB log files. Please refer to https://mariadb.com/kb/en/library/innodb-recovery-modes/ for information about forcing recovery.
2026-06-07 11:14:13 0 [ERROR] InnoDB: Page [page id: space=0, page number=419] log sequence number 373965 is in the future! Current system log sequence number 306523.
2026-06-07 11:14:13 0 [ERROR] InnoDB: Your database may be corrupt or you may have copied the InnoDB tablespace but not the InnoDB log files. Please refer to https://mariadb.com/kb/en/library/innodb-recovery-modes/ for information about forcing recovery.
2026-06-07 11:14:13 0 [ERROR] InnoDB: Page [page id: space=0, page number=290] log sequence number 374009 is in the future! Current system log sequence number 306523.
2026-06-07 11:14:13 0 [ERROR] InnoDB: Your database may be corrupt or you may have copied the InnoDB tablespace but not the InnoDB log files. Please refer to https://mariadb.com/kb/en/library/innodb-recovery-modes/ for information about forcing recovery.
2026-06-07 11:14:13 0 [ERROR] InnoDB: Page [page id: space=0, page number=420] log sequence number 374009 is in the future! Current system log sequence number 306523.
2026-06-07 11:14:13 0 [ERROR] InnoDB: Your database may be corrupt or you may have copied the InnoDB tablespace but not the InnoDB log files. Please refer to https://mariadb.com/kb/en/library/innodb-recovery-modes/ for information about forcing recovery.
2026-06-07 11:14:13 0 [ERROR] InnoDB: Page [page id: space=0, page number=291] log sequence number 374053 is in the future! Current system log sequence number 306523.
2026-06-07 11:14:13 0 [ERROR] InnoDB: Your database may be corrupt or you may have copied the InnoDB tablespace but not the InnoDB log files. Please refer to https://mariadb.com/kb/en/library/innodb-recovery-modes/ for information about forcing recovery.
2026-06-07 11:14:13 0 [ERROR] InnoDB: Page [page id: space=0, page number=421] log sequence number 374053 is in the future! Current system log sequence number 306523.
2026-06-07 11:14:13 0 [ERROR] InnoDB: Your database may be corrupt or you may have copied the InnoDB tablespace but not the InnoDB log files. Please refer to https://mariadb.com/kb/en/library/innodb-recovery-modes/ for information about forcing recovery.
2026-06-07 11:14:13 0 [ERROR] InnoDB: Page [page id: space=0, page number=292] log sequence number 382552 is in the future! Current system log sequence number 306523.
2026-06-07 11:14:13 0 [ERROR] InnoDB: Your database may be corrupt or you may have copied the InnoDB tablespace but not the InnoDB log files. Please refer to https://mariadb.com/kb/en/library/innodb-recovery-modes/ for information about forcing recovery.
2026-06-07 11:14:13 0 [ERROR] InnoDB: Page [page id: space=0, page number=422] log sequence number 382552 is in the future! Current system log sequence number 306523.
2026-06-07 11:14:13 0 [ERROR] InnoDB: Your database may be corrupt or you may have copied the InnoDB tablespace but not the InnoDB log files. Please refer to https://mariadb.com/kb/en/library/innodb-recovery-modes/ for information about forcing recovery.
2026-06-07 11:14:13 0 [ERROR] InnoDB: Page [page id: space=0, page number=293] log sequence number 382596 is in the future! Current system log sequence number 306523.
2026-06-07 11:14:13 0 [ERROR] InnoDB: Your database may be corrupt or you may have copied the InnoDB tablespace but not the InnoDB log files. Please refer to https://mariadb.com/kb/en/library/innodb-recovery-modes/ for information about forcing recovery.
2026-06-07 11:14:13 0 [ERROR] InnoDB: Page [page id: space=0, page number=423] log sequence number 382596 is in the future! Current system log sequence number 306523.
2026-06-07 11:14:13 0 [ERROR] InnoDB: Your database may be corrupt or you may have copied the InnoDB tablespace but not the InnoDB log files. Please refer to https://mariadb.com/kb/en/library/innodb-recovery-modes/ for information about forcing recovery.
2026-06-07 11:14:13 0 [ERROR] InnoDB: Page [page id: space=0, page number=294] log sequence number 382640 is in the future! Current system log sequence number 306523.
2026-06-07 11:14:13 0 [ERROR] InnoDB: Your database may be corrupt or you may have copied the InnoDB tablespace but not the InnoDB log files. Please refer to https://mariadb.com/kb/en/library/innodb-recovery-modes/ for information about forcing recovery.
2026-06-07 11:14:13 0 [ERROR] InnoDB: Page [page id: space=0, page number=424] log sequence number 382640 is in the future! Current system log sequence number 306523.
2026-06-07 11:14:13 0 [ERROR] InnoDB: Your database may be corrupt or you may have copied the InnoDB tablespace but not the InnoDB log files. Please refer to https://mariadb.com/kb/en/library/innodb-recovery-modes/ for information about forcing recovery.
2026-06-07 11:14:13 0 [ERROR] InnoDB: Page [page id: space=0, page number=295] log sequence number 382684 is in the future! Current system log sequence number 306523.
2026-06-07 11:14:13 0 [ERROR] InnoDB: Your database may be corrupt or you may have copied the InnoDB tablespace but not the InnoDB log files. Please refer to https://mariadb.com/kb/en/library/innodb-recovery-modes/ for information about forcing recovery.
2026-06-07 11:14:13 0 [ERROR] InnoDB: Page [page id: space=0, page number=425] log sequence number 382684 is in the future! Current system log sequence number 306523.
2026-06-07 11:14:13 0 [ERROR] InnoDB: Your database may be corrupt or you may have copied the InnoDB tablespace but not the InnoDB log files. Please refer to https://mariadb.com/kb/en/library/innodb-recovery-modes/ for information about forcing recovery.
2026-06-07 11:14:13 0 [ERROR] InnoDB: Page [page id: space=0, page number=296] log sequence number 382728 is in the future! Current system log sequence number 306523.
2026-06-07 11:14:13 0 [ERROR] InnoDB: Your database may be corrupt or you may have copied the InnoDB tablespace but not the InnoDB log files. Please refer to https://mariadb.com/kb/en/library/innodb-recovery-modes/ for information about forcing recovery.
2026-06-07 11:14:13 0 [ERROR] InnoDB: Page [page id: space=0, page number=426] log sequence number 382728 is in the future! Current system log sequence number 306523.
2026-06-07 11:14:13 0 [ERROR] InnoDB: Your database may be corrupt or you may have copied the InnoDB tablespace but not the InnoDB log files. Please refer to https://mariadb.com/kb/en/library/innodb-recovery-modes/ for information about forcing recovery.
2026-06-07 11:14:13 0 [ERROR] InnoDB: Page [page id: space=0, page number=297] log sequence number 382772 is in the future! Current system log sequence number 306523.
2026-06-07 11:14:13 0 [ERROR] InnoDB: Your database may be corrupt or you may have copied the InnoDB tablespace but not the InnoDB log files. Please refer to https://mariadb.com/kb/en/library/innodb-recovery-modes/ for information about forcing recovery.
2026-06-07 11:14:13 0 [ERROR] InnoDB: Page [page id: space=0, page number=427] log sequence number 382772 is in the future! Current system log sequence number 306523.
2026-06-07 11:14:13 0 [ERROR] InnoDB: Your database may be corrupt or you may have copied the InnoDB tablespace but not the InnoDB log files. Please refer to https://mariadb.com/kb/en/library/innodb-recovery-modes/ for information about forcing recovery.
2026-06-07 11:14:13 0 [ERROR] InnoDB: Page [page id: space=0, page number=298] log sequence number 382816 is in the future! Current system log sequence number 306523.
2026-06-07 11:14:13 0 [ERROR] InnoDB: Your database may be corrupt or you may have copied the InnoDB tablespace but not the InnoDB log files. Please refer to https://mariadb.com/kb/en/library/innodb-recovery-modes/ for information about forcing recovery.
2026-06-07 11:14:13 0 [ERROR] InnoDB: Page [page id: space=0, page number=428] log sequence number 382816 is in the future! Current system log sequence number 306523.
2026-06-07 11:14:13 0 [ERROR] InnoDB: Your database may be corrupt or you may have copied the InnoDB tablespace but not the InnoDB log files. Please refer to https://mariadb.com/kb/en/library/innodb-recovery-modes/ for information about forcing recovery.
2026-06-07 11:14:13 0 [ERROR] InnoDB: Page [page id: space=0, page number=299] log sequence number 382860 is in the future! Current system log sequence number 306523.
2026-06-07 11:14:13 0 [ERROR] InnoDB: Your database may be corrupt or you may have copied the InnoDB tablespace but not the InnoDB log files. Please refer to https://mariadb.com/kb/en/library/innodb-recovery-modes/ for information about forcing recovery.
2026-06-07 11:14:13 0 [ERROR] InnoDB: Page [page id: space=0, page number=429] log sequence number 382860 is in the future! Current system log sequence number 306523.
2026-06-07 11:14:13 0 [ERROR] InnoDB: Your database may be corrupt or you may have copied the InnoDB tablespace but not the InnoDB log files. Please refer to https://mariadb.com/kb/en/library/innodb-recovery-modes/ for information about forcing recovery.
2026-06-07 11:14:13 0 [ERROR] InnoDB: Page [page id: space=0, page number=300] log sequence number 382904 is in the future! Current system log sequence number 306523.
2026-06-07 11:14:13 0 [ERROR] InnoDB: Your database may be corrupt or you may have copied the InnoDB tablespace but not the InnoDB log files. Please refer to https://mariadb.com/kb/en/library/innodb-recovery-modes/ for information about forcing recovery.
2026-06-07 11:14:13 0 [ERROR] InnoDB: Page [page id: space=0, page number=430] log sequence number 382904 is in the future! Current system log sequence number 306523.
2026-06-07 11:14:13 0 [ERROR] InnoDB: Your database may be corrupt or you may have copied the InnoDB tablespace but not the InnoDB log files. Please refer to https://mariadb.com/kb/en/library/innodb-recovery-modes/ for information about forcing recovery.
2026-06-07 11:14:13 0 [ERROR] InnoDB: Page [page id: space=0, page number=0] log sequence number 381298 is in the future! Current system log sequence number 306523.
2026-06-07 11:14:13 0 [ERROR] InnoDB: Your database may be corrupt or you may have copied the InnoDB tablespace but not the InnoDB log files. Please refer to https://mariadb.com/kb/en/library/innodb-recovery-modes/ for information about forcing recovery.
2026-06-07 11:14:13 0 [ERROR] InnoDB: Page [page id: space=0, page number=8] log sequence number 349743 is in the future! Current system log sequence number 306523.
2026-06-07 11:14:13 0 [ERROR] InnoDB: Your database may be corrupt or you may have copied the InnoDB tablespace but not the InnoDB log files. Please refer to https://mariadb.com/kb/en/library/innodb-recovery-modes/ for information about forcing recovery.
2026-06-07 11:14:13 0 [ERROR] InnoDB: Page [page id: space=0, page number=10] log sequence number 349847 is in the future! Current system log sequence number 306523.
2026-06-07 11:14:13 0 [ERROR] InnoDB: Your database may be corrupt or you may have copied the InnoDB tablespace but not the InnoDB log files. Please refer to https://mariadb.com/kb/en/library/innodb-recovery-modes/ for information about forcing recovery.
2026-06-07 11:14:13 0 [ERROR] InnoDB: Page [page id: space=0, page number=12] log sequence number 349779 is in the future! Current system log sequence number 306523.
2026-06-07 11:14:13 0 [ERROR] InnoDB: Your database may be corrupt or you may have copied the InnoDB tablespace but not the InnoDB log files. Please refer to https://mariadb.com/kb/en/library/innodb-recovery-modes/ for information about forcing recovery.
2026-06-07 11:14:13 0 [ERROR] InnoDB: Page [page id: space=0, page number=307] log sequence number 349733 is in the future! Current system log sequence number 306523.
2026-06-07 11:14:13 0 [ERROR] InnoDB: Your database may be corrupt or you may have copied the InnoDB tablespace but not the InnoDB log files. Please refer to https://mariadb.com/kb/en/library/innodb-recovery-modes/ for information about forcing recovery.
2026-06-07 11:14:13 0 [ERROR] InnoDB: Page [page id: space=0, page number=308] log sequence number 349749 is in the future! Current system log sequence number 306523.
2026-06-07 11:14:13 0 [ERROR] InnoDB: Your database may be corrupt or you may have copied the InnoDB tablespace but not the InnoDB log files. Please refer to https://mariadb.com/kb/en/library/innodb-recovery-modes/ for information about forcing recovery.
2026-06-07 11:14:13 0 [Note] InnoDB: 128 out of 128 rollback segments are active.
2026-06-07 11:14:13 0 [Note] InnoDB: Removed temporary tablespace data file: "ibtmp1"
2026-06-07 11:14:13 0 [Note] InnoDB: Creating shared tablespace for temporary tables
2026-06-07 11:14:13 0 [Note] InnoDB: Setting file 'D:\xampp\mysql\data\ibtmp1' size to 12 MB. Physically writing the file full; Please wait ...
2026-06-07 11:14:13 0 [Note] InnoDB: File 'D:\xampp\mysql\data\ibtmp1' size is now 12 MB.
2026-06-07 11:14:13 0 [Note] InnoDB: Waiting for purge to start
2026-06-07 11:14:13 1 [ERROR] InnoDB: Page [page id: space=0, page number=9] log sequence number 349738 is in the future! Current system log sequence number 306523.
2026-06-07 11:14:13 1 [ERROR] InnoDB: Your database may be corrupt or you may have copied the InnoDB tablespace but not the InnoDB log files. Please refer to https://mariadb.com/kb/en/library/innodb-recovery-modes/ for information about forcing recovery.
2026-06-07 11:14:13 1 [ERROR] InnoDB: Page [page id: space=28, page number=0] log sequence number 340260 is in the future! Current system log sequence number 306523.
2026-06-07 11:14:13 1 [ERROR] InnoDB: Your database may be corrupt or you may have copied the InnoDB tablespace but not the InnoDB log files. Please refer to https://mariadb.com/kb/en/library/innodb-recovery-modes/ for information about forcing recovery.
2026-06-07 11:14:13 1 [ERROR] InnoDB: Page [page id: space=28, page number=1] log sequence number 338720 is in the future! Current system log sequence number 306523.
2026-06-07 11:14:13 1 [ERROR] InnoDB: Your database may be corrupt or you may have copied the InnoDB tablespace but not the InnoDB log files. Please refer to https://mariadb.com/kb/en/library/innodb-recovery-modes/ for information about forcing recovery.
2026-06-07 11:14:13 0 [Note] InnoDB: 10.4.32 started; log sequence number 306514; transaction id 820
2026-06-07 11:14:13 0 [Note] InnoDB: Loading buffer pool(s) from D:\xampp\mysql\data\ib_buffer_pool
2026-06-07 11:14:13 0 [Note] Plugin 'FEEDBACK' is disabled.
2026-06-07 11:14:13 0 [ERROR] InnoDB: Page [page id: space=0, page number=243] log sequence number 362601 is in the future! Current system log sequence number 306523.
2026-06-07 11:14:13 0 [ERROR] InnoDB: Your database may be corrupt or you may have copied the InnoDB tablespace but not the InnoDB log files. Please refer to https://mariadb.com/kb/en/library/innodb-recovery-modes/ for information about forcing recovery.
2026-06-07 11:14:13 0 [Note] Server socket created on IP: '::'.
2026-06-08 17:25:15 0 [Note] Starting MariaDB 10.4.32-MariaDB source revision c4143f909528e3fab0677a28631d10389354c491 as process 4188
2026-06-08 17:25:15 0 [Note] InnoDB: Mutexes and rw_locks use Windows interlocked functions
2026-06-08 17:25:15 0 [Note] InnoDB: Uses event mutexes
2026-06-08 17:25:15 0 [Note] InnoDB: Compressed tables use zlib 1.3
2026-06-08 17:25:15 0 [Note] InnoDB: Number of pools: 1
2026-06-08 17:25:15 0 [Note] InnoDB: Using SSE2 crc32 instructions
2026-06-08 17:25:15 0 [Note] InnoDB: Initializing buffer pool, total size = 16M, instances = 1, chunk size = 16M
2026-06-08 17:25:15 0 [Note] InnoDB: Completed initialization of buffer pool
2026-06-08 17:25:16 0 [Note] InnoDB: Starting crash recovery from checkpoint LSN=306523
2026-06-08 17:25:16 0 [Warning] InnoDB: Are you sure you are using the right ib_logfiles to start up the database? Log sequence number in the ib_logfiles is 306523, less than the log sequence number in the first system tablespace file header, 383879.
2026-06-08 17:25:16 0 [Warning] InnoDB: Ignoring a doublewrite copy of page [page id: space=16, page number=3] with future log sequence number 340849
2026-06-08 17:25:16 0 [Warning] InnoDB: Ignoring a doublewrite copy of page [page id: space=0, page number=248] with future log sequence number 340829
2026-06-08 17:25:16 0 [Warning] InnoDB: Ignoring a doublewrite copy of page [page id: space=0, page number=385] with future log sequence number 340829
2026-06-08 17:25:16 0 [Warning] InnoDB: Ignoring a doublewrite copy of page [page id: space=0, page number=232] with future log sequence number 339797
2026-06-08 17:25:16 0 [Warning] InnoDB: Ignoring a doublewrite copy of page [page id: space=0, page number=373] with future log sequence number 339797
2026-06-08 17:25:16 0 [Warning] InnoDB: Ignoring a doublewrite copy of page [page id: space=0, page number=231] with future log sequence number 339753
2026-06-08 17:25:16 0 [Warning] InnoDB: Ignoring a doublewrite copy of page [page id: space=0, page number=368] with future log sequence number 339753
2026-06-08 17:25:16 0 [Warning] InnoDB: Ignoring a doublewrite copy of page [page id: space=0, page number=230] with future log sequence number 339709
2026-06-08 17:25:16 0 [Warning] InnoDB: Ignoring a doublewrite copy of page [page id: space=0, page number=367] with future log sequence number 339709
2026-06-08 17:25:16 0 [Warning] InnoDB: Ignoring a doublewrite copy of page [page id: space=0, page number=260] with future log sequence number 355374
2026-06-08 17:25:16 0 [Warning] InnoDB: Ignoring a doublewrite copy of page [page id: space=0, page number=290] with future log sequence number 374009
2026-06-08 17:25:16 0 [Warning] InnoDB: Ignoring a doublewrite copy of page [page id: space=0, page number=420] with future log sequence number 374009
2026-06-08 17:25:16 0 [Warning] InnoDB: Ignoring a doublewrite copy of page [page id: space=0, page number=223] with future log sequence number 317669
2026-06-08 17:25:16 0 [Warning] InnoDB: Ignoring a doublewrite copy of page [page id: space=2, page number=3] with future log sequence number 317754
2026-06-08 17:25:16 0 [Warning] InnoDB: Ignoring a doublewrite copy of page [page id: space=0, page number=360] with future log sequence number 317669
2026-06-08 17:25:16 0 [Warning] InnoDB: Ignoring a doublewrite copy of page [page id: space=0, page number=237] with future log sequence number 326879
2026-06-08 17:25:16 0 [Warning] InnoDB: Ignoring a doublewrite copy of page [page id: space=0, page number=377] with future log sequence number 326879
2026-06-08 17:25:16 0 [Warning] InnoDB: Ignoring a doublewrite copy of page [page id: space=0, page number=218] with future log sequence number 353252
2026-06-08 17:25:16 0 [Warning] InnoDB: Ignoring a doublewrite copy of page [page id: space=0, page number=355] with future log sequence number 353252
2026-06-08 17:25:16 0 [Warning] InnoDB: Ignoring a doublewrite copy of page [page id: space=0, page number=217] with future log sequence number 353208
2026-06-08 17:25:16 0 [Warning] InnoDB: Ignoring a doublewrite copy of page [page id: space=0, page number=354] with future log sequence number 353208
2026-06-08 17:25:16 0 [Warning] InnoDB: Ignoring a doublewrite copy of page [page id: space=0, page number=216] with future log sequence number 353164
2026-06-08 17:25:16 0 [Warning] InnoDB: Ignoring a doublewrite copy of page [page id: space=0, page number=353] with future log sequence number 353164
2026-06-08 17:25:16 0 [Warning] InnoDB: Ignoring a doublewrite copy of page [page id: space=0, page number=215] with future log sequence number 353120
2026-06-08 17:25:16 0 [Warning] InnoDB: Ignoring a doublewrite copy of page [page id: space=0, page number=352] with future log sequence number 353120
2026-06-08 17:25:16 0 [Warning] InnoDB: Ignoring a doublewrite copy of page [page id: space=0, page number=213] with future log sequence number 353076
2026-06-08 17:25:16 0 [Warning] InnoDB: Ignoring a doublewrite copy of page [page id: space=0, page number=237] with future log sequence number 365321
2026-06-08 17:25:16 0 [Warning] InnoDB: Ignoring a doublewrite copy of page [page id: space=0, page number=377] with future log sequence number 365321
2026-06-08 17:25:16 0 [Warning] InnoDB: Ignoring a doublewrite copy of page [page id: space=0, page number=249] with future log sequence number 371342
2026-06-08 17:25:16 0 [Warning] InnoDB: Ignoring a doublewrite copy of page [page id: space=16, page number=3] with future log sequence number 371362
2026-06-08 17:25:16 0 [Warning] InnoDB: Ignoring a doublewrite copy of page [page id: space=0, page number=370] with future log sequence number 371342
2026-06-08 17:25:16 0 [Warning] InnoDB: Ignoring a doublewrite copy of page [page id: space=0, page number=266] with future log sequence number 382997
2026-06-08 17:25:16 0 [Warning] InnoDB: Ignoring a doublewrite copy of page [page id: space=0, page number=434] with future log sequence number 382997
2026-06-08 17:25:16 0 [Warning] InnoDB: Ignoring a doublewrite copy of page [page id: space=0, page number=265] with future log sequence number 382937
2026-06-08 17:25:16 0 [Warning] InnoDB: Ignoring a doublewrite copy of page [page id: space=0, page number=398] with future log sequence number 382937
2026-06-08 17:25:16 0 [ERROR] InnoDB: Page [page id: space=0, page number=7] log sequence number 339768 is in the future! Current system log sequence number 306541.
2026-06-08 17:25:16 0 [ERROR] InnoDB: Your database may be corrupt or you may have copied the InnoDB tablespace but not the InnoDB log files. Please refer to https://mariadb.com/kb/en/library/innodb-recovery-modes/ for information about forcing recovery.
2026-06-08 17:25:16 0 [ERROR] InnoDB: Page [page id: space=0, page number=11] log sequence number 349764 is in the future! Current system log sequence number 306541.
2026-06-08 17:25:16 0 [ERROR] InnoDB: Your database may be corrupt or you may have copied the InnoDB tablespace but not the InnoDB log files. Please refer to https://mariadb.com/kb/en/library/innodb-recovery-modes/ for information about forcing recovery.
2026-06-08 17:25:16 0 [ERROR] InnoDB: Page [page id: space=0, page number=6] log sequence number 382375 is in the future! Current system log sequence number 306541.
2026-06-08 17:25:16 0 [ERROR] InnoDB: Your database may be corrupt or you may have copied the InnoDB tablespace but not the InnoDB log files. Please refer to https://mariadb.com/kb/en/library/innodb-recovery-modes/ for information about forcing recovery.
2026-06-08 17:25:16 0 [ERROR] InnoDB: Page [page id: space=0, page number=301] log sequence number 382375 is in the future! Current system log sequence number 306541.
2026-06-08 17:25:16 0 [ERROR] InnoDB: Your database may be corrupt or you may have copied the InnoDB tablespace but not the InnoDB log files. Please refer to https://mariadb.com/kb/en/library/innodb-recovery-modes/ for information about forcing recovery.
2026-06-08 17:25:16 0 [ERROR] InnoDB: Page [page id: space=0, page number=45] log sequence number 382414 is in the future! Current system log sequence number 306541.
2026-06-08 17:25:16 0 [ERROR] InnoDB: Your database may be corrupt or you may have copied the InnoDB tablespace but not the InnoDB log files. Please refer to https://mariadb.com/kb/en/library/innodb-recovery-modes/ for information about forcing recovery.
2026-06-08 17:25:16 0 [ERROR] InnoDB: Page [page id: space=0, page number=306] log sequence number 382414 is in the future! Current system log sequence number 306541.
2026-06-08 17:25:16 0 [ERROR] InnoDB: Your database may be corrupt or you may have copied the InnoDB tablespace but not the InnoDB log files. Please refer to https://mariadb.com/kb/en/library/innodb-recovery-modes/ for information about forcing recovery.
2026-06-08 17:25:16 0 [ERROR] InnoDB: Page [page id: space=0, page number=46] log sequence number 382453 is in the future! Current system log sequence number 306541.
2026-06-08 17:25:16 0 [ERROR] InnoDB: Your database may be corrupt or you may have copied the InnoDB tablespace but not the InnoDB log files. Please refer to https://mariadb.com/kb/en/library/innodb-recovery-modes/ for information about forcing recovery.
2026-06-08 17:25:16 0 [ERROR] InnoDB: Page [page id: space=0, page number=309] log sequence number 382453 is in the future! Current system log sequence number 306541.
2026-06-08 17:25:16 0 [ERROR] InnoDB: Your database may be corrupt or you may have copied the InnoDB tablespace but not the InnoDB log files. Please refer to https://mariadb.com/kb/en/library/innodb-recovery-modes/ for information about forcing recovery.
2026-06-08 17:25:16 0 [ERROR] InnoDB: Page [page id: space=0, page number=193] log sequence number 335526 is in the future! Current system log sequence number 306541.
2026-06-08 17:25:16 0 [ERROR] InnoDB: Your database may be corrupt or you may have copied the InnoDB tablespace but not the InnoDB log files. Please refer to https://mariadb.com/kb/en/library/innodb-recovery-modes/ for information about forcing recovery.
2026-06-08 17:25:16 0 [ERROR] InnoDB: Page [page id: space=0, page number=330] log sequence number 335526 is in the future! Current system log sequence number 306541.
2026-06-08 17:25:16 0 [ERROR] InnoDB: Your database may be corrupt or you may have copied the InnoDB tablespace but not the InnoDB log files. Please refer to https://mariadb.com/kb/en/library/innodb-recovery-modes/ for information about forcing recovery.
2026-06-08 17:25:16 0 [ERROR] InnoDB: Page [page id: space=0, page number=204] log sequence number 307021 is in the future! Current system log sequence number 306541.
2026-06-08 17:25:16 0 [ERROR] InnoDB: Your database may be corrupt or you may have copied the InnoDB tablespace but not the InnoDB log files. Please refer to https://mariadb.com/kb/en/library/innodb-recovery-modes/ for information about forcing recovery.
2026-06-08 17:25:16 0 [ERROR] InnoDB: Page [page id: space=0, page number=341] log sequence number 307021 is in the future! Current system log sequence number 306541.
2026-06-08 17:25:16 0 [ERROR] InnoDB: Your database may be corrupt or you may have copied the InnoDB tablespace but not the InnoDB log files. Please refer to https://mariadb.com/kb/en/library/innodb-recovery-modes/ for information about forcing recovery.
2026-06-08 17:25:16 0 [ERROR] InnoDB: Page [page id: space=0, page number=205] log sequence number 352708 is in the future! Current system log sequence number 306541.
2026-06-08 17:25:16 0 [ERROR] InnoDB: Your database may be corrupt or you may have copied the InnoDB tablespace but not the InnoDB log files. Please refer to https://mariadb.com/kb/en/library/innodb-recovery-modes/ for information about forcing recovery.
2026-06-08 17:25:16 0 [ERROR] InnoDB: Page [page id: space=0, page number=342] log sequence number 352708 is in the future! Current system log sequence number 306541.
2026-06-08 17:25:16 0 [ERROR] InnoDB: Your database may be corrupt or you may have copied the InnoDB tablespace but not the InnoDB log files. Please refer to https://mariadb.com/kb/en/library/innodb-recovery-modes/ for information about forcing recovery.
2026-06-08 17:25:16 0 [ERROR] InnoDB: Page [page id: space=0, page number=206] log sequence number 352752 is in the future! Current system log sequence number 306541.
2026-06-08 17:25:16 0 [ERROR] InnoDB: Your database may be corrupt or you may have copied the InnoDB tablespace but not the InnoDB log files. Please refer to https://mariadb.com/kb/en/library/innodb-recovery-modes/ for information about forcing recovery.
2026-06-08 17:25:16 0 [ERROR] InnoDB: Page [page id: space=0, page number=343] log sequence number 352752 is in the future! Current system log sequence number 306541.
2026-06-08 17:25:16 0 [ERROR] InnoDB: Your database may be corrupt or you may have copied the InnoDB tablespace but not the InnoDB log files. Please refer to https://mariadb.com/kb/en/library/innodb-recovery-modes/ for information about forcing recovery.
2026-06-08 17:25:16 0 [ERROR] InnoDB: Page [page id: space=0, page number=207] log sequence number 352812 is in the future! Current system log sequence number 306541.
2026-06-08 17:25:16 0 [ERROR] InnoDB: Your database may be corrupt or you may have copied the InnoDB tablespace but not the InnoDB log files. Please refer to https://mariadb.com/kb/en/library/innodb-recovery-modes/ for information about forcing recovery.
2026-06-08 17:25:16 0 [ERROR] InnoDB: Page [page id: space=0, page number=344] log sequence number 352812 is in the future! Current system log sequence number 306541.
2026-06-08 17:25:16 0 [ERROR] InnoDB: Your database may be corrupt or you may have copied the InnoDB tablespace but not the InnoDB log files. Please refer to https://mariadb.com/kb/en/library/innodb-recovery-modes/ for information about forcing recovery.
2026-06-08 17:25:16 0 [ERROR] InnoDB: Page [page id: space=0, page number=208] log sequence number 352856 is in the future! Current system log sequence number 306541.
2026-06-08 17:25:16 0 [ERROR] InnoDB: Your database may be corrupt or you may have copied the InnoDB tablespace but not the InnoDB log files. Please refer to https://mariadb.com/kb/en/library/innodb-recovery-modes/ for information about forcing recovery.
2026-06-08 17:25:16 0 [ERROR] InnoDB: Page [page id: space=0, page number=345] log sequence number 352856 is in the future! Current system log sequence number 306541.
2026-06-08 17:25:16 0 [ERROR] InnoDB: Your database may be corrupt or you may have copied the InnoDB tablespace but not the InnoDB log files. Please refer to https://mariadb.com/kb/en/library/innodb-recovery-modes/ for information about forcing recovery.
2026-06-08 17:25:16 0 [ERROR] InnoDB: Page [page id: space=0, page number=209] log sequence number 352900 is in the future! Current system log sequence number 306541.
2026-06-08 17:25:16 0 [ERROR] InnoDB: Your database may be corrupt or you may have copied the InnoDB tablespace but not the InnoDB log files. Please refer to https://mariadb.com/kb/en/library/innodb-recovery-modes/ for information about forcing recovery.
2026-06-08 17:25:16 0 [ERROR] InnoDB: Page [page id: space=0, page number=346] log sequence number 352900 is in the future! Current system log sequence number 306541.
2026-06-08 17:25:16 0 [ERROR] InnoDB: Your database may be corrupt or you may have copied the InnoDB tablespace but not the InnoDB log files. Please refer to https://mariadb.com/kb/en/library/innodb-recovery-modes/ for information about forcing recovery.
2026-06-08 17:25:16 0 [ERROR] InnoDB: Page [page id: space=0, page number=210] log sequence number 352944 is in the future! Current system log sequence number 306541.
2026-06-08 17:25:16 0 [ERROR] InnoDB: Your database may be corrupt or you may have copied the InnoDB tablespace but not the InnoDB log files. Please refer to https://mariadb.com/kb/en/library/innodb-recovery-modes/ for information about forcing recovery.
2026-06-08 17:25:16 0 [ERROR] InnoDB: Page [page id: space=0, page number=347] log sequence number 352944 is in the future! Current system log sequence number 306541.
2026-06-08 17:25:16 0 [ERROR] InnoDB: Your database may be corrupt or you may have copied the InnoDB tablespace but not the InnoDB log files. Please refer to https://mariadb.com/kb/en/library/innodb-recovery-modes/ for information about forcing recovery.
2026-06-08 17:25:16 0 [ERROR] InnoDB: Page [page id: space=0, page number=211] log sequence number 352988 is in the future! Current system log sequence number 306541.
2026-06-08 17:25:16 0 [ERROR] InnoDB: Your database may be corrupt or you may have copied the InnoDB tablespace but not the InnoDB log files. Please refer to https://mariadb.com/kb/en/library/innodb-recovery-modes/ for information about forcing recovery.
2026-06-08 17:25:16 0 [ERROR] InnoDB: Page [page id: space=0, page number=348] log sequence number 352988 is in the future! Current system log sequence number 306541.
2026-06-08 17:25:16 0 [ERROR] InnoDB: Your database may be corrupt or you may have copied the InnoDB tablespace but not the InnoDB log files. Please refer to https://mariadb.com/kb/en/library/innodb-recovery-modes/ for information about forcing recovery.
2026-06-08 17:25:16 0 [ERROR] InnoDB: Page [page id: space=0, page number=212] log sequence number 353032 is in the future! Current system log sequence number 306541.
2026-06-08 17:25:16 0 [ERROR] InnoDB: Your database may be corrupt or you may have copied the InnoDB tablespace but not the InnoDB log files. Please refer to https://mariadb.com/kb/en/library/innodb-recovery-modes/ for information about forcing recovery.
2026-06-08 17:25:16 0 [ERROR] InnoDB: Page [page id: space=0, page number=349] log sequence number 353032 is in the future! Current system log sequence number 306541.
2026-06-08 17:25:16 0 [ERROR] InnoDB: Your database may be corrupt or you may have copied the InnoDB tablespace but not the InnoDB log files. Please refer to https://mariadb.com/kb/en/library/innodb-recovery-modes/ for information about forcing recovery.
2026-06-08 17:25:16 0 [ERROR] InnoDB: Page [page id: space=0, page number=213] log sequence number 353076 is in the future! Current system log sequence number 306541.
2026-06-08 17:25:16 0 [ERROR] InnoDB: Your database may be corrupt or you may have copied the InnoDB tablespace but not the InnoDB log files. Please refer to https://mariadb.com/kb/en/library/innodb-recovery-modes/ for information about forcing recovery.
2026-06-08 17:25:16 0 [ERROR] InnoDB: Page [page id: space=0, page number=350] log sequence number 353076 is in the future! Current system log sequence number 306541.
2026-06-08 17:25:16 0 [ERROR] InnoDB: Your database may be corrupt or you may have copied the InnoDB tablespace but not the InnoDB log files. Please refer to https://mariadb.com/kb/en/library/innodb-recovery-modes/ for information about forcing recovery.
2026-06-08 17:25:16 0 [ERROR] InnoDB: Page [page id: space=0, page number=214] log sequence number 315502 is in the future! Current system log sequence number 306541.
2026-06-08 17:25:16 0 [ERROR] InnoDB: Your database may be corrupt or you may have copied the InnoDB tablespace but not the InnoDB log files. Please refer to https://mariadb.com/kb/en/library/innodb-recovery-modes/ for information about forcing recovery.
2026-06-08 17:25:16 0 [ERROR] InnoDB: Page [page id: space=0, page number=351] log sequence number 315502 is in the future! Current system log sequence number 306541.
2026-06-08 17:25:16 0 [ERROR] InnoDB: Your database may be corrupt or you may have copied the InnoDB tablespace but not the InnoDB log files. Please refer to https://mariadb.com/kb/en/library/innodb-recovery-modes/ for information about forcing recovery.
2026-06-08 17:25:16 0 [ERROR] InnoDB: Page [page id: space=0, page number=215] log sequence number 353120 is in the future! Current system log sequence number 306541.
2026-06-08 17:25:16 0 [ERROR] InnoDB: Your database may be corrupt or you may have copied the InnoDB tablespace but not the InnoDB log files. Please refer to https://mariadb.com/kb/en/library/innodb-recovery-modes/ for information about forcing recovery.
2026-06-08 17:25:16 0 [ERROR] InnoDB: Page [page id: space=0, page number=352] log sequence number 353120 is in the future! Current system log sequence number 306541.
2026-06-08 17:25:16 0 [ERROR] InnoDB: Your database may be corrupt or you may have copied the InnoDB tablespace but not the InnoDB log files. Please refer to https://mariadb.com/kb/en/library/innodb-recovery-modes/ for information about forcing recovery.
2026-06-08 17:25:16 0 [ERROR] InnoDB: Page [page id: space=0, page number=216] log sequence number 353164 is in the future! Current system log sequence number 306541.
2026-06-08 17:25:16 0 [ERROR] InnoDB: Your database may be corrupt or you may have copied the InnoDB tablespace but not the InnoDB log files. Please refer to https://mariadb.com/kb/en/library/innodb-recovery-modes/ for information about forcing recovery.
2026-06-08 17:25:16 0 [ERROR] InnoDB: Page [page id: space=0, page number=353] log sequence number 353164 is in the future! Current system log sequence number 306541.
2026-06-08 17:25:16 0 [ERROR] InnoDB: Your database may be corrupt or you may have copied the InnoDB tablespace but not the InnoDB log files. Please refer to https://mariadb.com/kb/en/library/innodb-recovery-modes/ for information about forcing recovery.
2026-06-08 17:25:16 0 [ERROR] InnoDB: Page [page id: space=0, page number=217] log sequence number 353208 is in the future! Current system log sequence number 306541.
2026-06-08 17:25:16 0 [ERROR] InnoDB: Your database may be corrupt or you may have copied the InnoDB tablespace but not the InnoDB log files. Please refer to https://mariadb.com/kb/en/library/innodb-recovery-modes/ for information about forcing recovery.
2026-06-08 17:25:16 0 [ERROR] InnoDB: Page [page id: space=0, page number=354] log sequence number 353208 is in the future! Current system log sequence number 306541.
2026-06-08 17:25:16 0 [ERROR] InnoDB: Your database may be corrupt or you may have copied the InnoDB tablespace but not the InnoDB log files. Please refer to https://mariadb.com/kb/en/library/innodb-recovery-modes/ for information about forcing recovery.
2026-06-08 17:25:16 0 [ERROR] InnoDB: Page [page id: space=0, page number=218] log sequence number 353252 is in the future! Current system log sequence number 306541.
2026-06-08 17:25:16 0 [ERROR] InnoDB: Your database may be corrupt or you may have copied the InnoDB tablespace but not the InnoDB log files. Please refer to https://mariadb.com/kb/en/library/innodb-recovery-modes/ for information about forcing recovery.
2026-06-08 17:25:16 0 [ERROR] InnoDB: Page [page id: space=0, page number=355] log sequence number 353252 is in the future! Current system log sequence number 306541.
2026-06-08 17:25:16 0 [ERROR] InnoDB: Your database may be corrupt or you may have copied the InnoDB tablespace but not the InnoDB log files. Please refer to https://mariadb.com/kb/en/library/innodb-recovery-modes/ for information about forcing recovery.
2026-06-08 17:25:16 0 [ERROR] InnoDB: Page [page id: space=0, page number=219] log sequence number 358596 is in the future! Current system log sequence number 306541.
2026-06-08 17:25:16 0 [ERROR] InnoDB: Your database may be corrupt or you may have copied the InnoDB tablespace but not the InnoDB log files. Please refer to https://mariadb.com/kb/en/library/innodb-recovery-modes/ for information about forcing recovery.
2026-06-08 17:25:16 0 [ERROR] InnoDB: Page [page id: space=0, page number=356] log sequence number 358596 is in the future! Current system log sequence number 306541.
2026-06-08 17:25:16 0 [ERROR] InnoDB: Your database may be corrupt or you may have copied the InnoDB tablespace but not the InnoDB log files. Please refer to https://mariadb.com/kb/en/library/innodb-recovery-modes/ for information about forcing recovery.
2026-06-08 17:25:16 0 [ERROR] InnoDB: Page [page id: space=0, page number=220] log sequence number 358640 is in the future! Current system log sequence number 306541.
2026-06-08 17:25:16 0 [ERROR] InnoDB: Your database may be corrupt or you may have copied the InnoDB tablespace but not the InnoDB log files. Please refer to https://mariadb.com/kb/en/library/innodb-recovery-modes/ for information about forcing recovery.
2026-06-08 17:25:16 0 [ERROR] InnoDB: Page [page id: space=0, page number=357] log sequence number 358640 is in the future! Current system log sequence number 306541.
2026-06-08 17:25:16 0 [ERROR] InnoDB: Your database may be corrupt or you may have copied the InnoDB tablespace but not the InnoDB log files. Please refer to https://mariadb.com/kb/en/library/innodb-recovery-modes/ for information about forcing recovery.
2026-06-08 17:25:16 0 [ERROR] InnoDB: Page [page id: space=0, page number=221] log sequence number 358684 is in the future! Current system log sequence number 306541.
2026-06-08 17:25:16 0 [ERROR] InnoDB: Your database may be corrupt or you may have copied the InnoDB tablespace but not the InnoDB log files. Please refer to https://mariadb.com/kb/en/library/innodb-recovery-modes/ for information about forcing recovery.
2026-06-08 17:25:16 0 [ERROR] InnoDB: Page [page id: space=0, page number=358] log sequence number 358684 is in the future! Current system log sequence number 306541.
2026-06-08 17:25:16 0 [ERROR] InnoDB: Your database may be corrupt or you may have copied the InnoDB tablespace but not the InnoDB log files. Please refer to https://mariadb.com/kb/en/library/innodb-recovery-modes/ for information about forcing recovery.
2026-06-08 17:25:16 0 [ERROR] InnoDB: Page [page id: space=0, page number=222] log sequence number 358728 is in the future! Current system log sequence number 306541.
2026-06-08 17:25:16 0 [ERROR] InnoDB: Your database may be corrupt or you may have copied the InnoDB tablespace but not the InnoDB log files. Please refer to https://mariadb.com/kb/en/library/innodb-recovery-modes/ for information about forcing recovery.
2026-06-08 17:25:16 0 [ERROR] InnoDB: Page [page id: space=0, page number=359] log sequence number 358728 is in the future! Current system log sequence number 306541.
2026-06-08 17:25:16 0 [ERROR] InnoDB: Your database may be corrupt or you may have copied the InnoDB tablespace but not the InnoDB log files. Please refer to https://mariadb.com/kb/en/library/innodb-recovery-modes/ for information about forcing recovery.
2026-06-08 17:25:16 0 [ERROR] InnoDB: Page [page id: space=0, page number=223] log sequence number 358772 is in the future! Current system log sequence number 306541.
2026-06-08 17:25:16 0 [ERROR] InnoDB: Your database may be corrupt or you may have copied the InnoDB tablespace but not the InnoDB log files. Please refer to https://mariadb.com/kb/en/library/innodb-recovery-modes/ for information about forcing recovery.
2026-06-08 17:25:16 0 [ERROR] InnoDB: Page [page id: space=0, page number=360] log sequence number 358772 is in the future! Current system log sequence number 306541.
2026-06-08 17:25:16 0 [ERROR] InnoDB: Your database may be corrupt or you may have copied the InnoDB tablespace but not the InnoDB log files. Please refer to https://mariadb.com/kb/en/library/innodb-recovery-modes/ for information about forcing recovery.
2026-06-08 17:25:16 0 [ERROR] InnoDB: Page [page id: space=0, page number=224] log sequence number 358816 is in the future! Current system log sequence number 306541.
2026-06-08 17:25:16 0 [ERROR] InnoDB: Your database may be corrupt or you may have copied the InnoDB tablespace but not the InnoDB log files. Please refer to https://mariadb.com/kb/en/library/innodb-recovery-modes/ for information about forcing recovery.
2026-06-08 17:25:16 0 [ERROR] InnoDB: Page [page id: space=0, page number=361] log sequence number 358816 is in the future! Current system log sequence number 306541.
2026-06-08 17:25:16 0 [ERROR] InnoDB: Your database may be corrupt or you may have copied the InnoDB tablespace but not the InnoDB log files. Please refer to https://mariadb.com/kb/en/library/innodb-recovery-modes/ for information about forcing recovery.
2026-06-08 17:25:16 0 [ERROR] InnoDB: Page [page id: space=0, page number=225] log sequence number 358860 is in the future! Current system log sequence number 306541.
2026-06-08 17:25:16 0 [ERROR] InnoDB: Your database may be corrupt or you may have copied the InnoDB tablespace but not the InnoDB log files. Please refer to https://mariadb.com/kb/en/library/innodb-recovery-modes/ for information about forcing recovery.
2026-06-08 17:25:16 0 [ERROR] InnoDB: Page [page id: space=0, page number=362] log sequence number 358860 is in the future! Current system log sequence number 306541.
2026-06-08 17:25:16 0 [ERROR] InnoDB: Your database may be corrupt or you may have copied the InnoDB tablespace but not the InnoDB log files. Please refer to https://mariadb.com/kb/en/library/innodb-recovery-modes/ for information about forcing recovery.
2026-06-08 17:25:16 0 [ERROR] InnoDB: Page [page id: space=0, page number=226] log sequence number 358904 is in the future! Current system log sequence number 306541.
2026-06-08 17:25:16 0 [ERROR] InnoDB: Your database may be corrupt or you may have copied the InnoDB tablespace but not the InnoDB log files. Please refer to https://mariadb.com/kb/en/library/innodb-recovery-modes/ for information about forcing recovery.
2026-06-08 17:25:16 0 [ERROR] InnoDB: Page [page id: space=0, page number=363] log sequence number 358904 is in the future! Current system log sequence number 306541.
2026-06-08 17:25:16 0 [ERROR] InnoDB: Your database may be corrupt or you may have copied the InnoDB tablespace but not the InnoDB log files. Please refer to https://mariadb.com/kb/en/library/innodb-recovery-modes/ for information about forcing recovery.
2026-06-08 17:25:16 0 [ERROR] InnoDB: Page [page id: space=0, page number=227] log sequence number 358964 is in the future! Current system log sequence number 306541.
2026-06-08 17:25:16 0 [ERROR] InnoDB: Your database may be corrupt or you may have copied the InnoDB tablespace but not the InnoDB log files. Please refer to https://mariadb.com/kb/en/library/innodb-recovery-modes/ for information about forcing recovery.
2026-06-08 17:25:16 0 [ERROR] InnoDB: Page [page id: space=0, page number=364] log sequence number 358964 is in the future! Current system log sequence number 306541.
2026-06-08 17:25:16 0 [ERROR] InnoDB: Your database may be corrupt or you may have copied the InnoDB tablespace but not the InnoDB log files. Please refer to https://mariadb.com/kb/en/library/innodb-recovery-modes/ for information about forcing recovery.
2026-06-08 17:25:16 0 [ERROR] InnoDB: Page [page id: space=0, page number=228] log sequence number 364909 is in the future! Current system log sequence number 306541.
2026-06-08 17:25:16 0 [ERROR] InnoDB: Your database may be corrupt or you may have copied the InnoDB tablespace but not the InnoDB log files. Please refer to https://mariadb.com/kb/en/library/innodb-recovery-modes/ for information about forcing recovery.
2026-06-08 17:25:16 0 [ERROR] InnoDB: Page [page id: space=0, page number=365] log sequence number 364909 is in the future! Current system log sequence number 306541.
2026-06-08 17:25:16 0 [ERROR] InnoDB: Your database may be corrupt or you may have copied the InnoDB tablespace but not the InnoDB log files. Please refer to https://mariadb.com/kb/en/library/innodb-recovery-modes/ for information about forcing recovery.
2026-06-08 17:25:16 0 [ERROR] InnoDB: Page [page id: space=0, page number=229] log sequence number 364953 is in the future! Current system log sequence number 306541.
2026-06-08 17:25:16 0 [ERROR] InnoDB: Your database may be corrupt or you may have copied the InnoDB tablespace but not the InnoDB log files. Please refer to https://mariadb.com/kb/en/library/innodb-recovery-modes/ for information about forcing recovery.
2026-06-08 17:25:16 0 [ERROR] InnoDB: Page [page id: space=0, page number=366] log sequence number 364953 is in the future! Current system log sequence number 306541.
2026-06-08 17:25:16 0 [ERROR] InnoDB: Your database may be corrupt or you may have copied the InnoDB tablespace but not the InnoDB log files. Please refer to https://mariadb.com/kb/en/library/innodb-recovery-modes/ for information about forcing recovery.
2026-06-08 17:25:16 0 [ERROR] InnoDB: Page [page id: space=0, page number=230] log sequence number 364997 is in the future! Current system log sequence number 306541.
2026-06-08 17:25:16 0 [ERROR] InnoDB: Your database may be corrupt or you may have copied the InnoDB tablespace but not the InnoDB log files. Please refer to https://mariadb.com/kb/en/library/innodb-recovery-modes/ for information about forcing recovery.
2026-06-08 17:25:16 0 [ERROR] InnoDB: Page [page id: space=0, page number=367] log sequence number 364997 is in the future! Current system log sequence number 306541.
2026-06-08 17:25:16 0 [ERROR] InnoDB: Your database may be corrupt or you may have copied the InnoDB tablespace but not the InnoDB log files. Please refer to https://mariadb.com/kb/en/library/innodb-recovery-modes/ for information about forcing recovery.
2026-06-08 17:25:16 0 [ERROR] InnoDB: Page [page id: space=0, page number=231] log sequence number 365041 is in the future! Current system log sequence number 306541.
2026-06-08 17:25:16 0 [ERROR] InnoDB: Your database may be corrupt or you may have copied the InnoDB tablespace but not the InnoDB log files. Please refer to https://mariadb.com/kb/en/library/innodb-recovery-modes/ for information about forcing recovery.
2026-06-08 17:25:16 0 [ERROR] InnoDB: Page [page id: space=0, page number=368] log sequence number 365041 is in the future! Current system log sequence number 306541.
2026-06-08 17:25:16 0 [ERROR] InnoDB: Your database may be corrupt or you may have copied the InnoDB tablespace but not the InnoDB log files. Please refer to https://mariadb.com/kb/en/library/innodb-recovery-modes/ for information about forcing recovery.
2026-06-08 17:25:16 0 [ERROR] InnoDB: Page [page id: space=0, page number=232] log sequence number 365101 is in the future! Current system log sequence number 306541.
2026-06-08 17:25:16 0 [ERROR] InnoDB: Your database may be corrupt or you may have copied the InnoDB tablespace but not the InnoDB log files. Please refer to https://mariadb.com/kb/en/library/innodb-recovery-modes/ for information about forcing recovery.
2026-06-08 17:25:16 0 [ERROR] InnoDB: Page [page id: space=0, page number=373] log sequence number 365101 is in the future! Current system log sequence number 306541.
2026-06-08 17:25:16 0 [ERROR] InnoDB: Your database may be corrupt or you may have copied the InnoDB tablespace but not the InnoDB log files. Please refer to https://mariadb.com/kb/en/library/innodb-recovery-modes/ for information about forcing recovery.
2026-06-08 17:25:16 0 [ERROR] InnoDB: Page [page id: space=0, page number=233] log sequence number 365145 is in the future! Current system log sequence number 306541.
2026-06-08 17:25:16 0 [ERROR] InnoDB: Your database may be corrupt or you may have copied the InnoDB tablespace but not the InnoDB log files. Please refer to https://mariadb.com/kb/en/library/innodb-recovery-modes/ for information about forcing recovery.
2026-06-08 17:25:16 0 [ERROR] InnoDB: Page [page id: space=0, page number=374] log sequence number 365145 is in the future! Current system log sequence number 306541.
2026-06-08 17:25:16 0 [ERROR] InnoDB: Your database may be corrupt or you may have copied the InnoDB tablespace but not the InnoDB log files. Please refer to https://mariadb.com/kb/en/library/innodb-recovery-modes/ for information about forcing recovery.
2026-06-08 17:25:16 0 [ERROR] InnoDB: Page [page id: space=0, page number=234] log sequence number 365189 is in the future! Current system log sequence number 306541.
2026-06-08 17:25:16 0 [ERROR] InnoDB: Your database may be corrupt or you may have copied the InnoDB tablespace but not the InnoDB log files. Please refer to https://mariadb.com/kb/en/library/innodb-recovery-modes/ for information about forcing recovery.
2026-06-08 17:25:16 0 [ERROR] InnoDB: Page [page id: space=0, page number=375] log sequence number 365189 is in the future! Current system log sequence number 306541.
2026-06-08 17:25:16 0 [ERROR] InnoDB: Your database may be corrupt or you may have copied the InnoDB tablespace but not the InnoDB log files. Please refer to https://mariadb.com/kb/en/library/innodb-recovery-modes/ for information about forcing recovery.
2026-06-08 17:25:16 0 [ERROR] InnoDB: Page [page id: space=0, page number=235] log sequence number 365233 is in the future! Current system log sequence number 306541.
2026-06-08 17:25:16 0 [ERROR] InnoDB: Your database may be corrupt or you may have copied the InnoDB tablespace but not the InnoDB log files. Please refer to https://mariadb.com/kb/en/library/innodb-recovery-modes/ for information about forcing recovery.
2026-06-08 17:25:16 0 [ERROR] InnoDB: Page [page id: space=0, page number=376] log sequence number 365233 is in the future! Current system log sequence number 306541.
2026-06-08 17:25:16 0 [ERROR] InnoDB: Your database may be corrupt or you may have copied the InnoDB tablespace but not the InnoDB log files. Please refer to https://mariadb.com/kb/en/library/innodb-recovery-modes/ for information about forcing recovery.
2026-06-08 17:25:16 0 [ERROR] InnoDB: Page [page id: space=0, page number=236] log sequence number 365277 is in the future! Current system log sequence number 306541.
2026-06-08 17:25:16 0 [ERROR] InnoDB: Your database may be corrupt or you may have copied the InnoDB tablespace but not the InnoDB log files. Please refer to https://mariadb.com/kb/en/library/innodb-recovery-modes/ for information about forcing recovery.
2026-06-08 17:25:16 0 [ERROR] InnoDB: Page [page id: space=0, page number=431] log sequence number 365277 is in the future! Current system log sequence number 306541.
2026-06-08 17:25:16 0 [ERROR] InnoDB: Your database may be corrupt or you may have copied the InnoDB tablespace but not the InnoDB log files. Please refer to https://mariadb.com/kb/en/library/innodb-recovery-modes/ for information about forcing recovery.
2026-06-08 17:25:16 0 [ERROR] InnoDB: Page [page id: space=0, page number=237] log sequence number 365321 is in the future! Current system log sequence number 306541.
2026-06-08 17:25:16 0 [ERROR] InnoDB: Your database may be corrupt or you may have copied the InnoDB tablespace but not the InnoDB log files. Please refer to https://mariadb.com/kb/en/library/innodb-recovery-modes/ for information about forcing recovery.
2026-06-08 17:25:16 0 [ERROR] InnoDB: Page [page id: space=0, page number=377] log sequence number 365321 is in the future! Current system log sequence number 306541.
2026-06-08 17:25:16 0 [ERROR] InnoDB: Your database may be corrupt or you may have copied the InnoDB tablespace but not the InnoDB log files. Please refer to https://mariadb.com/kb/en/library/innodb-recovery-modes/ for information about forcing recovery.
2026-06-08 17:25:16 0 [ERROR] InnoDB: Page [page id: space=0, page number=238] log sequence number 365365 is in the future! Current system log sequence number 306541.
2026-06-08 17:25:16 0 [ERROR] InnoDB: Your database may be corrupt or you may have copied the InnoDB tablespace but not the InnoDB log files. Please refer to https://mariadb.com/kb/en/library/innodb-recovery-modes/ for information about forcing recovery.
2026-06-08 17:25:16 0 [ERROR] InnoDB: Page [page id: space=0, page number=378] log sequence number 365365 is in the future! Current system log sequence number 306541.
2026-06-08 17:25:16 0 [ERROR] InnoDB: Your database may be corrupt or you may have copied the InnoDB tablespace but not the InnoDB log files. Please refer to https://mariadb.com/kb/en/library/innodb-recovery-modes/ for information about forcing recovery.
2026-06-08 17:25:16 0 [ERROR] InnoDB: Page [page id: space=0, page number=239] log sequence number 370749 is in the future! Current system log sequence number 306541.
2026-06-08 17:25:16 0 [ERROR] InnoDB: Your database may be corrupt or you may have copied the InnoDB tablespace but not the InnoDB log files. Please refer to https://mariadb.com/kb/en/library/innodb-recovery-modes/ for information about forcing recovery.
2026-06-08 17:25:16 0 [ERROR] InnoDB: Page [page id: space=0, page number=379] log sequence number 370749 is in the future! Current system log sequence number 306541.
2026-06-08 17:25:16 0 [ERROR] InnoDB: Your database may be corrupt or you may have copied the InnoDB tablespace but not the InnoDB log files. Please refer to https://mariadb.com/kb/en/library/innodb-recovery-modes/ for information about forcing recovery.
2026-06-08 17:25:16 0 [ERROR] InnoDB: Page [page id: space=0, page number=240] log sequence number 370793 is in the future! Current system log sequence number 306541.
2026-06-08 17:25:16 0 [ERROR] InnoDB: Your database may be corrupt or you may have copied the InnoDB tablespace but not the InnoDB log files. Please refer to https://mariadb.com/kb/en/library/innodb-recovery-modes/ for information about forcing recovery.
2026-06-08 17:25:16 0 [ERROR] InnoDB: Page [page id: space=0, page number=369] log sequence number 370793 is in the future! Current system log sequence number 306541.
2026-06-08 17:25:16 0 [ERROR] InnoDB: Your database may be corrupt or you may have copied the InnoDB tablespace but not the InnoDB log files. Please refer to https://mariadb.com/kb/en/library/innodb-recovery-modes/ for information about forcing recovery.
2026-06-08 17:25:16 0 [ERROR] InnoDB: Page [page id: space=0, page number=241] log sequence number 370837 is in the future! Current system log sequence number 306541.
2026-06-08 17:25:16 0 [ERROR] InnoDB: Your database may be corrupt or you may have copied the InnoDB tablespace but not the InnoDB log files. Please refer to https://mariadb.com/kb/en/library/innodb-recovery-modes/ for information about forcing recovery.
2026-06-08 17:25:16 0 [ERROR] InnoDB: Page [page id: space=0, page number=380] log sequence number 370837 is in the future! Current system log sequence number 306541.
2026-06-08 17:25:16 0 [ERROR] InnoDB: Your database may be corrupt or you may have copied the InnoDB tablespace but not the InnoDB log files. Please refer to https://mariadb.com/kb/en/library/innodb-recovery-modes/ for information about forcing recovery.
2026-06-08 17:25:16 0 [ERROR] InnoDB: Page [page id: space=0, page number=242] log sequence number 370881 is in the future! Current system log sequence number 306541.
2026-06-08 17:25:16 0 [ERROR] InnoDB: Your database may be corrupt or you may have copied the InnoDB tablespace but not the InnoDB log files. Please refer to https://mariadb.com/kb/en/library/innodb-recovery-modes/ for information about forcing recovery.
2026-06-08 17:25:16 0 [ERROR] InnoDB: Page [page id: space=0, page number=381] log sequence number 370881 is in the future! Current system log sequence number 306541.
2026-06-08 17:25:16 0 [ERROR] InnoDB: Your database may be corrupt or you may have copied the InnoDB tablespace but not the InnoDB log files. Please refer to https://mariadb.com/kb/en/library/innodb-recovery-modes/ for information about forcing recovery.
2026-06-08 17:25:16 0 [ERROR] InnoDB: Page [page id: space=0, page number=244] log sequence number 370925 is in the future! Current system log sequence number 306541.
2026-06-08 17:25:16 0 [ERROR] InnoDB: Your database may be corrupt or you may have copied the InnoDB tablespace but not the InnoDB log files. Please refer to https://mariadb.com/kb/en/library/innodb-recovery-modes/ for information about forcing recovery.
2026-06-08 17:25:16 0 [ERROR] InnoDB: Page [page id: space=0, page number=384] log sequence number 370925 is in the future! Current system log sequence number 306541.
2026-06-08 17:25:16 0 [ERROR] InnoDB: Your database may be corrupt or you may have copied the InnoDB tablespace but not the InnoDB log files. Please refer to https://mariadb.com/kb/en/library/innodb-recovery-modes/ for information about forcing recovery.
2026-06-08 17:25:16 0 [ERROR] InnoDB: Page [page id: space=0, page number=245] log sequence number 370969 is in the future! Current system log sequence number 306541.
2026-06-08 17:25:16 0 [ERROR] InnoDB: Your database may be corrupt or you may have copied the InnoDB tablespace but not the InnoDB log files. Please refer to https://mariadb.com/kb/en/library/innodb-recovery-modes/ for information about forcing recovery.
2026-06-08 17:25:16 0 [ERROR] InnoDB: Page [page id: space=0, page number=382] log sequence number 370969 is in the future! Current system log sequence number 306541.
2026-06-08 17:25:16 0 [ERROR] InnoDB: Your database may be corrupt or you may have copied the InnoDB tablespace but not the InnoDB log files. Please refer to https://mariadb.com/kb/en/library/innodb-recovery-modes/ for information about forcing recovery.
2026-06-08 17:25:16 0 [ERROR] InnoDB: Page [page id: space=0, page number=246] log sequence number 371013 is in the future! Current system log sequence number 306541.
2026-06-08 17:25:16 0 [ERROR] InnoDB: Your database may be corrupt or you may have copied the InnoDB tablespace but not the InnoDB log files. Please refer to https://mariadb.com/kb/en/library/innodb-recovery-modes/ for information about forcing recovery.
2026-06-08 17:25:16 0 [ERROR] InnoDB: Page [page id: space=0, page number=383] log sequence number 371013 is in the future! Current system log sequence number 306541.
2026-06-08 17:25:16 0 [ERROR] InnoDB: Your database may be corrupt or you may have copied the InnoDB tablespace but not the InnoDB log files. Please refer to https://mariadb.com/kb/en/library/innodb-recovery-modes/ for information about forcing recovery.
2026-06-08 17:25:16 0 [ERROR] InnoDB: Page [page id: space=0, page number=247] log sequence number 371057 is in the future! Current system log sequence number 306541.
2026-06-08 17:25:16 0 [ERROR] InnoDB: Your database may be corrupt or you may have copied the InnoDB tablespace but not the InnoDB log files. Please refer to https://mariadb.com/kb/en/library/innodb-recovery-modes/ for information about forcing recovery.
2026-06-08 17:25:16 0 [ERROR] InnoDB: Page [page id: space=0, page number=432] log sequence number 371057 is in the future! Current system log sequence number 306541.
2026-06-08 17:25:16 0 [ERROR] InnoDB: Your database may be corrupt or you may have copied the InnoDB tablespace but not the InnoDB log files. Please refer to https://mariadb.com/kb/en/library/innodb-recovery-modes/ for information about forcing recovery.
2026-06-08 17:25:16 0 [ERROR] InnoDB: Page [page id: space=0, page number=248] log sequence number 371101 is in the future! Current system log sequence number 306541.
2026-06-08 17:25:16 0 [ERROR] InnoDB: Your database may be corrupt or you may have copied the InnoDB tablespace but not the InnoDB log files. Please refer to https://mariadb.com/kb/en/library/innodb-recovery-modes/ for information about forcing recovery.
2026-06-08 17:25:16 0 [ERROR] InnoDB: Page [page id: space=0, page number=385] log sequence number 371101 is in the future! Current system log sequence number 306541.
2026-06-08 17:25:16 0 [ERROR] InnoDB: Your database may be corrupt or you may have copied the InnoDB tablespace but not the InnoDB log files. Please refer to https://mariadb.com/kb/en/library/innodb-recovery-modes/ for information about forcing recovery.
2026-06-08 17:25:16 0 [ERROR] InnoDB: Page [page id: space=0, page number=249] log sequence number 376354 is in the future! Current system log sequence number 306541.
2026-06-08 17:25:16 0 [ERROR] InnoDB: Your database may be corrupt or you may have copied the InnoDB tablespace but not the InnoDB log files. Please refer to https://mariadb.com/kb/en/library/innodb-recovery-modes/ for information about forcing recovery.
2026-06-08 17:25:16 0 [ERROR] InnoDB: Page [page id: space=0, page number=370] log sequence number 376354 is in the future! Current system log sequence number 306541.
2026-06-08 17:25:16 0 [ERROR] InnoDB: Your database may be corrupt or you may have copied the InnoDB tablespace but not the InnoDB log files. Please refer to https://mariadb.com/kb/en/library/innodb-recovery-modes/ for information about forcing recovery.
2026-06-08 17:25:16 0 [ERROR] InnoDB: Page [page id: space=0, page number=250] log sequence number 376398 is in the future! Current system log sequence number 306541.
2026-06-08 17:25:16 0 [ERROR] InnoDB: Your database may be corrupt or you may have copied the InnoDB tablespace but not the InnoDB log files. Please refer to https://mariadb.com/kb/en/library/innodb-recovery-modes/ for information about forcing recovery.
2026-06-08 17:25:16 0 [ERROR] InnoDB: Page [page id: space=0, page number=371] log sequence number 376398 is in the future! Current system log sequence number 306541.
2026-06-08 17:25:16 0 [ERROR] InnoDB: Your database may be corrupt or you may have copied the InnoDB tablespace but not the InnoDB log files. Please refer to https://mariadb.com/kb/en/library/innodb-recovery-modes/ for information about forcing recovery.
2026-06-08 17:25:16 0 [ERROR] InnoDB: Page [page id: space=0, page number=251] log sequence number 376442 is in the future! Current system log sequence number 306541.
2026-06-08 17:25:16 0 [ERROR] InnoDB: Your database may be corrupt or you may have copied the InnoDB tablespace but not the InnoDB log files. Please refer to https://mariadb.com/kb/en/library/innodb-recovery-modes/ for information about forcing recovery.
2026-06-08 17:25:16 0 [ERROR] InnoDB: Page [page id: space=0, page number=386] log sequence number 376442 is in the future! Current system log sequence number 306541.
2026-06-08 17:25:16 0 [ERROR] InnoDB: Your database may be corrupt or you may have copied the InnoDB tablespace but not the InnoDB log files. Please refer to https://mariadb.com/kb/en/library/innodb-recovery-modes/ for information about forcing recovery.
2026-06-08 17:25:16 0 [ERROR] InnoDB: Page [page id: space=0, page number=252] log sequence number 376486 is in the future! Current system log sequence number 306541.
2026-06-08 17:25:16 0 [ERROR] InnoDB: Your database may be corrupt or you may have copied the InnoDB tablespace but not the InnoDB log files. Please refer to https://mariadb.com/kb/en/library/innodb-recovery-modes/ for information about forcing recovery.
2026-06-08 17:25:16 0 [ERROR] InnoDB: Page [page id: space=0, page number=387] log sequence number 376486 is in the future! Current system log sequence number 306541.
2026-06-08 17:25:16 0 [ERROR] InnoDB: Your database may be corrupt or you may have copied the InnoDB tablespace but not the InnoDB log files. Please refer to https://mariadb.com/kb/en/library/innodb-recovery-modes/ for information about forcing recovery.
2026-06-08 17:25:16 0 [ERROR] InnoDB: Page [page id: space=0, page number=253] log sequence number 376530 is in the future! Current system log sequence number 306541.
2026-06-08 17:25:16 0 [ERROR] InnoDB: Your database may be corrupt or you may have copied the InnoDB tablespace but not the InnoDB log files. Please refer to https://mariadb.com/kb/en/library/innodb-recovery-modes/ for information about forcing recovery.
2026-06-08 17:25:16 0 [ERROR] InnoDB: Page [page id: space=0, page number=372] log sequence number 376530 is in the future! Current system log sequence number 306541.
2026-06-08 17:25:16 0 [ERROR] InnoDB: Your database may be corrupt or you may have copied the InnoDB tablespace but not the InnoDB log files. Please refer to https://mariadb.com/kb/en/library/innodb-recovery-modes/ for information about forcing recovery.
2026-06-08 17:25:16 0 [ERROR] InnoDB: Page [page id: space=0, page number=254] log sequence number 376574 is in the future! Current system log sequence number 306541.
2026-06-08 17:25:16 0 [ERROR] InnoDB: Your database may be corrupt or you may have copied the InnoDB tablespace but not the InnoDB log files. Please refer to https://mariadb.com/kb/en/library/innodb-recovery-modes/ for information about forcing recovery.
2026-06-08 17:25:16 0 [ERROR] InnoDB: Page [page id: space=0, page number=388] log sequence number 376574 is in the future! Current system log sequence number 306541.
2026-06-08 17:25:16 0 [ERROR] InnoDB: Your database may be corrupt or you may have copied the InnoDB tablespace but not the InnoDB log files. Please refer to https://mariadb.com/kb/en/library/innodb-recovery-modes/ for information about forcing recovery.
2026-06-08 17:25:16 0 [ERROR] InnoDB: Page [page id: space=0, page number=255] log sequence number 376618 is in the future! Current system log sequence number 306541.
2026-06-08 17:25:16 0 [ERROR] InnoDB: Your database may be corrupt or you may have copied the InnoDB tablespace but not the InnoDB log files. Please refer to https://mariadb.com/kb/en/library/innodb-recovery-modes/ for information about forcing recovery.
2026-06-08 17:25:16 0 [ERROR] InnoDB: Page [page id: space=0, page number=389] log sequence number 376618 is in the future! Current system log sequence number 306541.
2026-06-08 17:25:16 0 [ERROR] InnoDB: Your database may be corrupt or you may have copied the InnoDB tablespace but not the InnoDB log files. Please refer to https://mariadb.com/kb/en/library/innodb-recovery-modes/ for information about forcing recovery.
2026-06-08 17:25:16 0 [ERROR] InnoDB: Page [page id: space=0, page number=256] log sequence number 376662 is in the future! Current system log sequence number 306541.
2026-06-08 17:25:16 0 [ERROR] InnoDB: Your database may be corrupt or you may have copied the InnoDB tablespace but not the InnoDB log files. Please refer to https://mariadb.com/kb/en/library/innodb-recovery-modes/ for information about forcing recovery.
2026-06-08 17:25:16 0 [ERROR] InnoDB: Page [page id: space=0, page number=390] log sequence number 376662 is in the future! Current system log sequence number 306541.
2026-06-08 17:25:16 0 [ERROR] InnoDB: Your database may be corrupt or you may have copied the InnoDB tablespace but not the InnoDB log files. Please refer to https://mariadb.com/kb/en/library/innodb-recovery-modes/ for information about forcing recovery.
2026-06-08 17:25:16 0 [ERROR] InnoDB: Page [page id: space=0, page number=257] log sequence number 376706 is in the future! Current system log sequence number 306541.
2026-06-08 17:25:16 0 [ERROR] InnoDB: Your database may be corrupt or you may have copied the InnoDB tablespace but not the InnoDB log files. Please refer to https://mariadb.com/kb/en/library/innodb-recovery-modes/ for information about forcing recovery.
2026-06-08 17:25:16 0 [ERROR] InnoDB: Page [page id: space=0, page number=391] log sequence number 376706 is in the future! Current system log sequence number 306541.
2026-06-08 17:25:16 0 [ERROR] InnoDB: Your database may be corrupt or you may have copied the InnoDB tablespace but not the InnoDB log files. Please refer to https://mariadb.com/kb/en/library/innodb-recovery-modes/ for information about forcing recovery.
2026-06-08 17:25:16 0 [ERROR] InnoDB: Page [page id: space=0, page number=258] log sequence number 382629 is in the future! Current system log sequence number 306541.
2026-06-08 17:25:16 0 [ERROR] InnoDB: Your database may be corrupt or you may have copied the InnoDB tablespace but not the InnoDB log files. Please refer to https://mariadb.com/kb/en/library/innodb-recovery-modes/ for information about forcing recovery.
2026-06-08 17:25:16 0 [ERROR] InnoDB: Page [page id: space=0, page number=392] log sequence number 382629 is in the future! Current system log sequence number 306541.
2026-06-08 17:25:16 0 [ERROR] InnoDB: Your database may be corrupt or you may have copied the InnoDB tablespace but not the InnoDB log files. Please refer to https://mariadb.com/kb/en/library/innodb-recovery-modes/ for information about forcing recovery.
2026-06-08 17:25:16 0 [ERROR] InnoDB: Page [page id: space=0, page number=259] log sequence number 382673 is in the future! Current system log sequence number 306541.
2026-06-08 17:25:16 0 [ERROR] InnoDB: Your database may be corrupt or you may have copied the InnoDB tablespace but not the InnoDB log files. Please refer to https://mariadb.com/kb/en/library/innodb-recovery-modes/ for information about forcing recovery.
2026-06-08 17:25:16 0 [ERROR] InnoDB: Page [page id: space=0, page number=393] log sequence number 382673 is in the future! Current system log sequence number 306541.
2026-06-08 17:25:16 0 [ERROR] InnoDB: Your database may be corrupt or you may have copied the InnoDB tablespace but not the InnoDB log files. Please refer to https://mariadb.com/kb/en/library/innodb-recovery-modes/ for information about forcing recovery.
2026-06-08 17:25:16 0 [ERROR] InnoDB: Page [page id: space=0, page number=260] log sequence number 382717 is in the future! Current system log sequence number 306541.
2026-06-08 17:25:16 0 [ERROR] InnoDB: Your database may be corrupt or you may have copied the InnoDB tablespace but not the InnoDB log files. Please refer to https://mariadb.com/kb/en/library/innodb-recovery-modes/ for information about forcing recovery.
2026-06-08 17:25:16 0 [ERROR] InnoDB: Page [page id: space=0, page number=396] log sequence number 382717 is in the future! Current system log sequence number 306541.
2026-06-08 17:25:16 0 [ERROR] InnoDB: Your database may be corrupt or you may have copied the InnoDB tablespace but not the InnoDB log files. Please refer to https://mariadb.com/kb/en/library/innodb-recovery-modes/ for information about forcing recovery.
2026-06-08 17:25:16 0 [ERROR] InnoDB: Page [page id: space=0, page number=261] log sequence number 382761 is in the future! Current system log sequence number 306541.
2026-06-08 17:25:16 0 [ERROR] InnoDB: Your database may be corrupt or you may have copied the InnoDB tablespace but not the InnoDB log files. Please refer to https://mariadb.com/kb/en/library/innodb-recovery-modes/ for information about forcing recovery.
2026-06-08 17:25:16 0 [ERROR] InnoDB: Page [page id: space=0, page number=394] log sequence number 382761 is in the future! Current system log sequence number 306541.
2026-06-08 17:25:16 0 [ERROR] InnoDB: Your database may be corrupt or you may have copied the InnoDB tablespace but not the InnoDB log files. Please refer to https://mariadb.com/kb/en/library/innodb-recovery-modes/ for information about forcing recovery.
2026-06-08 17:25:16 0 [ERROR] InnoDB: Page [page id: space=0, page number=262] log sequence number 382805 is in the future! Current system log sequence number 306541.
2026-06-08 17:25:16 0 [ERROR] InnoDB: Your database may be corrupt or you may have copied the InnoDB tablespace but not the InnoDB log files. Please refer to https://mariadb.com/kb/en/library/innodb-recovery-modes/ for information about forcing recovery.
2026-06-08 17:25:16 0 [ERROR] InnoDB: Page [page id: space=0, page number=395] log sequence number 382805 is in the future! Current system log sequence number 306541.
2026-06-08 17:25:16 0 [ERROR] InnoDB: Your database may be corrupt or you may have copied the InnoDB tablespace but not the InnoDB log files. Please refer to https://mariadb.com/kb/en/library/innodb-recovery-modes/ for information about forcing recovery.
2026-06-08 17:25:16 0 [ERROR] InnoDB: Page [page id: space=0, page number=263] log sequence number 382849 is in the future! Current system log sequence number 306541.
2026-06-08 17:25:16 0 [ERROR] InnoDB: Your database may be corrupt or you may have copied the InnoDB tablespace but not the InnoDB log files. Please refer to https://mariadb.com/kb/en/library/innodb-recovery-modes/ for information about forcing recovery.
2026-06-08 17:25:16 0 [ERROR] InnoDB: Page [page id: space=0, page number=433] log sequence number 382849 is in the future! Current system log sequence number 306541.
2026-06-08 17:25:16 0 [ERROR] InnoDB: Your database may be corrupt or you may have copied the InnoDB tablespace but not the InnoDB log files. Please refer to https://mariadb.com/kb/en/library/innodb-recovery-modes/ for information about forcing recovery.
2026-06-08 17:25:16 0 [ERROR] InnoDB: Page [page id: space=0, page number=264] log sequence number 382893 is in the future! Current system log sequence number 306541.
2026-06-08 17:25:16 0 [ERROR] InnoDB: Your database may be corrupt or you may have copied the InnoDB tablespace but not the InnoDB log files. Please refer to https://mariadb.com/kb/en/library/innodb-recovery-modes/ for information about forcing recovery.
2026-06-08 17:25:16 0 [ERROR] InnoDB: Page [page id: space=0, page number=397] log sequence number 382893 is in the future! Current system log sequence number 306541.
2026-06-08 17:25:16 0 [ERROR] InnoDB: Your database may be corrupt or you may have copied the InnoDB tablespace but not the InnoDB log files. Please refer to https://mariadb.com/kb/en/library/innodb-recovery-modes/ for information about forcing recovery.
2026-06-08 17:25:16 0 [ERROR] InnoDB: Page [page id: space=0, page number=265] log sequence number 382937 is in the future! Current system log sequence number 306541.
2026-06-08 17:25:16 0 [ERROR] InnoDB: Your database may be corrupt or you may have copied the InnoDB tablespace but not the InnoDB log files. Please refer to https://mariadb.com/kb/en/library/innodb-recovery-modes/ for information about forcing recovery.
2026-06-08 17:25:16 0 [ERROR] InnoDB: Page [page id: space=0, page number=398] log sequence number 382937 is in the future! Current system log sequence number 306541.
2026-06-08 17:25:16 0 [ERROR] InnoDB: Your database may be corrupt or you may have copied the InnoDB tablespace but not the InnoDB log files. Please refer to https://mariadb.com/kb/en/library/innodb-recovery-modes/ for information about forcing recovery.
2026-06-08 17:25:16 0 [ERROR] InnoDB: Page [page id: space=0, page number=266] log sequence number 382997 is in the future! Current system log sequence number 306541.
2026-06-08 17:25:16 0 [ERROR] InnoDB: Your database may be corrupt or you may have copied the InnoDB tablespace but not the InnoDB log files. Please refer to https://mariadb.com/kb/en/library/innodb-recovery-modes/ for information about forcing recovery.
2026-06-08 17:25:16 0 [ERROR] InnoDB: Page [page id: space=0, page number=434] log sequence number 382997 is in the future! Current system log sequence number 306541.
2026-06-08 17:25:16 0 [ERROR] InnoDB: Your database may be corrupt or you may have copied the InnoDB tablespace but not the InnoDB log files. Please refer to https://mariadb.com/kb/en/library/innodb-recovery-modes/ for information about forcing recovery.
2026-06-08 17:25:16 0 [ERROR] InnoDB: Page [page id: space=0, page number=269] log sequence number 359334 is in the future! Current system log sequence number 306541.
2026-06-08 17:25:16 0 [ERROR] InnoDB: Your database may be corrupt or you may have copied the InnoDB tablespace but not the InnoDB log files. Please refer to https://mariadb.com/kb/en/library/innodb-recovery-modes/ for information about forcing recovery.
2026-06-08 17:25:16 0 [ERROR] InnoDB: Page [page id: space=0, page number=400] log sequence number 359334 is in the future! Current system log sequence number 306541.
2026-06-08 17:25:16 0 [ERROR] InnoDB: Your database may be corrupt or you may have copied the InnoDB tablespace but not the InnoDB log files. Please refer to https://mariadb.com/kb/en/library/innodb-recovery-modes/ for information about forcing recovery.
2026-06-08 17:25:16 0 [ERROR] InnoDB: Page [page id: space=0, page number=270] log sequence number 359378 is in the future! Current system log sequence number 306541.
2026-06-08 17:25:16 0 [ERROR] InnoDB: Your database may be corrupt or you may have copied the InnoDB tablespace but not the InnoDB log files. Please refer to https://mariadb.com/kb/en/library/innodb-recovery-modes/ for information about forcing recovery.
2026-06-08 17:25:16 0 [ERROR] InnoDB: Page [page id: space=0, page number=401] log sequence number 359378 is in the future! Current system log sequence number 306541.
2026-06-08 17:25:16 0 [ERROR] InnoDB: Your database may be corrupt or you may have copied the InnoDB tablespace but not the InnoDB log files. Please refer to https://mariadb.com/kb/en/library/innodb-recovery-modes/ for information about forcing recovery.
2026-06-08 17:25:16 0 [ERROR] InnoDB: Page [page id: space=0, page number=271] log sequence number 360018 is in the future! Current system log sequence number 306541.
2026-06-08 17:25:16 0 [ERROR] InnoDB: Your database may be corrupt or you may have copied the InnoDB tablespace but not the InnoDB log files. Please refer to https://mariadb.com/kb/en/library/innodb-recovery-modes/ for information about forcing recovery.
2026-06-08 17:25:16 0 [ERROR] InnoDB: Page [page id: space=0, page number=402] log sequence number 360018 is in the future! Current system log sequence number 306541.
2026-06-08 17:25:16 0 [ERROR] InnoDB: Your database may be corrupt or you may have copied the InnoDB tablespace but not the InnoDB log files. Please refer to https://mariadb.com/kb/en/library/innodb-recovery-modes/ for information about forcing recovery.
2026-06-08 17:25:16 0 [ERROR] InnoDB: Page [page id: space=0, page number=273] log sequence number 373289 is in the future! Current system log sequence number 306541.
2026-06-08 17:25:16 0 [ERROR] InnoDB: Your database may be corrupt or you may have copied the InnoDB tablespace but not the InnoDB log files. Please refer to https://mariadb.com/kb/en/library/innodb-recovery-modes/ for information about forcing recovery.
2026-06-08 17:25:16 0 [ERROR] InnoDB: Page [page id: space=0, page number=403] log sequence number 373289 is in the future! Current system log sequence number 306541.
2026-06-08 17:25:16 0 [ERROR] InnoDB: Your database may be corrupt or you may have copied the InnoDB tablespace but not the InnoDB log files. Please refer to https://mariadb.com/kb/en/library/innodb-recovery-modes/ for information about forcing recovery.
2026-06-08 17:25:16 0 [ERROR] InnoDB: Page [page id: space=0, page number=275] log sequence number 373333 is in the future! Current system log sequence number 306541.
2026-06-08 17:25:16 0 [ERROR] InnoDB: Your database may be corrupt or you may have copied the InnoDB tablespace but not the InnoDB log files. Please refer to https://mariadb.com/kb/en/library/innodb-recovery-modes/ for information about forcing recovery.
2026-06-08 17:25:16 0 [ERROR] InnoDB: Page [page id: space=0, page number=404] log sequence number 373333 is in the future! Current system log sequence number 306541.
2026-06-08 17:25:16 0 [ERROR] InnoDB: Your database may be corrupt or you may have copied the InnoDB tablespace but not the InnoDB log files. Please refer to https://mariadb.com/kb/en/library/innodb-recovery-modes/ for information about forcing recovery.
2026-06-08 17:25:16 0 [ERROR] InnoDB: Page [page id: space=0, page number=276] log sequence number 373377 is in the future! Current system log sequence number 306541.
2026-06-08 17:25:16 0 [ERROR] InnoDB: Your database may be corrupt or you may have copied the InnoDB tablespace but not the InnoDB log files. Please refer to https://mariadb.com/kb/en/library/innodb-recovery-modes/ for information about forcing recovery.
2026-06-08 17:25:16 0 [ERROR] InnoDB: Page [page id: space=0, page number=405] log sequence number 373377 is in the future! Current system log sequence number 306541.
2026-06-08 17:25:16 0 [ERROR] InnoDB: Your database may be corrupt or you may have copied the InnoDB tablespace but not the InnoDB log files. Please refer to https://mariadb.com/kb/en/library/innodb-recovery-modes/ for information about forcing recovery.
2026-06-08 17:25:16 0 [ERROR] InnoDB: Page [page id: space=0, page number=277] log sequence number 373421 is in the future! Current system log sequence number 306541.
2026-06-08 17:25:16 0 [ERROR] InnoDB: Your database may be corrupt or you may have copied the InnoDB tablespace but not the InnoDB log files. Please refer to https://mariadb.com/kb/en/library/innodb-recovery-modes/ for information about forcing recovery.
2026-06-08 17:25:16 0 [ERROR] InnoDB: Page [page id: space=0, page number=406] log sequence number 373421 is in the future! Current system log sequence number 306541.
2026-06-08 17:25:16 0 [ERROR] InnoDB: Your database may be corrupt or you may have copied the InnoDB tablespace but not the InnoDB log files. Please refer to https://mariadb.com/kb/en/library/innodb-recovery-modes/ for information about forcing recovery.
2026-06-08 17:25:16 0 [ERROR] InnoDB: Page [page id: space=0, page number=278] log sequence number 373465 is in the future! Current system log sequence number 306541.
2026-06-08 17:25:16 0 [ERROR] InnoDB: Your database may be corrupt or you may have copied the InnoDB tablespace but not the InnoDB log files. Please refer to https://mariadb.com/kb/en/library/innodb-recovery-modes/ for information about forcing recovery.
2026-06-08 17:25:16 0 [ERROR] InnoDB: Page [page id: space=0, page number=407] log sequence number 373465 is in the future! Current system log sequence number 306541.
2026-06-08 17:25:16 0 [ERROR] InnoDB: Your database may be corrupt or you may have copied the InnoDB tablespace but not the InnoDB log files. Please refer to https://mariadb.com/kb/en/library/innodb-recovery-modes/ for information about forcing recovery.
2026-06-08 17:25:16 0 [ERROR] InnoDB: Page [page id: space=0, page number=279] log sequence number 373509 is in the future! Current system log sequence number 306541.
2026-06-08 17:25:16 0 [ERROR] InnoDB: Your database may be corrupt or you may have copied the InnoDB tablespace but not the InnoDB log files. Please refer to https://mariadb.com/kb/en/library/innodb-recovery-modes/ for information about forcing recovery.
2026-06-08 17:25:16 0 [ERROR] InnoDB: Page [page id: space=0, page number=409] log sequence number 373509 is in the future! Current system log sequence number 306541.
2026-06-08 17:25:16 0 [ERROR] InnoDB: Your database may be corrupt or you may have copied the InnoDB tablespace but not the InnoDB log files. Please refer to https://mariadb.com/kb/en/library/innodb-recovery-modes/ for information about forcing recovery.
2026-06-08 17:25:16 0 [ERROR] InnoDB: Page [page id: space=0, page number=280] log sequence number 373553 is in the future! Current system log sequence number 306541.
2026-06-08 17:25:16 0 [ERROR] InnoDB: Your database may be corrupt or you may have copied the InnoDB tablespace but not the InnoDB log files. Please refer to https://mariadb.com/kb/en/library/innodb-recovery-modes/ for information about forcing recovery.
2026-06-08 17:25:16 0 [ERROR] InnoDB: Page [page id: space=0, page number=410] log sequence number 373553 is in the future! Current system log sequence number 306541.
2026-06-08 17:25:16 0 [ERROR] InnoDB: Your database may be corrupt or you may have copied the InnoDB tablespace but not the InnoDB log files. Please refer to https://mariadb.com/kb/en/library/innodb-recovery-modes/ for information about forcing recovery.
2026-06-08 17:25:16 0 [ERROR] InnoDB: Page [page id: space=0, page number=281] log sequence number 373597 is in the future! Current system log sequence number 306541.
2026-06-08 17:25:16 0 [ERROR] InnoDB: Your database may be corrupt or you may have copied the InnoDB tablespace but not the InnoDB log files. Please refer to https://mariadb.com/kb/en/library/innodb-recovery-modes/ for information about forcing recovery.
2026-06-08 17:25:16 0 [ERROR] InnoDB: Page [page id: space=0, page number=411] log sequence number 373597 is in the future! Current system log sequence number 306541.
2026-06-08 17:25:16 0 [ERROR] InnoDB: Your database may be corrupt or you may have copied the InnoDB tablespace but not the InnoDB log files. Please refer to https://mariadb.com/kb/en/library/innodb-recovery-modes/ for information about forcing recovery.
2026-06-08 17:25:16 0 [ERROR] InnoDB: Page [page id: space=0, page number=282] log sequence number 373641 is in the future! Current system log sequence number 306541.
2026-06-08 17:25:16 0 [ERROR] InnoDB: Your database may be corrupt or you may have copied the InnoDB tablespace but not the InnoDB log files. Please refer to https://mariadb.com/kb/en/library/innodb-recovery-modes/ for information about forcing recovery.
2026-06-08 17:25:16 0 [ERROR] InnoDB: Page [page id: space=0, page number=412] log sequence number 373641 is in the future! Current system log sequence number 306541.
2026-06-08 17:25:16 0 [ERROR] InnoDB: Your database may be corrupt or you may have copied the InnoDB tablespace but not the InnoDB log files. Please refer to https://mariadb.com/kb/en/library/innodb-recovery-modes/ for information about forcing recovery.
2026-06-08 17:25:16 0 [ERROR] InnoDB: Page [page id: space=0, page number=283] log sequence number 373685 is in the future! Current system log sequence number 306541.
2026-06-08 17:25:16 0 [ERROR] InnoDB: Your database may be corrupt or you may have copied the InnoDB tablespace but not the InnoDB log files. Please refer to https://mariadb.com/kb/en/library/innodb-recovery-modes/ for information about forcing recovery.
2026-06-08 17:25:16 0 [ERROR] InnoDB: Page [page id: space=0, page number=413] log sequence number 373685 is in the future! Current system log sequence number 306541.
2026-06-08 17:25:16 0 [ERROR] InnoDB: Your database may be corrupt or you may have copied the InnoDB tablespace but not the InnoDB log files. Please refer to https://mariadb.com/kb/en/library/innodb-recovery-modes/ for information about forcing recovery.
2026-06-08 17:25:16 0 [ERROR] InnoDB: Page [page id: space=0, page number=284] log sequence number 373729 is in the future! Current system log sequence number 306541.
2026-06-08 17:25:16 0 [ERROR] InnoDB: Your database may be corrupt or you may have copied the InnoDB tablespace but not the InnoDB log files. Please refer to https://mariadb.com/kb/en/library/innodb-recovery-modes/ for information about forcing recovery.
2026-06-08 17:25:16 0 [ERROR] InnoDB: Page [page id: space=0, page number=414] log sequence number 373729 is in the future! Current system log sequence number 306541.
2026-06-08 17:25:16 0 [ERROR] InnoDB: Your database may be corrupt or you may have copied the InnoDB tablespace but not the InnoDB log files. Please refer to https://mariadb.com/kb/en/library/innodb-recovery-modes/ for information about forcing recovery.
2026-06-08 17:25:16 0 [ERROR] InnoDB: Page [page id: space=0, page number=285] log sequence number 373789 is in the future! Current system log sequence number 306541.
2026-06-08 17:25:16 0 [ERROR] InnoDB: Your database may be corrupt or you may have copied the InnoDB tablespace but not the InnoDB log files. Please refer to https://mariadb.com/kb/en/library/innodb-recovery-modes/ for information about forcing recovery.
2026-06-08 17:25:16 0 [ERROR] InnoDB: Page [page id: space=0, page number=415] log sequence number 373789 is in the future! Current system log sequence number 306541.
2026-06-08 17:25:16 0 [ERROR] InnoDB: Your database may be corrupt or you may have copied the InnoDB tablespace but not the InnoDB log files. Please refer to https://mariadb.com/kb/en/library/innodb-recovery-modes/ for information about forcing recovery.
2026-06-08 17:25:16 0 [ERROR] InnoDB: Page [page id: space=0, page number=286] log sequence number 373833 is in the future! Current system log sequence number 306541.
2026-06-08 17:25:16 0 [ERROR] InnoDB: Your database may be corrupt or you may have copied the InnoDB tablespace but not the InnoDB log files. Please refer to https://mariadb.com/kb/en/library/innodb-recovery-modes/ for information about forcing recovery.
2026-06-08 17:25:16 0 [ERROR] InnoDB: Page [page id: space=0, page number=416] log sequence number 373833 is in the future! Current system log sequence number 306541.
2026-06-08 17:25:16 0 [ERROR] InnoDB: Your database may be corrupt or you may have copied the InnoDB tablespace but not the InnoDB log files. Please refer to https://mariadb.com/kb/en/library/innodb-recovery-modes/ for information about forcing recovery.
2026-06-08 17:25:16 0 [ERROR] InnoDB: Page [page id: space=0, page number=287] log sequence number 373877 is in the future! Current system log sequence number 306541.
2026-06-08 17:25:16 0 [ERROR] InnoDB: Your database may be corrupt or you may have copied the InnoDB tablespace but not the InnoDB log files. Please refer to https://mariadb.com/kb/en/library/innodb-recovery-modes/ for information about forcing recovery.
2026-06-08 17:25:16 0 [ERROR] InnoDB: Page [page id: space=0, page number=417] log sequence number 373877 is in the future! Current system log sequence number 306541.
2026-06-08 17:25:16 0 [ERROR] InnoDB: Your database may be corrupt or you may have copied the InnoDB tablespace but not the InnoDB log files. Please refer to https://mariadb.com/kb/en/library/innodb-recovery-modes/ for information about forcing recovery.
2026-06-08 17:25:16 0 [ERROR] InnoDB: Page [page id: space=0, page number=288] log sequence number 373921 is in the future! Current system log sequence number 306541.
2026-06-08 17:25:16 0 [ERROR] InnoDB: Your database may be corrupt or you may have copied the InnoDB tablespace but not the InnoDB log files. Please refer to https://mariadb.com/kb/en/library/innodb-recovery-modes/ for information about forcing recovery.
2026-06-08 17:25:16 0 [ERROR] InnoDB: Page [page id: space=0, page number=418] log sequence number 373921 is in the future! Current system log sequence number 306541.
2026-06-08 17:25:16 0 [ERROR] InnoDB: Your database may be corrupt or you may have copied the InnoDB tablespace but not the InnoDB log files. Please refer to https://mariadb.com/kb/en/library/innodb-recovery-modes/ for information about forcing recovery.
2026-06-08 17:25:16 0 [ERROR] InnoDB: Page [page id: space=0, page number=289] log sequence number 373965 is in the future! Current system log sequence number 306541.
2026-06-08 17:25:16 0 [ERROR] InnoDB: Your database may be corrupt or you may have copied the InnoDB tablespace but not the InnoDB log files. Please refer to https://mariadb.com/kb/en/library/innodb-recovery-modes/ for information about forcing recovery.
2026-06-08 17:25:16 0 [ERROR] InnoDB: Page [page id: space=0, page number=419] log sequence number 373965 is in the future! Current system log sequence number 306541.
2026-06-08 17:25:16 0 [ERROR] InnoDB: Your database may be corrupt or you may have copied the InnoDB tablespace but not the InnoDB log files. Please refer to https://mariadb.com/kb/en/library/innodb-recovery-modes/ for information about forcing recovery.
2026-06-08 17:25:16 0 [ERROR] InnoDB: Page [page id: space=0, page number=290] log sequence number 374009 is in the future! Current system log sequence number 306541.
2026-06-08 17:25:16 0 [ERROR] InnoDB: Your database may be corrupt or you may have copied the InnoDB tablespace but not the InnoDB log files. Please refer to https://mariadb.com/kb/en/library/innodb-recovery-modes/ for information about forcing recovery.
2026-06-08 17:25:16 0 [ERROR] InnoDB: Page [page id: space=0, page number=420] log sequence number 374009 is in the future! Current system log sequence number 306541.
2026-06-08 17:25:16 0 [ERROR] InnoDB: Your database may be corrupt or you may have copied the InnoDB tablespace but not the InnoDB log files. Please refer to https://mariadb.com/kb/en/library/innodb-recovery-modes/ for information about forcing recovery.
2026-06-08 17:25:16 0 [ERROR] InnoDB: Page [page id: space=0, page number=291] log sequence number 374053 is in the future! Current system log sequence number 306541.
2026-06-08 17:25:16 0 [ERROR] InnoDB: Your database may be corrupt or you may have copied the InnoDB tablespace but not the InnoDB log files. Please refer to https://mariadb.com/kb/en/library/innodb-recovery-modes/ for information about forcing recovery.
2026-06-08 17:25:16 0 [ERROR] InnoDB: Page [page id: space=0, page number=421] log sequence number 374053 is in the future! Current system log sequence number 306541.
2026-06-08 17:25:16 0 [ERROR] InnoDB: Your database may be corrupt or you may have copied the InnoDB tablespace but not the InnoDB log files. Please refer to https://mariadb.com/kb/en/library/innodb-recovery-modes/ for information about forcing recovery.
2026-06-08 17:25:16 0 [ERROR] InnoDB: Page [page id: space=0, page number=292] log sequence number 382552 is in the future! Current system log sequence number 306541.
2026-06-08 17:25:16 0 [ERROR] InnoDB: Your database may be corrupt or you may have copied the InnoDB tablespace but not the InnoDB log files. Please refer to https://mariadb.com/kb/en/library/innodb-recovery-modes/ for information about forcing recovery.
2026-06-08 17:25:16 0 [ERROR] InnoDB: Page [page id: space=0, page number=422] log sequence number 382552 is in the future! Current system log sequence number 306541.
2026-06-08 17:25:16 0 [ERROR] InnoDB: Your database may be corrupt or you may have copied the InnoDB tablespace but not the InnoDB log files. Please refer to https://mariadb.com/kb/en/library/innodb-recovery-modes/ for information about forcing recovery.
2026-06-08 17:25:16 0 [ERROR] InnoDB: Page [page id: space=0, page number=293] log sequence number 382596 is in the future! Current system log sequence number 306541.
2026-06-08 17:25:16 0 [ERROR] InnoDB: Your database may be corrupt or you may have copied the InnoDB tablespace but not the InnoDB log files. Please refer to https://mariadb.com/kb/en/library/innodb-recovery-modes/ for information about forcing recovery.
2026-06-08 17:25:16 0 [ERROR] InnoDB: Page [page id: space=0, page number=423] log sequence number 382596 is in the future! Current system log sequence number 306541.
2026-06-08 17:25:16 0 [ERROR] InnoDB: Your database may be corrupt or you may have copied the InnoDB tablespace but not the InnoDB log files. Please refer to https://mariadb.com/kb/en/library/innodb-recovery-modes/ for information about forcing recovery.
2026-06-08 17:25:16 0 [ERROR] InnoDB: Page [page id: space=0, page number=294] log sequence number 382640 is in the future! Current system log sequence number 306541.
2026-06-08 17:25:16 0 [ERROR] InnoDB: Your database may be corrupt or you may have copied the InnoDB tablespace but not the InnoDB log files. Please refer to https://mariadb.com/kb/en/library/innodb-recovery-modes/ for information about forcing recovery.
2026-06-08 17:25:16 0 [ERROR] InnoDB: Page [page id: space=0, page number=424] log sequence number 382640 is in the future! Current system log sequence number 306541.
2026-06-08 17:25:16 0 [ERROR] InnoDB: Your database may be corrupt or you may have copied the InnoDB tablespace but not the InnoDB log files. Please refer to https://mariadb.com/kb/en/library/innodb-recovery-modes/ for information about forcing recovery.
2026-06-08 17:25:16 0 [ERROR] InnoDB: Page [page id: space=0, page number=295] log sequence number 382684 is in the future! Current system log sequence number 306541.
2026-06-08 17:25:16 0 [ERROR] InnoDB: Your database may be corrupt or you may have copied the InnoDB tablespace but not the InnoDB log files. Please refer to https://mariadb.com/kb/en/library/innodb-recovery-modes/ for information about forcing recovery.
2026-06-08 17:25:16 0 [ERROR] InnoDB: Page [page id: space=0, page number=425] log sequence number 382684 is in the future! Current system log sequence number 306541.
2026-06-08 17:25:16 0 [ERROR] InnoDB: Your database may be corrupt or you may have copied the InnoDB tablespace but not the InnoDB log files. Please refer to https://mariadb.com/kb/en/library/innodb-recovery-modes/ for information about forcing recovery.
2026-06-08 17:25:16 0 [ERROR] InnoDB: Page [page id: space=0, page number=296] log sequence number 382728 is in the future! Current system log sequence number 306541.
2026-06-08 17:25:16 0 [ERROR] InnoDB: Your database may be corrupt or you may have copied the InnoDB tablespace but not the InnoDB log files. Please refer to https://mariadb.com/kb/en/library/innodb-recovery-modes/ for information about forcing recovery.
2026-06-08 17:25:17 0 [ERROR] InnoDB: Page [page id: space=0, page number=426] log sequence number 382728 is in the future! Current system log sequence number 306541.
2026-06-08 17:25:17 0 [ERROR] InnoDB: Your database may be corrupt or you may have copied the InnoDB tablespace but not the InnoDB log files. Please refer to https://mariadb.com/kb/en/library/innodb-recovery-modes/ for information about forcing recovery.
2026-06-08 17:25:17 0 [ERROR] InnoDB: Page [page id: space=0, page number=297] log sequence number 382772 is in the future! Current system log sequence number 306541.
2026-06-08 17:25:17 0 [ERROR] InnoDB: Your database may be corrupt or you may have copied the InnoDB tablespace but not the InnoDB log files. Please refer to https://mariadb.com/kb/en/library/innodb-recovery-modes/ for information about forcing recovery.
2026-06-08 17:25:17 0 [ERROR] InnoDB: Page [page id: space=0, page number=427] log sequence number 382772 is in the future! Current system log sequence number 306541.
2026-06-08 17:25:17 0 [ERROR] InnoDB: Your database may be corrupt or you may have copied the InnoDB tablespace but not the InnoDB log files. Please refer to https://mariadb.com/kb/en/library/innodb-recovery-modes/ for information about forcing recovery.
2026-06-08 17:25:17 0 [ERROR] InnoDB: Page [page id: space=0, page number=298] log sequence number 382816 is in the future! Current system log sequence number 306541.
2026-06-08 17:25:17 0 [ERROR] InnoDB: Your database may be corrupt or you may have copied the InnoDB tablespace but not the InnoDB log files. Please refer to https://mariadb.com/kb/en/library/innodb-recovery-modes/ for information about forcing recovery.
2026-06-08 17:25:17 0 [ERROR] InnoDB: Page [page id: space=0, page number=428] log sequence number 382816 is in the future! Current system log sequence number 306541.
2026-06-08 17:25:17 0 [ERROR] InnoDB: Your database may be corrupt or you may have copied the InnoDB tablespace but not the InnoDB log files. Please refer to https://mariadb.com/kb/en/library/innodb-recovery-modes/ for information about forcing recovery.
2026-06-08 17:25:17 0 [ERROR] InnoDB: Page [page id: space=0, page number=299] log sequence number 382860 is in the future! Current system log sequence number 306541.
2026-06-08 17:25:17 0 [ERROR] InnoDB: Your database may be corrupt or you may have copied the InnoDB tablespace but not the InnoDB log files. Please refer to https://mariadb.com/kb/en/library/innodb-recovery-modes/ for information about forcing recovery.
2026-06-08 17:25:17 0 [ERROR] InnoDB: Page [page id: space=0, page number=429] log sequence number 382860 is in the future! Current system log sequence number 306541.
2026-06-08 17:25:17 0 [ERROR] InnoDB: Your database may be corrupt or you may have copied the InnoDB tablespace but not the InnoDB log files. Please refer to https://mariadb.com/kb/en/library/innodb-recovery-modes/ for information about forcing recovery.
2026-06-08 17:25:17 0 [ERROR] InnoDB: Page [page id: space=0, page number=300] log sequence number 382904 is in the future! Current system log sequence number 306541.
2026-06-08 17:25:17 0 [ERROR] InnoDB: Your database may be corrupt or you may have copied the InnoDB tablespace but not the InnoDB log files. Please refer to https://mariadb.com/kb/en/library/innodb-recovery-modes/ for information about forcing recovery.
2026-06-08 17:25:17 0 [ERROR] InnoDB: Page [page id: space=0, page number=430] log sequence number 382904 is in the future! Current system log sequence number 306541.
2026-06-08 17:25:17 0 [ERROR] InnoDB: Your database may be corrupt or you may have copied the InnoDB tablespace but not the InnoDB log files. Please refer to https://mariadb.com/kb/en/library/innodb-recovery-modes/ for information about forcing recovery.
2026-06-08 17:25:17 0 [ERROR] InnoDB: Page [page id: space=0, page number=0] log sequence number 381298 is in the future! Current system log sequence number 306541.
2026-06-08 17:25:17 0 [ERROR] InnoDB: Your database may be corrupt or you may have copied the InnoDB tablespace but not the InnoDB log files. Please refer to https://mariadb.com/kb/en/library/innodb-recovery-modes/ for information about forcing recovery.
2026-06-08 17:25:17 0 [ERROR] InnoDB: Page [page id: space=0, page number=8] log sequence number 349743 is in the future! Current system log sequence number 306541.
2026-06-08 17:25:17 0 [ERROR] InnoDB: Your database may be corrupt or you may have copied the InnoDB tablespace but not the InnoDB log files. Please refer to https://mariadb.com/kb/en/library/innodb-recovery-modes/ for information about forcing recovery.
2026-06-08 17:25:17 0 [ERROR] InnoDB: Page [page id: space=0, page number=10] log sequence number 349847 is in the future! Current system log sequence number 306541.
2026-06-08 17:25:17 0 [ERROR] InnoDB: Your database may be corrupt or you may have copied the InnoDB tablespace but not the InnoDB log files. Please refer to https://mariadb.com/kb/en/library/innodb-recovery-modes/ for information about forcing recovery.
2026-06-08 17:25:17 0 [ERROR] InnoDB: Page [page id: space=0, page number=12] log sequence number 349779 is in the future! Current system log sequence number 306541.
2026-06-08 17:25:17 0 [ERROR] InnoDB: Your database may be corrupt or you may have copied the InnoDB tablespace but not the InnoDB log files. Please refer to https://mariadb.com/kb/en/library/innodb-recovery-modes/ for information about forcing recovery.
2026-06-08 17:25:17 0 [ERROR] InnoDB: Page [page id: space=0, page number=307] log sequence number 349733 is in the future! Current system log sequence number 306541.
2026-06-08 17:25:17 0 [ERROR] InnoDB: Your database may be corrupt or you may have copied the InnoDB tablespace but not the InnoDB log files. Please refer to https://mariadb.com/kb/en/library/innodb-recovery-modes/ for information about forcing recovery.
2026-06-08 17:25:17 0 [ERROR] InnoDB: Page [page id: space=0, page number=308] log sequence number 349749 is in the future! Current system log sequence number 306541.
2026-06-08 17:25:17 0 [ERROR] InnoDB: Your database may be corrupt or you may have copied the InnoDB tablespace but not the InnoDB log files. Please refer to https://mariadb.com/kb/en/library/innodb-recovery-modes/ for information about forcing recovery.
2026-06-08 17:25:17 0 [Note] InnoDB: 128 out of 128 rollback segments are active.
2026-06-08 17:25:17 0 [Note] InnoDB: Removed temporary tablespace data file: "ibtmp1"
2026-06-08 17:25:17 0 [Note] InnoDB: Creating shared tablespace for temporary tables
2026-06-08 17:25:17 0 [Note] InnoDB: Setting file 'D:\xampp\mysql\data\ibtmp1' size to 12 MB. Physically writing the file full; Please wait ...
2026-06-08 17:25:17 0 [Note] InnoDB: File 'D:\xampp\mysql\data\ibtmp1' size is now 12 MB.
2026-06-08 17:25:18 0 [Note] InnoDB: Waiting for purge to start
2026-06-08 17:25:18 1 [ERROR] InnoDB: Page [page id: space=0, page number=9] log sequence number 349738 is in the future! Current system log sequence number 306541.
2026-06-08 17:25:18 1 [ERROR] InnoDB: Your database may be corrupt or you may have copied the InnoDB tablespace but not the InnoDB log files. Please refer to https://mariadb.com/kb/en/library/innodb-recovery-modes/ for information about forcing recovery.
2026-06-08 17:25:18 1 [ERROR] InnoDB: Page [page id: space=28, page number=0] log sequence number 340260 is in the future! Current system log sequence number 306541.
2026-06-08 17:25:18 1 [ERROR] InnoDB: Your database may be corrupt or you may have copied the InnoDB tablespace but not the InnoDB log files. Please refer to https://mariadb.com/kb/en/library/innodb-recovery-modes/ for information about forcing recovery.
2026-06-08 17:25:18 1 [ERROR] InnoDB: Page [page id: space=28, page number=1] log sequence number 338720 is in the future! Current system log sequence number 306541.
2026-06-08 17:25:18 1 [ERROR] InnoDB: Your database may be corrupt or you may have copied the InnoDB tablespace but not the InnoDB log files. Please refer to https://mariadb.com/kb/en/library/innodb-recovery-modes/ for information about forcing recovery.
2026-06-08 17:25:18 0 [Note] InnoDB: 10.4.32 started; log sequence number 306532; transaction id 820
2026-06-08 17:25:18 0 [Note] InnoDB: Loading buffer pool(s) from D:\xampp\mysql\data\ib_buffer_pool
2026-06-08 17:25:18 0 [Note] Plugin 'FEEDBACK' is disabled.
2026-06-08 17:25:18 0 [ERROR] InnoDB: Page [page id: space=0, page number=243] log sequence number 362601 is in the future! Current system log sequence number 306541.
2026-06-08 17:25:18 0 [ERROR] InnoDB: Your database may be corrupt or you may have copied the InnoDB tablespace but not the InnoDB log files. Please refer to https://mariadb.com/kb/en/library/innodb-recovery-modes/ for information about forcing recovery.
2026-06-08 17:25:18 0 [Note] InnoDB: Buffer pool(s) load completed at 260608 17:25:18
2026-06-08 17:25:18 0 [Note] Server socket created on IP: '::'.
2026-06-08 17:25:21 0 [Note] Starting MariaDB 10.4.32-MariaDB source revision c4143f909528e3fab0677a28631d10389354c491 as process 3844
2026-06-08 17:25:21 0 [Note] InnoDB: Mutexes and rw_locks use Windows interlocked functions
2026-06-08 17:25:21 0 [Note] InnoDB: Uses event mutexes
2026-06-08 17:25:21 0 [Note] InnoDB: Compressed tables use zlib 1.3
2026-06-08 17:25:21 0 [Note] InnoDB: Number of pools: 1
2026-06-08 17:25:21 0 [Note] InnoDB: Using SSE2 crc32 instructions
2026-06-08 17:25:21 0 [Note] InnoDB: Initializing buffer pool, total size = 16M, instances = 1, chunk size = 16M
2026-06-08 17:25:21 0 [Note] InnoDB: Completed initialization of buffer pool
2026-06-08 17:25:21 0 [Note] InnoDB: Starting crash recovery from checkpoint LSN=306523
2026-06-08 17:25:21 0 [Warning] InnoDB: Are you sure you are using the right ib_logfiles to start up the database? Log sequence number in the ib_logfiles is 306523, less than the log sequence number in the first system tablespace file header, 383879.
2026-06-08 17:25:21 0 [Warning] InnoDB: Ignoring a doublewrite copy of page [page id: space=16, page number=3] with future log sequence number 340849
2026-06-08 17:25:21 0 [Warning] InnoDB: Ignoring a doublewrite copy of page [page id: space=0, page number=248] with future log sequence number 340829
2026-06-08 17:25:21 0 [Warning] InnoDB: Ignoring a doublewrite copy of page [page id: space=0, page number=385] with future log sequence number 340829
2026-06-08 17:25:21 0 [Warning] InnoDB: Ignoring a doublewrite copy of page [page id: space=0, page number=232] with future log sequence number 339797
2026-06-08 17:25:21 0 [Warning] InnoDB: Ignoring a doublewrite copy of page [page id: space=0, page number=373] with future log sequence number 339797
2026-06-08 17:25:21 0 [Warning] InnoDB: Ignoring a doublewrite copy of page [page id: space=0, page number=231] with future log sequence number 339753
2026-06-08 17:25:21 0 [Warning] InnoDB: Ignoring a doublewrite copy of page [page id: space=0, page number=368] with future log sequence number 339753
2026-06-08 17:25:21 0 [Warning] InnoDB: Ignoring a doublewrite copy of page [page id: space=0, page number=230] with future log sequence number 339709
2026-06-08 17:25:21 0 [Warning] InnoDB: Ignoring a doublewrite copy of page [page id: space=0, page number=367] with future log sequence number 339709
2026-06-08 17:25:21 0 [Warning] InnoDB: Ignoring a doublewrite copy of page [page id: space=0, page number=260] with future log sequence number 355374
2026-06-08 17:25:21 0 [Warning] InnoDB: Ignoring a doublewrite copy of page [page id: space=0, page number=290] with future log sequence number 374009
2026-06-08 17:25:21 0 [Warning] InnoDB: Ignoring a doublewrite copy of page [page id: space=0, page number=420] with future log sequence number 374009
2026-06-08 17:25:21 0 [Warning] InnoDB: Ignoring a doublewrite copy of page [page id: space=0, page number=223] with future log sequence number 317669
2026-06-08 17:25:21 0 [Warning] InnoDB: Ignoring a doublewrite copy of page [page id: space=2, page number=3] with future log sequence number 317754
2026-06-08 17:25:21 0 [Warning] InnoDB: Ignoring a doublewrite copy of page [page id: space=0, page number=360] with future log sequence number 317669
2026-06-08 17:25:21 0 [Warning] InnoDB: Ignoring a doublewrite copy of page [page id: space=0, page number=237] with future log sequence number 326879
2026-06-08 17:25:21 0 [Warning] InnoDB: Ignoring a doublewrite copy of page [page id: space=0, page number=377] with future log sequence number 326879
2026-06-08 17:25:21 0 [Warning] InnoDB: Ignoring a doublewrite copy of page [page id: space=0, page number=218] with future log sequence number 353252
2026-06-08 17:25:21 0 [Warning] InnoDB: Ignoring a doublewrite copy of page [page id: space=0, page number=355] with future log sequence number 353252
2026-06-08 17:25:21 0 [Warning] InnoDB: Ignoring a doublewrite copy of page [page id: space=0, page number=217] with future log sequence number 353208
2026-06-08 17:25:21 0 [Warning] InnoDB: Ignoring a doublewrite copy of page [page id: space=0, page number=354] with future log sequence number 353208
2026-06-08 17:25:21 0 [Warning] InnoDB: Ignoring a doublewrite copy of page [page id: space=0, page number=216] with future log sequence number 353164
2026-06-08 17:25:21 0 [Warning] InnoDB: Ignoring a doublewrite copy of page [page id: space=0, page number=353] with future log sequence number 353164
2026-06-08 17:25:21 0 [Warning] InnoDB: Ignoring a doublewrite copy of page [page id: space=0, page number=215] with future log sequence number 353120
2026-06-08 17:25:21 0 [Warning] InnoDB: Ignoring a doublewrite copy of page [page id: space=0, page number=352] with future log sequence number 353120
2026-06-08 17:25:21 0 [Warning] InnoDB: Ignoring a doublewrite copy of page [page id: space=0, page number=213] with future log sequence number 353076
2026-06-08 17:25:21 0 [Warning] InnoDB: Ignoring a doublewrite copy of page [page id: space=0, page number=237] with future log sequence number 365321
2026-06-08 17:25:21 0 [Warning] InnoDB: Ignoring a doublewrite copy of page [page id: space=0, page number=377] with future log sequence number 365321
2026-06-08 17:25:21 0 [Warning] InnoDB: Ignoring a doublewrite copy of page [page id: space=0, page number=249] with future log sequence number 371342
2026-06-08 17:25:21 0 [Warning] InnoDB: Ignoring a doublewrite copy of page [page id: space=16, page number=3] with future log sequence number 371362
2026-06-08 17:25:21 0 [Warning] InnoDB: Ignoring a doublewrite copy of page [page id: space=0, page number=370] with future log sequence number 371342
2026-06-08 17:25:21 0 [Warning] InnoDB: Ignoring a doublewrite copy of page [page id: space=0, page number=266] with future log sequence number 382997
2026-06-08 17:25:21 0 [Warning] InnoDB: Ignoring a doublewrite copy of page [page id: space=0, page number=434] with future log sequence number 382997
2026-06-08 17:25:21 0 [Warning] InnoDB: Ignoring a doublewrite copy of page [page id: space=0, page number=265] with future log sequence number 382937
2026-06-08 17:25:21 0 [Warning] InnoDB: Ignoring a doublewrite copy of page [page id: space=0, page number=398] with future log sequence number 382937
2026-06-08 17:25:21 0 [ERROR] InnoDB: Page [page id: space=0, page number=7] log sequence number 339768 is in the future! Current system log sequence number 306541.
2026-06-08 17:25:21 0 [ERROR] InnoDB: Your database may be corrupt or you may have copied the InnoDB tablespace but not the InnoDB log files. Please refer to https://mariadb.com/kb/en/library/innodb-recovery-modes/ for information about forcing recovery.
2026-06-08 17:25:21 0 [ERROR] InnoDB: Page [page id: space=0, page number=11] log sequence number 349764 is in the future! Current system log sequence number 306541.
2026-06-08 17:25:21 0 [ERROR] InnoDB: Your database may be corrupt or you may have copied the InnoDB tablespace but not the InnoDB log files. Please refer to https://mariadb.com/kb/en/library/innodb-recovery-modes/ for information about forcing recovery.
2026-06-08 17:25:21 0 [ERROR] InnoDB: Page [page id: space=0, page number=6] log sequence number 382375 is in the future! Current system log sequence number 306541.
2026-06-08 17:25:21 0 [ERROR] InnoDB: Your database may be corrupt or you may have copied the InnoDB tablespace but not the InnoDB log files. Please refer to https://mariadb.com/kb/en/library/innodb-recovery-modes/ for information about forcing recovery.
2026-06-08 17:25:21 0 [ERROR] InnoDB: Page [page id: space=0, page number=301] log sequence number 382375 is in the future! Current system log sequence number 306541.
2026-06-08 17:25:21 0 [ERROR] InnoDB: Your database may be corrupt or you may have copied the InnoDB tablespace but not the InnoDB log files. Please refer to https://mariadb.com/kb/en/library/innodb-recovery-modes/ for information about forcing recovery.
2026-06-08 17:25:21 0 [ERROR] InnoDB: Page [page id: space=0, page number=45] log sequence number 382414 is in the future! Current system log sequence number 306541.
2026-06-08 17:25:21 0 [ERROR] InnoDB: Your database may be corrupt or you may have copied the InnoDB tablespace but not the InnoDB log files. Please refer to https://mariadb.com/kb/en/library/innodb-recovery-modes/ for information about forcing recovery.
2026-06-08 17:25:21 0 [ERROR] InnoDB: Page [page id: space=0, page number=306] log sequence number 382414 is in the future! Current system log sequence number 306541.
2026-06-08 17:25:21 0 [ERROR] InnoDB: Your database may be corrupt or you may have copied the InnoDB tablespace but not the InnoDB log files. Please refer to https://mariadb.com/kb/en/library/innodb-recovery-modes/ for information about forcing recovery.
2026-06-08 17:25:21 0 [ERROR] InnoDB: Page [page id: space=0, page number=46] log sequence number 382453 is in the future! Current system log sequence number 306541.
2026-06-08 17:25:21 0 [ERROR] InnoDB: Your database may be corrupt or you may have copied the InnoDB tablespace but not the InnoDB log files. Please refer to https://mariadb.com/kb/en/library/innodb-recovery-modes/ for information about forcing recovery.
2026-06-08 17:25:21 0 [ERROR] InnoDB: Page [page id: space=0, page number=309] log sequence number 382453 is in the future! Current system log sequence number 306541.
2026-06-08 17:25:21 0 [ERROR] InnoDB: Your database may be corrupt or you may have copied the InnoDB tablespace but not the InnoDB log files. Please refer to https://mariadb.com/kb/en/library/innodb-recovery-modes/ for information about forcing recovery.
2026-06-08 17:25:21 0 [ERROR] InnoDB: Page [page id: space=0, page number=193] log sequence number 335526 is in the future! Current system log sequence number 306541.
2026-06-08 17:25:21 0 [ERROR] InnoDB: Your database may be corrupt or you may have copied the InnoDB tablespace but not the InnoDB log files. Please refer to https://mariadb.com/kb/en/library/innodb-recovery-modes/ for information about forcing recovery.
2026-06-08 17:25:21 0 [ERROR] InnoDB: Page [page id: space=0, page number=330] log sequence number 335526 is in the future! Current system log sequence number 306541.
2026-06-08 17:25:21 0 [ERROR] InnoDB: Your database may be corrupt or you may have copied the InnoDB tablespace but not the InnoDB log files. Please refer to https://mariadb.com/kb/en/library/innodb-recovery-modes/ for information about forcing recovery.
2026-06-08 17:25:21 0 [ERROR] InnoDB: Page [page id: space=0, page number=204] log sequence number 307021 is in the future! Current system log sequence number 306541.
2026-06-08 17:25:21 0 [ERROR] InnoDB: Your database may be corrupt or you may have copied the InnoDB tablespace but not the InnoDB log files. Please refer to https://mariadb.com/kb/en/library/innodb-recovery-modes/ for information about forcing recovery.
2026-06-08 17:25:21 0 [ERROR] InnoDB: Page [page id: space=0, page number=341] log sequence number 307021 is in the future! Current system log sequence number 306541.
2026-06-08 17:25:21 0 [ERROR] InnoDB: Your database may be corrupt or you may have copied the InnoDB tablespace but not the InnoDB log files. Please refer to https://mariadb.com/kb/en/library/innodb-recovery-modes/ for information about forcing recovery.
2026-06-08 17:25:21 0 [ERROR] InnoDB: Page [page id: space=0, page number=205] log sequence number 352708 is in the future! Current system log sequence number 306541.
2026-06-08 17:25:21 0 [ERROR] InnoDB: Your database may be corrupt or you may have copied the InnoDB tablespace but not the InnoDB log files. Please refer to https://mariadb.com/kb/en/library/innodb-recovery-modes/ for information about forcing recovery.
2026-06-08 17:25:21 0 [ERROR] InnoDB: Page [page id: space=0, page number=342] log sequence number 352708 is in the future! Current system log sequence number 306541.
2026-06-08 17:25:21 0 [ERROR] InnoDB: Your database may be corrupt or you may have copied the InnoDB tablespace but not the InnoDB log files. Please refer to https://mariadb.com/kb/en/library/innodb-recovery-modes/ for information about forcing recovery.
2026-06-08 17:25:21 0 [ERROR] InnoDB: Page [page id: space=0, page number=206] log sequence number 352752 is in the future! Current system log sequence number 306541.
2026-06-08 17:25:21 0 [ERROR] InnoDB: Your database may be corrupt or you may have copied the InnoDB tablespace but not the InnoDB log files. Please refer to https://mariadb.com/kb/en/library/innodb-recovery-modes/ for information about forcing recovery.
2026-06-08 17:25:21 0 [ERROR] InnoDB: Page [page id: space=0, page number=343] log sequence number 352752 is in the future! Current system log sequence number 306541.
2026-06-08 17:25:21 0 [ERROR] InnoDB: Your database may be corrupt or you may have copied the InnoDB tablespace but not the InnoDB log files. Please refer to https://mariadb.com/kb/en/library/innodb-recovery-modes/ for information about forcing recovery.
2026-06-08 17:25:21 0 [ERROR] InnoDB: Page [page id: space=0, page number=207] log sequence number 352812 is in the future! Current system log sequence number 306541.
2026-06-08 17:25:21 0 [ERROR] InnoDB: Your database may be corrupt or you may have copied the InnoDB tablespace but not the InnoDB log files. Please refer to https://mariadb.com/kb/en/library/innodb-recovery-modes/ for information about forcing recovery.
2026-06-08 17:25:21 0 [ERROR] InnoDB: Page [page id: space=0, page number=344] log sequence number 352812 is in the future! Current system log sequence number 306541.
2026-06-08 17:25:21 0 [ERROR] InnoDB: Your database may be corrupt or you may have copied the InnoDB tablespace but not the InnoDB log files. Please refer to https://mariadb.com/kb/en/library/innodb-recovery-modes/ for information about forcing recovery.
2026-06-08 17:25:21 0 [ERROR] InnoDB: Page [page id: space=0, page number=208] log sequence number 352856 is in the future! Current system log sequence number 306541.
2026-06-08 17:25:21 0 [ERROR] InnoDB: Your database may be corrupt or you may have copied the InnoDB tablespace but not the InnoDB log files. Please refer to https://mariadb.com/kb/en/library/innodb-recovery-modes/ for information about forcing recovery.
2026-06-08 17:25:21 0 [ERROR] InnoDB: Page [page id: space=0, page number=345] log sequence number 352856 is in the future! Current system log sequence number 306541.
2026-06-08 17:25:21 0 [ERROR] InnoDB: Your database may be corrupt or you may have copied the InnoDB tablespace but not the InnoDB log files. Please refer to https://mariadb.com/kb/en/library/innodb-recovery-modes/ for information about forcing recovery.
2026-06-08 17:25:21 0 [ERROR] InnoDB: Page [page id: space=0, page number=209] log sequence number 352900 is in the future! Current system log sequence number 306541.
2026-06-08 17:25:21 0 [ERROR] InnoDB: Your database may be corrupt or you may have copied the InnoDB tablespace but not the InnoDB log files. Please refer to https://mariadb.com/kb/en/library/innodb-recovery-modes/ for information about forcing recovery.
2026-06-08 17:25:21 0 [ERROR] InnoDB: Page [page id: space=0, page number=346] log sequence number 352900 is in the future! Current system log sequence number 306541.
2026-06-08 17:25:21 0 [ERROR] InnoDB: Your database may be corrupt or you may have copied the InnoDB tablespace but not the InnoDB log files. Please refer to https://mariadb.com/kb/en/library/innodb-recovery-modes/ for information about forcing recovery.
2026-06-08 17:25:21 0 [ERROR] InnoDB: Page [page id: space=0, page number=210] log sequence number 352944 is in the future! Current system log sequence number 306541.
2026-06-08 17:25:21 0 [ERROR] InnoDB: Your database may be corrupt or you may have copied the InnoDB tablespace but not the InnoDB log files. Please refer to https://mariadb.com/kb/en/library/innodb-recovery-modes/ for information about forcing recovery.
2026-06-08 17:25:21 0 [ERROR] InnoDB: Page [page id: space=0, page number=347] log sequence number 352944 is in the future! Current system log sequence number 306541.
2026-06-08 17:25:21 0 [ERROR] InnoDB: Your database may be corrupt or you may have copied the InnoDB tablespace but not the InnoDB log files. Please refer to https://mariadb.com/kb/en/library/innodb-recovery-modes/ for information about forcing recovery.
2026-06-08 17:25:21 0 [ERROR] InnoDB: Page [page id: space=0, page number=211] log sequence number 352988 is in the future! Current system log sequence number 306541.
2026-06-08 17:25:21 0 [ERROR] InnoDB: Your database may be corrupt or you may have copied the InnoDB tablespace but not the InnoDB log files. Please refer to https://mariadb.com/kb/en/library/innodb-recovery-modes/ for information about forcing recovery.
2026-06-08 17:25:21 0 [ERROR] InnoDB: Page [page id: space=0, page number=348] log sequence number 352988 is in the future! Current system log sequence number 306541.
2026-06-08 17:25:21 0 [ERROR] InnoDB: Your database may be corrupt or you may have copied the InnoDB tablespace but not the InnoDB log files. Please refer to https://mariadb.com/kb/en/library/innodb-recovery-modes/ for information about forcing recovery.
2026-06-08 17:25:21 0 [ERROR] InnoDB: Page [page id: space=0, page number=212] log sequence number 353032 is in the future! Current system log sequence number 306541.
2026-06-08 17:25:21 0 [ERROR] InnoDB: Your database may be corrupt or you may have copied the InnoDB tablespace but not the InnoDB log files. Please refer to https://mariadb.com/kb/en/library/innodb-recovery-modes/ for information about forcing recovery.
2026-06-08 17:25:21 0 [ERROR] InnoDB: Page [page id: space=0, page number=349] log sequence number 353032 is in the future! Current system log sequence number 306541.
2026-06-08 17:25:21 0 [ERROR] InnoDB: Your database may be corrupt or you may have copied the InnoDB tablespace but not the InnoDB log files. Please refer to https://mariadb.com/kb/en/library/innodb-recovery-modes/ for information about forcing recovery.
2026-06-08 17:25:21 0 [ERROR] InnoDB: Page [page id: space=0, page number=213] log sequence number 353076 is in the future! Current system log sequence number 306541.
2026-06-08 17:25:21 0 [ERROR] InnoDB: Your database may be corrupt or you may have copied the InnoDB tablespace but not the InnoDB log files. Please refer to https://mariadb.com/kb/en/library/innodb-recovery-modes/ for information about forcing recovery.
2026-06-08 17:25:21 0 [ERROR] InnoDB: Page [page id: space=0, page number=350] log sequence number 353076 is in the future! Current system log sequence number 306541.
2026-06-08 17:25:21 0 [ERROR] InnoDB: Your database may be corrupt or you may have copied the InnoDB tablespace but not the InnoDB log files. Please refer to https://mariadb.com/kb/en/library/innodb-recovery-modes/ for information about forcing recovery.
2026-06-08 17:25:21 0 [ERROR] InnoDB: Page [page id: space=0, page number=214] log sequence number 315502 is in the future! Current system log sequence number 306541.
2026-06-08 17:25:21 0 [ERROR] InnoDB: Your database may be corrupt or you may have copied the InnoDB tablespace but not the InnoDB log files. Please refer to https://mariadb.com/kb/en/library/innodb-recovery-modes/ for information about forcing recovery.
2026-06-08 17:25:21 0 [ERROR] InnoDB: Page [page id: space=0, page number=351] log sequence number 315502 is in the future! Current system log sequence number 306541.
2026-06-08 17:25:21 0 [ERROR] InnoDB: Your database may be corrupt or you may have copied the InnoDB tablespace but not the InnoDB log files. Please refer to https://mariadb.com/kb/en/library/innodb-recovery-modes/ for information about forcing recovery.
2026-06-08 17:25:21 0 [ERROR] InnoDB: Page [page id: space=0, page number=215] log sequence number 353120 is in the future! Current system log sequence number 306541.
2026-06-08 17:25:21 0 [ERROR] InnoDB: Your database may be corrupt or you may have copied the InnoDB tablespace but not the InnoDB log files. Please refer to https://mariadb.com/kb/en/library/innodb-recovery-modes/ for information about forcing recovery.
2026-06-08 17:25:21 0 [ERROR] InnoDB: Page [page id: space=0, page number=352] log sequence number 353120 is in the future! Current system log sequence number 306541.
2026-06-08 17:25:21 0 [ERROR] InnoDB: Your database may be corrupt or you may have copied the InnoDB tablespace but not the InnoDB log files. Please refer to https://mariadb.com/kb/en/library/innodb-recovery-modes/ for information about forcing recovery.
2026-06-08 17:25:21 0 [ERROR] InnoDB: Page [page id: space=0, page number=216] log sequence number 353164 is in the future! Current system log sequence number 306541.
2026-06-08 17:25:21 0 [ERROR] InnoDB: Your database may be corrupt or you may have copied the InnoDB tablespace but not the InnoDB log files. Please refer to https://mariadb.com/kb/en/library/innodb-recovery-modes/ for information about forcing recovery.
2026-06-08 17:25:21 0 [ERROR] InnoDB: Page [page id: space=0, page number=353] log sequence number 353164 is in the future! Current system log sequence number 306541.
2026-06-08 17:25:21 0 [ERROR] InnoDB: Your database may be corrupt or you may have copied the InnoDB tablespace but not the InnoDB log files. Please refer to https://mariadb.com/kb/en/library/innodb-recovery-modes/ for information about forcing recovery.
2026-06-08 17:25:21 0 [ERROR] InnoDB: Page [page id: space=0, page number=217] log sequence number 353208 is in the future! Current system log sequence number 306541.
2026-06-08 17:25:21 0 [ERROR] InnoDB: Your database may be corrupt or you may have copied the InnoDB tablespace but not the InnoDB log files. Please refer to https://mariadb.com/kb/en/library/innodb-recovery-modes/ for information about forcing recovery.
2026-06-08 17:25:21 0 [ERROR] InnoDB: Page [page id: space=0, page number=354] log sequence number 353208 is in the future! Current system log sequence number 306541.
2026-06-08 17:25:21 0 [ERROR] InnoDB: Your database may be corrupt or you may have copied the InnoDB tablespace but not the InnoDB log files. Please refer to https://mariadb.com/kb/en/library/innodb-recovery-modes/ for information about forcing recovery.
2026-06-08 17:25:21 0 [ERROR] InnoDB: Page [page id: space=0, page number=218] log sequence number 353252 is in the future! Current system log sequence number 306541.
2026-06-08 17:25:21 0 [ERROR] InnoDB: Your database may be corrupt or you may have copied the InnoDB tablespace but not the InnoDB log files. Please refer to https://mariadb.com/kb/en/library/innodb-recovery-modes/ for information about forcing recovery.
2026-06-08 17:25:21 0 [ERROR] InnoDB: Page [page id: space=0, page number=355] log sequence number 353252 is in the future! Current system log sequence number 306541.
2026-06-08 17:25:21 0 [ERROR] InnoDB: Your database may be corrupt or you may have copied the InnoDB tablespace but not the InnoDB log files. Please refer to https://mariadb.com/kb/en/library/innodb-recovery-modes/ for information about forcing recovery.
2026-06-08 17:25:21 0 [ERROR] InnoDB: Page [page id: space=0, page number=219] log sequence number 358596 is in the future! Current system log sequence number 306541.
2026-06-08 17:25:21 0 [ERROR] InnoDB: Your database may be corrupt or you may have copied the InnoDB tablespace but not the InnoDB log files. Please refer to https://mariadb.com/kb/en/library/innodb-recovery-modes/ for information about forcing recovery.
2026-06-08 17:25:21 0 [ERROR] InnoDB: Page [page id: space=0, page number=356] log sequence number 358596 is in the future! Current system log sequence number 306541.
2026-06-08 17:25:21 0 [ERROR] InnoDB: Your database may be corrupt or you may have copied the InnoDB tablespace but not the InnoDB log files. Please refer to https://mariadb.com/kb/en/library/innodb-recovery-modes/ for information about forcing recovery.
2026-06-08 17:25:21 0 [ERROR] InnoDB: Page [page id: space=0, page number=220] log sequence number 358640 is in the future! Current system log sequence number 306541.
2026-06-08 17:25:21 0 [ERROR] InnoDB: Your database may be corrupt or you may have copied the InnoDB tablespace but not the InnoDB log files. Please refer to https://mariadb.com/kb/en/library/innodb-recovery-modes/ for information about forcing recovery.
2026-06-08 17:25:21 0 [ERROR] InnoDB: Page [page id: space=0, page number=357] log sequence number 358640 is in the future! Current system log sequence number 306541.
2026-06-08 17:25:21 0 [ERROR] InnoDB: Your database may be corrupt or you may have copied the InnoDB tablespace but not the InnoDB log files. Please refer to https://mariadb.com/kb/en/library/innodb-recovery-modes/ for information about forcing recovery.
2026-06-08 17:25:21 0 [ERROR] InnoDB: Page [page id: space=0, page number=221] log sequence number 358684 is in the future! Current system log sequence number 306541.
2026-06-08 17:25:21 0 [ERROR] InnoDB: Your database may be corrupt or you may have copied the InnoDB tablespace but not the InnoDB log files. Please refer to https://mariadb.com/kb/en/library/innodb-recovery-modes/ for information about forcing recovery.
2026-06-08 17:25:21 0 [ERROR] InnoDB: Page [page id: space=0, page number=358] log sequence number 358684 is in the future! Current system log sequence number 306541.
2026-06-08 17:25:21 0 [ERROR] InnoDB: Your database may be corrupt or you may have copied the InnoDB tablespace but not the InnoDB log files. Please refer to https://mariadb.com/kb/en/library/innodb-recovery-modes/ for information about forcing recovery.
2026-06-08 17:25:21 0 [ERROR] InnoDB: Page [page id: space=0, page number=222] log sequence number 358728 is in the future! Current system log sequence number 306541.
2026-06-08 17:25:21 0 [ERROR] InnoDB: Your database may be corrupt or you may have copied the InnoDB tablespace but not the InnoDB log files. Please refer to https://mariadb.com/kb/en/library/innodb-recovery-modes/ for information about forcing recovery.
2026-06-08 17:25:21 0 [ERROR] InnoDB: Page [page id: space=0, page number=359] log sequence number 358728 is in the future! Current system log sequence number 306541.
2026-06-08 17:25:21 0 [ERROR] InnoDB: Your database may be corrupt or you may have copied the InnoDB tablespace but not the InnoDB log files. Please refer to https://mariadb.com/kb/en/library/innodb-recovery-modes/ for information about forcing recovery.
2026-06-08 17:25:21 0 [ERROR] InnoDB: Page [page id: space=0, page number=223] log sequence number 358772 is in the future! Current system log sequence number 306541.
2026-06-08 17:25:21 0 [ERROR] InnoDB: Your database may be corrupt or you may have copied the InnoDB tablespace but not the InnoDB log files. Please refer to https://mariadb.com/kb/en/library/innodb-recovery-modes/ for information about forcing recovery.
2026-06-08 17:25:21 0 [ERROR] InnoDB: Page [page id: space=0, page number=360] log sequence number 358772 is in the future! Current system log sequence number 306541.
2026-06-08 17:25:21 0 [ERROR] InnoDB: Your database may be corrupt or you may have copied the InnoDB tablespace but not the InnoDB log files. Please refer to https://mariadb.com/kb/en/library/innodb-recovery-modes/ for information about forcing recovery.
2026-06-08 17:25:21 0 [ERROR] InnoDB: Page [page id: space=0, page number=224] log sequence number 358816 is in the future! Current system log sequence number 306541.
2026-06-08 17:25:21 0 [ERROR] InnoDB: Your database may be corrupt or you may have copied the InnoDB tablespace but not the InnoDB log files. Please refer to https://mariadb.com/kb/en/library/innodb-recovery-modes/ for information about forcing recovery.
2026-06-08 17:25:21 0 [ERROR] InnoDB: Page [page id: space=0, page number=361] log sequence number 358816 is in the future! Current system log sequence number 306541.
2026-06-08 17:25:21 0 [ERROR] InnoDB: Your database may be corrupt or you may have copied the InnoDB tablespace but not the InnoDB log files. Please refer to https://mariadb.com/kb/en/library/innodb-recovery-modes/ for information about forcing recovery.
2026-06-08 17:25:21 0 [ERROR] InnoDB: Page [page id: space=0, page number=225] log sequence number 358860 is in the future! Current system log sequence number 306541.
2026-06-08 17:25:21 0 [ERROR] InnoDB: Your database may be corrupt or you may have copied the InnoDB tablespace but not the InnoDB log files. Please refer to https://mariadb.com/kb/en/library/innodb-recovery-modes/ for information about forcing recovery.
2026-06-08 17:25:21 0 [ERROR] InnoDB: Page [page id: space=0, page number=362] log sequence number 358860 is in the future! Current system log sequence number 306541.
2026-06-08 17:25:21 0 [ERROR] InnoDB: Your database may be corrupt or you may have copied the InnoDB tablespace but not the InnoDB log files. Please refer to https://mariadb.com/kb/en/library/innodb-recovery-modes/ for information about forcing recovery.
2026-06-08 17:25:21 0 [ERROR] InnoDB: Page [page id: space=0, page number=226] log sequence number 358904 is in the future! Current system log sequence number 306541.
2026-06-08 17:25:21 0 [ERROR] InnoDB: Your database may be corrupt or you may have copied the InnoDB tablespace but not the InnoDB log files. Please refer to https://mariadb.com/kb/en/library/innodb-recovery-modes/ for information about forcing recovery.
2026-06-08 17:25:21 0 [ERROR] InnoDB: Page [page id: space=0, page number=363] log sequence number 358904 is in the future! Current system log sequence number 306541.
2026-06-08 17:25:21 0 [ERROR] InnoDB: Your database may be corrupt or you may have copied the InnoDB tablespace but not the InnoDB log files. Please refer to https://mariadb.com/kb/en/library/innodb-recovery-modes/ for information about forcing recovery.
2026-06-08 17:25:21 0 [ERROR] InnoDB: Page [page id: space=0, page number=227] log sequence number 358964 is in the future! Current system log sequence number 306541.
2026-06-08 17:25:21 0 [ERROR] InnoDB: Your database may be corrupt or you may have copied the InnoDB tablespace but not the InnoDB log files. Please refer to https://mariadb.com/kb/en/library/innodb-recovery-modes/ for information about forcing recovery.
2026-06-08 17:25:21 0 [ERROR] InnoDB: Page [page id: space=0, page number=364] log sequence number 358964 is in the future! Current system log sequence number 306541.
2026-06-08 17:25:21 0 [ERROR] InnoDB: Your database may be corrupt or you may have copied the InnoDB tablespace but not the InnoDB log files. Please refer to https://mariadb.com/kb/en/library/innodb-recovery-modes/ for information about forcing recovery.
2026-06-08 17:25:21 0 [ERROR] InnoDB: Page [page id: space=0, page number=228] log sequence number 364909 is in the future! Current system log sequence number 306541.
2026-06-08 17:25:21 0 [ERROR] InnoDB: Your database may be corrupt or you may have copied the InnoDB tablespace but not the InnoDB log files. Please refer to https://mariadb.com/kb/en/library/innodb-recovery-modes/ for information about forcing recovery.
2026-06-08 17:25:21 0 [ERROR] InnoDB: Page [page id: space=0, page number=365] log sequence number 364909 is in the future! Current system log sequence number 306541.
2026-06-08 17:25:21 0 [ERROR] InnoDB: Your database may be corrupt or you may have copied the InnoDB tablespace but not the InnoDB log files. Please refer to https://mariadb.com/kb/en/library/innodb-recovery-modes/ for information about forcing recovery.
2026-06-08 17:25:21 0 [ERROR] InnoDB: Page [page id: space=0, page number=229] log sequence number 364953 is in the future! Current system log sequence number 306541.
2026-06-08 17:25:21 0 [ERROR] InnoDB: Your database may be corrupt or you may have copied the InnoDB tablespace but not the InnoDB log files. Please refer to https://mariadb.com/kb/en/library/innodb-recovery-modes/ for information about forcing recovery.
2026-06-08 17:25:21 0 [ERROR] InnoDB: Page [page id: space=0, page number=366] log sequence number 364953 is in the future! Current system log sequence number 306541.
2026-06-08 17:25:21 0 [ERROR] InnoDB: Your database may be corrupt or you may have copied the InnoDB tablespace but not the InnoDB log files. Please refer to https://mariadb.com/kb/en/library/innodb-recovery-modes/ for information about forcing recovery.
2026-06-08 17:25:21 0 [ERROR] InnoDB: Page [page id: space=0, page number=230] log sequence number 364997 is in the future! Current system log sequence number 306541.
2026-06-08 17:25:21 0 [ERROR] InnoDB: Your database may be corrupt or you may have copied the InnoDB tablespace but not the InnoDB log files. Please refer to https://mariadb.com/kb/en/library/innodb-recovery-modes/ for information about forcing recovery.
2026-06-08 17:25:21 0 [ERROR] InnoDB: Page [page id: space=0, page number=367] log sequence number 364997 is in the future! Current system log sequence number 306541.
2026-06-08 17:25:21 0 [ERROR] InnoDB: Your database may be corrupt or you may have copied the InnoDB tablespace but not the InnoDB log files. Please refer to https://mariadb.com/kb/en/library/innodb-recovery-modes/ for information about forcing recovery.
2026-06-08 17:25:21 0 [ERROR] InnoDB: Page [page id: space=0, page number=231] log sequence number 365041 is in the future! Current system log sequence number 306541.
2026-06-08 17:25:21 0 [ERROR] InnoDB: Your database may be corrupt or you may have copied the InnoDB tablespace but not the InnoDB log files. Please refer to https://mariadb.com/kb/en/library/innodb-recovery-modes/ for information about forcing recovery.
2026-06-08 17:25:21 0 [ERROR] InnoDB: Page [page id: space=0, page number=368] log sequence number 365041 is in the future! Current system log sequence number 306541.
2026-06-08 17:25:21 0 [ERROR] InnoDB: Your database may be corrupt or you may have copied the InnoDB tablespace but not the InnoDB log files. Please refer to https://mariadb.com/kb/en/library/innodb-recovery-modes/ for information about forcing recovery.
2026-06-08 17:25:21 0 [ERROR] InnoDB: Page [page id: space=0, page number=232] log sequence number 365101 is in the future! Current system log sequence number 306541.
2026-06-08 17:25:21 0 [ERROR] InnoDB: Your database may be corrupt or you may have copied the InnoDB tablespace but not the InnoDB log files. Please refer to https://mariadb.com/kb/en/library/innodb-recovery-modes/ for information about forcing recovery.
2026-06-08 17:25:21 0 [ERROR] InnoDB: Page [page id: space=0, page number=373] log sequence number 365101 is in the future! Current system log sequence number 306541.
2026-06-08 17:25:21 0 [ERROR] InnoDB: Your database may be corrupt or you may have copied the InnoDB tablespace but not the InnoDB log files. Please refer to https://mariadb.com/kb/en/library/innodb-recovery-modes/ for information about forcing recovery.
2026-06-08 17:25:21 0 [ERROR] InnoDB: Page [page id: space=0, page number=233] log sequence number 365145 is in the future! Current system log sequence number 306541.
2026-06-08 17:25:21 0 [ERROR] InnoDB: Your database may be corrupt or you may have copied the InnoDB tablespace but not the InnoDB log files. Please refer to https://mariadb.com/kb/en/library/innodb-recovery-modes/ for information about forcing recovery.
2026-06-08 17:25:21 0 [ERROR] InnoDB: Page [page id: space=0, page number=374] log sequence number 365145 is in the future! Current system log sequence number 306541.
2026-06-08 17:25:21 0 [ERROR] InnoDB: Your database may be corrupt or you may have copied the InnoDB tablespace but not the InnoDB log files. Please refer to https://mariadb.com/kb/en/library/innodb-recovery-modes/ for information about forcing recovery.
2026-06-08 17:25:21 0 [ERROR] InnoDB: Page [page id: space=0, page number=234] log sequence number 365189 is in the future! Current system log sequence number 306541.
2026-06-08 17:25:21 0 [ERROR] InnoDB: Your database may be corrupt or you may have copied the InnoDB tablespace but not the InnoDB log files. Please refer to https://mariadb.com/kb/en/library/innodb-recovery-modes/ for information about forcing recovery.
2026-06-08 17:25:21 0 [ERROR] InnoDB: Page [page id: space=0, page number=375] log sequence number 365189 is in the future! Current system log sequence number 306541.
2026-06-08 17:25:21 0 [ERROR] InnoDB: Your database may be corrupt or you may have copied the InnoDB tablespace but not the InnoDB log files. Please refer to https://mariadb.com/kb/en/library/innodb-recovery-modes/ for information about forcing recovery.
2026-06-08 17:25:21 0 [ERROR] InnoDB: Page [page id: space=0, page number=235] log sequence number 365233 is in the future! Current system log sequence number 306541.
2026-06-08 17:25:21 0 [ERROR] InnoDB: Your database may be corrupt or you may have copied the InnoDB tablespace but not the InnoDB log files. Please refer to https://mariadb.com/kb/en/library/innodb-recovery-modes/ for information about forcing recovery.
2026-06-08 17:25:21 0 [ERROR] InnoDB: Page [page id: space=0, page number=376] log sequence number 365233 is in the future! Current system log sequence number 306541.
2026-06-08 17:25:21 0 [ERROR] InnoDB: Your database may be corrupt or you may have copied the InnoDB tablespace but not the InnoDB log files. Please refer to https://mariadb.com/kb/en/library/innodb-recovery-modes/ for information about forcing recovery.
2026-06-08 17:25:21 0 [ERROR] InnoDB: Page [page id: space=0, page number=236] log sequence number 365277 is in the future! Current system log sequence number 306541.
2026-06-08 17:25:21 0 [ERROR] InnoDB: Your database may be corrupt or you may have copied the InnoDB tablespace but not the InnoDB log files. Please refer to https://mariadb.com/kb/en/library/innodb-recovery-modes/ for information about forcing recovery.
2026-06-08 17:25:21 0 [ERROR] InnoDB: Page [page id: space=0, page number=431] log sequence number 365277 is in the future! Current system log sequence number 306541.
2026-06-08 17:25:21 0 [ERROR] InnoDB: Your database may be corrupt or you may have copied the InnoDB tablespace but not the InnoDB log files. Please refer to https://mariadb.com/kb/en/library/innodb-recovery-modes/ for information about forcing recovery.
2026-06-08 17:25:21 0 [ERROR] InnoDB: Page [page id: space=0, page number=237] log sequence number 365321 is in the future! Current system log sequence number 306541.
2026-06-08 17:25:21 0 [ERROR] InnoDB: Your database may be corrupt or you may have copied the InnoDB tablespace but not the InnoDB log files. Please refer to https://mariadb.com/kb/en/library/innodb-recovery-modes/ for information about forcing recovery.
2026-06-08 17:25:21 0 [ERROR] InnoDB: Page [page id: space=0, page number=377] log sequence number 365321 is in the future! Current system log sequence number 306541.
2026-06-08 17:25:21 0 [ERROR] InnoDB: Your database may be corrupt or you may have copied the InnoDB tablespace but not the InnoDB log files. Please refer to https://mariadb.com/kb/en/library/innodb-recovery-modes/ for information about forcing recovery.
2026-06-08 17:25:21 0 [ERROR] InnoDB: Page [page id: space=0, page number=238] log sequence number 365365 is in the future! Current system log sequence number 306541.
2026-06-08 17:25:21 0 [ERROR] InnoDB: Your database may be corrupt or you may have copied the InnoDB tablespace but not the InnoDB log files. Please refer to https://mariadb.com/kb/en/library/innodb-recovery-modes/ for information about forcing recovery.
2026-06-08 17:25:21 0 [ERROR] InnoDB: Page [page id: space=0, page number=378] log sequence number 365365 is in the future! Current system log sequence number 306541.
2026-06-08 17:25:21 0 [ERROR] InnoDB: Your database may be corrupt or you may have copied the InnoDB tablespace but not the InnoDB log files. Please refer to https://mariadb.com/kb/en/library/innodb-recovery-modes/ for information about forcing recovery.
2026-06-08 17:25:21 0 [ERROR] InnoDB: Page [page id: space=0, page number=239] log sequence number 370749 is in the future! Current system log sequence number 306541.
2026-06-08 17:25:21 0 [ERROR] InnoDB: Your database may be corrupt or you may have copied the InnoDB tablespace but not the InnoDB log files. Please refer to https://mariadb.com/kb/en/library/innodb-recovery-modes/ for information about forcing recovery.
2026-06-08 17:25:21 0 [ERROR] InnoDB: Page [page id: space=0, page number=379] log sequence number 370749 is in the future! Current system log sequence number 306541.
2026-06-08 17:25:21 0 [ERROR] InnoDB: Your database may be corrupt or you may have copied the InnoDB tablespace but not the InnoDB log files. Please refer to https://mariadb.com/kb/en/library/innodb-recovery-modes/ for information about forcing recovery.
2026-06-08 17:25:21 0 [ERROR] InnoDB: Page [page id: space=0, page number=240] log sequence number 370793 is in the future! Current system log sequence number 306541.
2026-06-08 17:25:21 0 [ERROR] InnoDB: Your database may be corrupt or you may have copied the InnoDB tablespace but not the InnoDB log files. Please refer to https://mariadb.com/kb/en/library/innodb-recovery-modes/ for information about forcing recovery.
2026-06-08 17:25:21 0 [ERROR] InnoDB: Page [page id: space=0, page number=369] log sequence number 370793 is in the future! Current system log sequence number 306541.
2026-06-08 17:25:21 0 [ERROR] InnoDB: Your database may be corrupt or you may have copied the InnoDB tablespace but not the InnoDB log files. Please refer to https://mariadb.com/kb/en/library/innodb-recovery-modes/ for information about forcing recovery.
2026-06-08 17:25:21 0 [ERROR] InnoDB: Page [page id: space=0, page number=241] log sequence number 370837 is in the future! Current system log sequence number 306541.
2026-06-08 17:25:21 0 [ERROR] InnoDB: Your database may be corrupt or you may have copied the InnoDB tablespace but not the InnoDB log files. Please refer to https://mariadb.com/kb/en/library/innodb-recovery-modes/ for information about forcing recovery.
2026-06-08 17:25:21 0 [ERROR] InnoDB: Page [page id: space=0, page number=380] log sequence number 370837 is in the future! Current system log sequence number 306541.
2026-06-08 17:25:21 0 [ERROR] InnoDB: Your database may be corrupt or you may have copied the InnoDB tablespace but not the InnoDB log files. Please refer to https://mariadb.com/kb/en/library/innodb-recovery-modes/ for information about forcing recovery.
2026-06-08 17:25:21 0 [ERROR] InnoDB: Page [page id: space=0, page number=242] log sequence number 370881 is in the future! Current system log sequence number 306541.
2026-06-08 17:25:21 0 [ERROR] InnoDB: Your database may be corrupt or you may have copied the InnoDB tablespace but not the InnoDB log files. Please refer to https://mariadb.com/kb/en/library/innodb-recovery-modes/ for information about forcing recovery.
2026-06-08 17:25:21 0 [ERROR] InnoDB: Page [page id: space=0, page number=381] log sequence number 370881 is in the future! Current system log sequence number 306541.
2026-06-08 17:25:21 0 [ERROR] InnoDB: Your database may be corrupt or you may have copied the InnoDB tablespace but not the InnoDB log files. Please refer to https://mariadb.com/kb/en/library/innodb-recovery-modes/ for information about forcing recovery.
2026-06-08 17:25:21 0 [ERROR] InnoDB: Page [page id: space=0, page number=244] log sequence number 370925 is in the future! Current system log sequence number 306541.
2026-06-08 17:25:21 0 [ERROR] InnoDB: Your database may be corrupt or you may have copied the InnoDB tablespace but not the InnoDB log files. Please refer to https://mariadb.com/kb/en/library/innodb-recovery-modes/ for information about forcing recovery.
2026-06-08 17:25:21 0 [ERROR] InnoDB: Page [page id: space=0, page number=384] log sequence number 370925 is in the future! Current system log sequence number 306541.
2026-06-08 17:25:21 0 [ERROR] InnoDB: Your database may be corrupt or you may have copied the InnoDB tablespace but not the InnoDB log files. Please refer to https://mariadb.com/kb/en/library/innodb-recovery-modes/ for information about forcing recovery.
2026-06-08 17:25:21 0 [ERROR] InnoDB: Page [page id: space=0, page number=245] log sequence number 370969 is in the future! Current system log sequence number 306541.
2026-06-08 17:25:21 0 [ERROR] InnoDB: Your database may be corrupt or you may have copied the InnoDB tablespace but not the InnoDB log files. Please refer to https://mariadb.com/kb/en/library/innodb-recovery-modes/ for information about forcing recovery.
2026-06-08 17:25:21 0 [ERROR] InnoDB: Page [page id: space=0, page number=382] log sequence number 370969 is in the future! Current system log sequence number 306541.
2026-06-08 17:25:21 0 [ERROR] InnoDB: Your database may be corrupt or you may have copied the InnoDB tablespace but not the InnoDB log files. Please refer to https://mariadb.com/kb/en/library/innodb-recovery-modes/ for information about forcing recovery.
2026-06-08 17:25:21 0 [ERROR] InnoDB: Page [page id: space=0, page number=246] log sequence number 371013 is in the future! Current system log sequence number 306541.
2026-06-08 17:25:21 0 [ERROR] InnoDB: Your database may be corrupt or you may have copied the InnoDB tablespace but not the InnoDB log files. Please refer to https://mariadb.com/kb/en/library/innodb-recovery-modes/ for information about forcing recovery.
2026-06-08 17:25:21 0 [ERROR] InnoDB: Page [page id: space=0, page number=383] log sequence number 371013 is in the future! Current system log sequence number 306541.
2026-06-08 17:25:21 0 [ERROR] InnoDB: Your database may be corrupt or you may have copied the InnoDB tablespace but not the InnoDB log files. Please refer to https://mariadb.com/kb/en/library/innodb-recovery-modes/ for information about forcing recovery.
2026-06-08 17:25:21 0 [ERROR] InnoDB: Page [page id: space=0, page number=247] log sequence number 371057 is in the future! Current system log sequence number 306541.
2026-06-08 17:25:21 0 [ERROR] InnoDB: Your database may be corrupt or you may have copied the InnoDB tablespace but not the InnoDB log files. Please refer to https://mariadb.com/kb/en/library/innodb-recovery-modes/ for information about forcing recovery.
2026-06-08 17:25:21 0 [ERROR] InnoDB: Page [page id: space=0, page number=432] log sequence number 371057 is in the future! Current system log sequence number 306541.
2026-06-08 17:25:21 0 [ERROR] InnoDB: Your database may be corrupt or you may have copied the InnoDB tablespace but not the InnoDB log files. Please refer to https://mariadb.com/kb/en/library/innodb-recovery-modes/ for information about forcing recovery.
2026-06-08 17:25:21 0 [ERROR] InnoDB: Page [page id: space=0, page number=248] log sequence number 371101 is in the future! Current system log sequence number 306541.
2026-06-08 17:25:21 0 [ERROR] InnoDB: Your database may be corrupt or you may have copied the InnoDB tablespace but not the InnoDB log files. Please refer to https://mariadb.com/kb/en/library/innodb-recovery-modes/ for information about forcing recovery.
2026-06-08 17:25:21 0 [ERROR] InnoDB: Page [page id: space=0, page number=385] log sequence number 371101 is in the future! Current system log sequence number 306541.
2026-06-08 17:25:21 0 [ERROR] InnoDB: Your database may be corrupt or you may have copied the InnoDB tablespace but not the InnoDB log files. Please refer to https://mariadb.com/kb/en/library/innodb-recovery-modes/ for information about forcing recovery.
2026-06-08 17:25:21 0 [ERROR] InnoDB: Page [page id: space=0, page number=249] log sequence number 376354 is in the future! Current system log sequence number 306541.
2026-06-08 17:25:21 0 [ERROR] InnoDB: Your database may be corrupt or you may have copied the InnoDB tablespace but not the InnoDB log files. Please refer to https://mariadb.com/kb/en/library/innodb-recovery-modes/ for information about forcing recovery.
2026-06-08 17:25:21 0 [ERROR] InnoDB: Page [page id: space=0, page number=370] log sequence number 376354 is in the future! Current system log sequence number 306541.
2026-06-08 17:25:21 0 [ERROR] InnoDB: Your database may be corrupt or you may have copied the InnoDB tablespace but not the InnoDB log files. Please refer to https://mariadb.com/kb/en/library/innodb-recovery-modes/ for information about forcing recovery.
2026-06-08 17:25:21 0 [ERROR] InnoDB: Page [page id: space=0, page number=250] log sequence number 376398 is in the future! Current system log sequence number 306541.
2026-06-08 17:25:21 0 [ERROR] InnoDB: Your database may be corrupt or you may have copied the InnoDB tablespace but not the InnoDB log files. Please refer to https://mariadb.com/kb/en/library/innodb-recovery-modes/ for information about forcing recovery.
2026-06-08 17:25:21 0 [ERROR] InnoDB: Page [page id: space=0, page number=371] log sequence number 376398 is in the future! Current system log sequence number 306541.
2026-06-08 17:25:21 0 [ERROR] InnoDB: Your database may be corrupt or you may have copied the InnoDB tablespace but not the InnoDB log files. Please refer to https://mariadb.com/kb/en/library/innodb-recovery-modes/ for information about forcing recovery.
2026-06-08 17:25:21 0 [ERROR] InnoDB: Page [page id: space=0, page number=251] log sequence number 376442 is in the future! Current system log sequence number 306541.
2026-06-08 17:25:21 0 [ERROR] InnoDB: Your database may be corrupt or you may have copied the InnoDB tablespace but not the InnoDB log files. Please refer to https://mariadb.com/kb/en/library/innodb-recovery-modes/ for information about forcing recovery.
2026-06-08 17:25:21 0 [ERROR] InnoDB: Page [page id: space=0, page number=386] log sequence number 376442 is in the future! Current system log sequence number 306541.
2026-06-08 17:25:21 0 [ERROR] InnoDB: Your database may be corrupt or you may have copied the InnoDB tablespace but not the InnoDB log files. Please refer to https://mariadb.com/kb/en/library/innodb-recovery-modes/ for information about forcing recovery.
2026-06-08 17:25:21 0 [ERROR] InnoDB: Page [page id: space=0, page number=252] log sequence number 376486 is in the future! Current system log sequence number 306541.
2026-06-08 17:25:21 0 [ERROR] InnoDB: Your database may be corrupt or you may have copied the InnoDB tablespace but not the InnoDB log files. Please refer to https://mariadb.com/kb/en/library/innodb-recovery-modes/ for information about forcing recovery.
2026-06-08 17:25:21 0 [ERROR] InnoDB: Page [page id: space=0, page number=387] log sequence number 376486 is in the future! Current system log sequence number 306541.
2026-06-08 17:25:21 0 [ERROR] InnoDB: Your database may be corrupt or you may have copied the InnoDB tablespace but not the InnoDB log files. Please refer to https://mariadb.com/kb/en/library/innodb-recovery-modes/ for information about forcing recovery.
2026-06-08 17:25:21 0 [ERROR] InnoDB: Page [page id: space=0, page number=253] log sequence number 376530 is in the future! Current system log sequence number 306541.
2026-06-08 17:25:21 0 [ERROR] InnoDB: Your database may be corrupt or you may have copied the InnoDB tablespace but not the InnoDB log files. Please refer to https://mariadb.com/kb/en/library/innodb-recovery-modes/ for information about forcing recovery.
2026-06-08 17:25:21 0 [ERROR] InnoDB: Page [page id: space=0, page number=372] log sequence number 376530 is in the future! Current system log sequence number 306541.
2026-06-08 17:25:21 0 [ERROR] InnoDB: Your database may be corrupt or you may have copied the InnoDB tablespace but not the InnoDB log files. Please refer to https://mariadb.com/kb/en/library/innodb-recovery-modes/ for information about forcing recovery.
2026-06-08 17:25:21 0 [ERROR] InnoDB: Page [page id: space=0, page number=254] log sequence number 376574 is in the future! Current system log sequence number 306541.
2026-06-08 17:25:21 0 [ERROR] InnoDB: Your database may be corrupt or you may have copied the InnoDB tablespace but not the InnoDB log files. Please refer to https://mariadb.com/kb/en/library/innodb-recovery-modes/ for information about forcing recovery.
2026-06-08 17:25:21 0 [ERROR] InnoDB: Page [page id: space=0, page number=388] log sequence number 376574 is in the future! Current system log sequence number 306541.
2026-06-08 17:25:21 0 [ERROR] InnoDB: Your database may be corrupt or you may have copied the InnoDB tablespace but not the InnoDB log files. Please refer to https://mariadb.com/kb/en/library/innodb-recovery-modes/ for information about forcing recovery.
2026-06-08 17:25:21 0 [ERROR] InnoDB: Page [page id: space=0, page number=255] log sequence number 376618 is in the future! Current system log sequence number 306541.
2026-06-08 17:25:21 0 [ERROR] InnoDB: Your database may be corrupt or you may have copied the InnoDB tablespace but not the InnoDB log files. Please refer to https://mariadb.com/kb/en/library/innodb-recovery-modes/ for information about forcing recovery.
2026-06-08 17:25:21 0 [ERROR] InnoDB: Page [page id: space=0, page number=389] log sequence number 376618 is in the future! Current system log sequence number 306541.
2026-06-08 17:25:21 0 [ERROR] InnoDB: Your database may be corrupt or you may have copied the InnoDB tablespace but not the InnoDB log files. Please refer to https://mariadb.com/kb/en/library/innodb-recovery-modes/ for information about forcing recovery.
2026-06-08 17:25:21 0 [ERROR] InnoDB: Page [page id: space=0, page number=256] log sequence number 376662 is in the future! Current system log sequence number 306541.
2026-06-08 17:25:21 0 [ERROR] InnoDB: Your database may be corrupt or you may have copied the InnoDB tablespace but not the InnoDB log files. Please refer to https://mariadb.com/kb/en/library/innodb-recovery-modes/ for information about forcing recovery.
2026-06-08 17:25:21 0 [ERROR] InnoDB: Page [page id: space=0, page number=390] log sequence number 376662 is in the future! Current system log sequence number 306541.
2026-06-08 17:25:21 0 [ERROR] InnoDB: Your database may be corrupt or you may have copied the InnoDB tablespace but not the InnoDB log files. Please refer to https://mariadb.com/kb/en/library/innodb-recovery-modes/ for information about forcing recovery.
2026-06-08 17:25:21 0 [ERROR] InnoDB: Page [page id: space=0, page number=257] log sequence number 376706 is in the future! Current system log sequence number 306541.
2026-06-08 17:25:21 0 [ERROR] InnoDB: Your database may be corrupt or you may have copied the InnoDB tablespace but not the InnoDB log files. Please refer to https://mariadb.com/kb/en/library/innodb-recovery-modes/ for information about forcing recovery.
2026-06-08 17:25:21 0 [ERROR] InnoDB: Page [page id: space=0, page number=391] log sequence number 376706 is in the future! Current system log sequence number 306541.
2026-06-08 17:25:21 0 [ERROR] InnoDB: Your database may be corrupt or you may have copied the InnoDB tablespace but not the InnoDB log files. Please refer to https://mariadb.com/kb/en/library/innodb-recovery-modes/ for information about forcing recovery.
2026-06-08 17:25:21 0 [ERROR] InnoDB: Page [page id: space=0, page number=258] log sequence number 382629 is in the future! Current system log sequence number 306541.
2026-06-08 17:25:21 0 [ERROR] InnoDB: Your database may be corrupt or you may have copied the InnoDB tablespace but not the InnoDB log files. Please refer to https://mariadb.com/kb/en/library/innodb-recovery-modes/ for information about forcing recovery.
2026-06-08 17:25:21 0 [ERROR] InnoDB: Page [page id: space=0, page number=392] log sequence number 382629 is in the future! Current system log sequence number 306541.
2026-06-08 17:25:21 0 [ERROR] InnoDB: Your database may be corrupt or you may have copied the InnoDB tablespace but not the InnoDB log files. Please refer to https://mariadb.com/kb/en/library/innodb-recovery-modes/ for information about forcing recovery.
2026-06-08 17:25:21 0 [ERROR] InnoDB: Page [page id: space=0, page number=259] log sequence number 382673 is in the future! Current system log sequence number 306541.
2026-06-08 17:25:21 0 [ERROR] InnoDB: Your database may be corrupt or you may have copied the InnoDB tablespace but not the InnoDB log files. Please refer to https://mariadb.com/kb/en/library/innodb-recovery-modes/ for information about forcing recovery.
2026-06-08 17:25:21 0 [ERROR] InnoDB: Page [page id: space=0, page number=393] log sequence number 382673 is in the future! Current system log sequence number 306541.
2026-06-08 17:25:21 0 [ERROR] InnoDB: Your database may be corrupt or you may have copied the InnoDB tablespace but not the InnoDB log files. Please refer to https://mariadb.com/kb/en/library/innodb-recovery-modes/ for information about forcing recovery.
2026-06-08 17:25:21 0 [ERROR] InnoDB: Page [page id: space=0, page number=260] log sequence number 382717 is in the future! Current system log sequence number 306541.
2026-06-08 17:25:21 0 [ERROR] InnoDB: Your database may be corrupt or you may have copied the InnoDB tablespace but not the InnoDB log files. Please refer to https://mariadb.com/kb/en/library/innodb-recovery-modes/ for information about forcing recovery.
2026-06-08 17:25:21 0 [ERROR] InnoDB: Page [page id: space=0, page number=396] log sequence number 382717 is in the future! Current system log sequence number 306541.
2026-06-08 17:25:21 0 [ERROR] InnoDB: Your database may be corrupt or you may have copied the InnoDB tablespace but not the InnoDB log files. Please refer to https://mariadb.com/kb/en/library/innodb-recovery-modes/ for information about forcing recovery.
2026-06-08 17:25:21 0 [ERROR] InnoDB: Page [page id: space=0, page number=261] log sequence number 382761 is in the future! Current system log sequence number 306541.
2026-06-08 17:25:21 0 [ERROR] InnoDB: Your database may be corrupt or you may have copied the InnoDB tablespace but not the InnoDB log files. Please refer to https://mariadb.com/kb/en/library/innodb-recovery-modes/ for information about forcing recovery.
2026-06-08 17:25:21 0 [ERROR] InnoDB: Page [page id: space=0, page number=394] log sequence number 382761 is in the future! Current system log sequence number 306541.
2026-06-08 17:25:21 0 [ERROR] InnoDB: Your database may be corrupt or you may have copied the InnoDB tablespace but not the InnoDB log files. Please refer to https://mariadb.com/kb/en/library/innodb-recovery-modes/ for information about forcing recovery.
2026-06-08 17:25:21 0 [ERROR] InnoDB: Page [page id: space=0, page number=262] log sequence number 382805 is in the future! Current system log sequence number 306541.
2026-06-08 17:25:21 0 [ERROR] InnoDB: Your database may be corrupt or you may have copied the InnoDB tablespace but not the InnoDB log files. Please refer to https://mariadb.com/kb/en/library/innodb-recovery-modes/ for information about forcing recovery.
2026-06-08 17:25:21 0 [ERROR] InnoDB: Page [page id: space=0, page number=395] log sequence number 382805 is in the future! Current system log sequence number 306541.
2026-06-08 17:25:21 0 [ERROR] InnoDB: Your database may be corrupt or you may have copied the InnoDB tablespace but not the InnoDB log files. Please refer to https://mariadb.com/kb/en/library/innodb-recovery-modes/ for information about forcing recovery.
2026-06-08 17:25:21 0 [ERROR] InnoDB: Page [page id: space=0, page number=263] log sequence number 382849 is in the future! Current system log sequence number 306541.
2026-06-08 17:25:21 0 [ERROR] InnoDB: Your database may be corrupt or you may have copied the InnoDB tablespace but not the InnoDB log files. Please refer to https://mariadb.com/kb/en/library/innodb-recovery-modes/ for information about forcing recovery.
2026-06-08 17:25:21 0 [ERROR] InnoDB: Page [page id: space=0, page number=433] log sequence number 382849 is in the future! Current system log sequence number 306541.
2026-06-08 17:25:21 0 [ERROR] InnoDB: Your database may be corrupt or you may have copied the InnoDB tablespace but not the InnoDB log files. Please refer to https://mariadb.com/kb/en/library/innodb-recovery-modes/ for information about forcing recovery.
2026-06-08 17:25:21 0 [ERROR] InnoDB: Page [page id: space=0, page number=264] log sequence number 382893 is in the future! Current system log sequence number 306541.
2026-06-08 17:25:21 0 [ERROR] InnoDB: Your database may be corrupt or you may have copied the InnoDB tablespace but not the InnoDB log files. Please refer to https://mariadb.com/kb/en/library/innodb-recovery-modes/ for information about forcing recovery.
2026-06-08 17:25:21 0 [ERROR] InnoDB: Page [page id: space=0, page number=397] log sequence number 382893 is in the future! Current system log sequence number 306541.
2026-06-08 17:25:21 0 [ERROR] InnoDB: Your database may be corrupt or you may have copied the InnoDB tablespace but not the InnoDB log files. Please refer to https://mariadb.com/kb/en/library/innodb-recovery-modes/ for information about forcing recovery.
2026-06-08 17:25:21 0 [ERROR] InnoDB: Page [page id: space=0, page number=265] log sequence number 382937 is in the future! Current system log sequence number 306541.
2026-06-08 17:25:21 0 [ERROR] InnoDB: Your database may be corrupt or you may have copied the InnoDB tablespace but not the InnoDB log files. Please refer to https://mariadb.com/kb/en/library/innodb-recovery-modes/ for information about forcing recovery.
2026-06-08 17:25:21 0 [ERROR] InnoDB: Page [page id: space=0, page number=398] log sequence number 382937 is in the future! Current system log sequence number 306541.
2026-06-08 17:25:21 0 [ERROR] InnoDB: Your database may be corrupt or you may have copied the InnoDB tablespace but not the InnoDB log files. Please refer to https://mariadb.com/kb/en/library/innodb-recovery-modes/ for information about forcing recovery.
2026-06-08 17:25:21 0 [ERROR] InnoDB: Page [page id: space=0, page number=266] log sequence number 382997 is in the future! Current system log sequence number 306541.
2026-06-08 17:25:21 0 [ERROR] InnoDB: Your database may be corrupt or you may have copied the InnoDB tablespace but not the InnoDB log files. Please refer to https://mariadb.com/kb/en/library/innodb-recovery-modes/ for information about forcing recovery.
2026-06-08 17:25:21 0 [ERROR] InnoDB: Page [page id: space=0, page number=434] log sequence number 382997 is in the future! Current system log sequence number 306541.
2026-06-08 17:25:21 0 [ERROR] InnoDB: Your database may be corrupt or you may have copied the InnoDB tablespace but not the InnoDB log files. Please refer to https://mariadb.com/kb/en/library/innodb-recovery-modes/ for information about forcing recovery.
2026-06-08 17:25:21 0 [ERROR] InnoDB: Page [page id: space=0, page number=269] log sequence number 359334 is in the future! Current system log sequence number 306541.
2026-06-08 17:25:21 0 [ERROR] InnoDB: Your database may be corrupt or you may have copied the InnoDB tablespace but not the InnoDB log files. Please refer to https://mariadb.com/kb/en/library/innodb-recovery-modes/ for information about forcing recovery.
2026-06-08 17:25:21 0 [ERROR] InnoDB: Page [page id: space=0, page number=400] log sequence number 359334 is in the future! Current system log sequence number 306541.
2026-06-08 17:25:21 0 [ERROR] InnoDB: Your database may be corrupt or you may have copied the InnoDB tablespace but not the InnoDB log files. Please refer to https://mariadb.com/kb/en/library/innodb-recovery-modes/ for information about forcing recovery.
2026-06-08 17:25:21 0 [ERROR] InnoDB: Page [page id: space=0, page number=270] log sequence number 359378 is in the future! Current system log sequence number 306541.
2026-06-08 17:25:21 0 [ERROR] InnoDB: Your database may be corrupt or you may have copied the InnoDB tablespace but not the InnoDB log files. Please refer to https://mariadb.com/kb/en/library/innodb-recovery-modes/ for information about forcing recovery.
2026-06-08 17:25:21 0 [ERROR] InnoDB: Page [page id: space=0, page number=401] log sequence number 359378 is in the future! Current system log sequence number 306541.
2026-06-08 17:25:21 0 [ERROR] InnoDB: Your database may be corrupt or you may have copied the InnoDB tablespace but not the InnoDB log files. Please refer to https://mariadb.com/kb/en/library/innodb-recovery-modes/ for information about forcing recovery.
2026-06-08 17:25:21 0 [ERROR] InnoDB: Page [page id: space=0, page number=271] log sequence number 360018 is in the future! Current system log sequence number 306541.
2026-06-08 17:25:21 0 [ERROR] InnoDB: Your database may be corrupt or you may have copied the InnoDB tablespace but not the InnoDB log files. Please refer to https://mariadb.com/kb/en/library/innodb-recovery-modes/ for information about forcing recovery.
2026-06-08 17:25:21 0 [ERROR] InnoDB: Page [page id: space=0, page number=402] log sequence number 360018 is in the future! Current system log sequence number 306541.
2026-06-08 17:25:21 0 [ERROR] InnoDB: Your database may be corrupt or you may have copied the InnoDB tablespace but not the InnoDB log files. Please refer to https://mariadb.com/kb/en/library/innodb-recovery-modes/ for information about forcing recovery.
2026-06-08 17:25:21 0 [ERROR] InnoDB: Page [page id: space=0, page number=273] log sequence number 373289 is in the future! Current system log sequence number 306541.
2026-06-08 17:25:21 0 [ERROR] InnoDB: Your database may be corrupt or you may have copied the InnoDB tablespace but not the InnoDB log files. Please refer to https://mariadb.com/kb/en/library/innodb-recovery-modes/ for information about forcing recovery.
2026-06-08 17:25:21 0 [ERROR] InnoDB: Page [page id: space=0, page number=403] log sequence number 373289 is in the future! Current system log sequence number 306541.
2026-06-08 17:25:21 0 [ERROR] InnoDB: Your database may be corrupt or you may have copied the InnoDB tablespace but not the InnoDB log files. Please refer to https://mariadb.com/kb/en/library/innodb-recovery-modes/ for information about forcing recovery.
2026-06-08 17:25:21 0 [ERROR] InnoDB: Page [page id: space=0, page number=275] log sequence number 373333 is in the future! Current system log sequence number 306541.
2026-06-08 17:25:21 0 [ERROR] InnoDB: Your database may be corrupt or you may have copied the InnoDB tablespace but not the InnoDB log files. Please refer to https://mariadb.com/kb/en/library/innodb-recovery-modes/ for information about forcing recovery.
2026-06-08 17:25:21 0 [ERROR] InnoDB: Page [page id: space=0, page number=404] log sequence number 373333 is in the future! Current system log sequence number 306541.
2026-06-08 17:25:21 0 [ERROR] InnoDB: Your database may be corrupt or you may have copied the InnoDB tablespace but not the InnoDB log files. Please refer to https://mariadb.com/kb/en/library/innodb-recovery-modes/ for information about forcing recovery.
2026-06-08 17:25:21 0 [ERROR] InnoDB: Page [page id: space=0, page number=276] log sequence number 373377 is in the future! Current system log sequence number 306541.
2026-06-08 17:25:21 0 [ERROR] InnoDB: Your database may be corrupt or you may have copied the InnoDB tablespace but not the InnoDB log files. Please refer to https://mariadb.com/kb/en/library/innodb-recovery-modes/ for information about forcing recovery.
2026-06-08 17:25:21 0 [ERROR] InnoDB: Page [page id: space=0, page number=405] log sequence number 373377 is in the future! Current system log sequence number 306541.
2026-06-08 17:25:21 0 [ERROR] InnoDB: Your database may be corrupt or you may have copied the InnoDB tablespace but not the InnoDB log files. Please refer to https://mariadb.com/kb/en/library/innodb-recovery-modes/ for information about forcing recovery.
2026-06-08 17:25:21 0 [ERROR] InnoDB: Page [page id: space=0, page number=277] log sequence number 373421 is in the future! Current system log sequence number 306541.
2026-06-08 17:25:21 0 [ERROR] InnoDB: Your database may be corrupt or you may have copied the InnoDB tablespace but not the InnoDB log files. Please refer to https://mariadb.com/kb/en/library/innodb-recovery-modes/ for information about forcing recovery.
2026-06-08 17:25:21 0 [ERROR] InnoDB: Page [page id: space=0, page number=406] log sequence number 373421 is in the future! Current system log sequence number 306541.
2026-06-08 17:25:21 0 [ERROR] InnoDB: Your database may be corrupt or you may have copied the InnoDB tablespace but not the InnoDB log files. Please refer to https://mariadb.com/kb/en/library/innodb-recovery-modes/ for information about forcing recovery.
2026-06-08 17:25:21 0 [ERROR] InnoDB: Page [page id: space=0, page number=278] log sequence number 373465 is in the future! Current system log sequence number 306541.
2026-06-08 17:25:21 0 [ERROR] InnoDB: Your database may be corrupt or you may have copied the InnoDB tablespace but not the InnoDB log files. Please refer to https://mariadb.com/kb/en/library/innodb-recovery-modes/ for information about forcing recovery.
2026-06-08 17:25:21 0 [ERROR] InnoDB: Page [page id: space=0, page number=407] log sequence number 373465 is in the future! Current system log sequence number 306541.
2026-06-08 17:25:21 0 [ERROR] InnoDB: Your database may be corrupt or you may have copied the InnoDB tablespace but not the InnoDB log files. Please refer to https://mariadb.com/kb/en/library/innodb-recovery-modes/ for information about forcing recovery.
2026-06-08 17:25:21 0 [ERROR] InnoDB: Page [page id: space=0, page number=279] log sequence number 373509 is in the future! Current system log sequence number 306541.
2026-06-08 17:25:21 0 [ERROR] InnoDB: Your database may be corrupt or you may have copied the InnoDB tablespace but not the InnoDB log files. Please refer to https://mariadb.com/kb/en/library/innodb-recovery-modes/ for information about forcing recovery.
2026-06-08 17:25:21 0 [ERROR] InnoDB: Page [page id: space=0, page number=409] log sequence number 373509 is in the future! Current system log sequence number 306541.
2026-06-08 17:25:21 0 [ERROR] InnoDB: Your database may be corrupt or you may have copied the InnoDB tablespace but not the InnoDB log files. Please refer to https://mariadb.com/kb/en/library/innodb-recovery-modes/ for information about forcing recovery.
2026-06-08 17:25:21 0 [ERROR] InnoDB: Page [page id: space=0, page number=280] log sequence number 373553 is in the future! Current system log sequence number 306541.
2026-06-08 17:25:21 0 [ERROR] InnoDB: Your database may be corrupt or you may have copied the InnoDB tablespace but not the InnoDB log files. Please refer to https://mariadb.com/kb/en/library/innodb-recovery-modes/ for information about forcing recovery.
2026-06-08 17:25:21 0 [ERROR] InnoDB: Page [page id: space=0, page number=410] log sequence number 373553 is in the future! Current system log sequence number 306541.
2026-06-08 17:25:21 0 [ERROR] InnoDB: Your database may be corrupt or you may have copied the InnoDB tablespace but not the InnoDB log files. Please refer to https://mariadb.com/kb/en/library/innodb-recovery-modes/ for information about forcing recovery.
2026-06-08 17:25:21 0 [ERROR] InnoDB: Page [page id: space=0, page number=281] log sequence number 373597 is in the future! Current system log sequence number 306541.
2026-06-08 17:25:21 0 [ERROR] InnoDB: Your database may be corrupt or you may have copied the InnoDB tablespace but not the InnoDB log files. Please refer to https://mariadb.com/kb/en/library/innodb-recovery-modes/ for information about forcing recovery.
2026-06-08 17:25:21 0 [ERROR] InnoDB: Page [page id: space=0, page number=411] log sequence number 373597 is in the future! Current system log sequence number 306541.
2026-06-08 17:25:21 0 [ERROR] InnoDB: Your database may be corrupt or you may have copied the InnoDB tablespace but not the InnoDB log files. Please refer to https://mariadb.com/kb/en/library/innodb-recovery-modes/ for information about forcing recovery.
2026-06-08 17:25:21 0 [ERROR] InnoDB: Page [page id: space=0, page number=282] log sequence number 373641 is in the future! Current system log sequence number 306541.
2026-06-08 17:25:21 0 [ERROR] InnoDB: Your database may be corrupt or you may have copied the InnoDB tablespace but not the InnoDB log files. Please refer to https://mariadb.com/kb/en/library/innodb-recovery-modes/ for information about forcing recovery.
2026-06-08 17:25:21 0 [ERROR] InnoDB: Page [page id: space=0, page number=412] log sequence number 373641 is in the future! Current system log sequence number 306541.
2026-06-08 17:25:21 0 [ERROR] InnoDB: Your database may be corrupt or you may have copied the InnoDB tablespace but not the InnoDB log files. Please refer to https://mariadb.com/kb/en/library/innodb-recovery-modes/ for information about forcing recovery.
2026-06-08 17:25:21 0 [ERROR] InnoDB: Page [page id: space=0, page number=283] log sequence number 373685 is in the future! Current system log sequence number 306541.
2026-06-08 17:25:21 0 [ERROR] InnoDB: Your database may be corrupt or you may have copied the InnoDB tablespace but not the InnoDB log files. Please refer to https://mariadb.com/kb/en/library/innodb-recovery-modes/ for information about forcing recovery.
2026-06-08 17:25:21 0 [ERROR] InnoDB: Page [page id: space=0, page number=413] log sequence number 373685 is in the future! Current system log sequence number 306541.
2026-06-08 17:25:21 0 [ERROR] InnoDB: Your database may be corrupt or you may have copied the InnoDB tablespace but not the InnoDB log files. Please refer to https://mariadb.com/kb/en/library/innodb-recovery-modes/ for information about forcing recovery.
2026-06-08 17:25:21 0 [ERROR] InnoDB: Page [page id: space=0, page number=284] log sequence number 373729 is in the future! Current system log sequence number 306541.
2026-06-08 17:25:21 0 [ERROR] InnoDB: Your database may be corrupt or you may have copied the InnoDB tablespace but not the InnoDB log files. Please refer to https://mariadb.com/kb/en/library/innodb-recovery-modes/ for information about forcing recovery.
2026-06-08 17:25:21 0 [ERROR] InnoDB: Page [page id: space=0, page number=414] log sequence number 373729 is in the future! Current system log sequence number 306541.
2026-06-08 17:25:21 0 [ERROR] InnoDB: Your database may be corrupt or you may have copied the InnoDB tablespace but not the InnoDB log files. Please refer to https://mariadb.com/kb/en/library/innodb-recovery-modes/ for information about forcing recovery.
2026-06-08 17:25:21 0 [ERROR] InnoDB: Page [page id: space=0, page number=285] log sequence number 373789 is in the future! Current system log sequence number 306541.
2026-06-08 17:25:21 0 [ERROR] InnoDB: Your database may be corrupt or you may have copied the InnoDB tablespace but not the InnoDB log files. Please refer to https://mariadb.com/kb/en/library/innodb-recovery-modes/ for information about forcing recovery.
2026-06-08 17:25:21 0 [ERROR] InnoDB: Page [page id: space=0, page number=415] log sequence number 373789 is in the future! Current system log sequence number 306541.
2026-06-08 17:25:21 0 [ERROR] InnoDB: Your database may be corrupt or you may have copied the InnoDB tablespace but not the InnoDB log files. Please refer to https://mariadb.com/kb/en/library/innodb-recovery-modes/ for information about forcing recovery.
2026-06-08 17:25:21 0 [ERROR] InnoDB: Page [page id: space=0, page number=286] log sequence number 373833 is in the future! Current system log sequence number 306541.
2026-06-08 17:25:21 0 [ERROR] InnoDB: Your database may be corrupt or you may have copied the InnoDB tablespace but not the InnoDB log files. Please refer to https://mariadb.com/kb/en/library/innodb-recovery-modes/ for information about forcing recovery.
2026-06-08 17:25:21 0 [ERROR] InnoDB: Page [page id: space=0, page number=416] log sequence number 373833 is in the future! Current system log sequence number 306541.
2026-06-08 17:25:21 0 [ERROR] InnoDB: Your database may be corrupt or you may have copied the InnoDB tablespace but not the InnoDB log files. Please refer to https://mariadb.com/kb/en/library/innodb-recovery-modes/ for information about forcing recovery.
2026-06-08 17:25:21 0 [ERROR] InnoDB: Page [page id: space=0, page number=287] log sequence number 373877 is in the future! Current system log sequence number 306541.
2026-06-08 17:25:21 0 [ERROR] InnoDB: Your database may be corrupt or you may have copied the InnoDB tablespace but not the InnoDB log files. Please refer to https://mariadb.com/kb/en/library/innodb-recovery-modes/ for information about forcing recovery.
2026-06-08 17:25:21 0 [ERROR] InnoDB: Page [page id: space=0, page number=417] log sequence number 373877 is in the future! Current system log sequence number 306541.
2026-06-08 17:25:21 0 [ERROR] InnoDB: Your database may be corrupt or you may have copied the InnoDB tablespace but not the InnoDB log files. Please refer to https://mariadb.com/kb/en/library/innodb-recovery-modes/ for information about forcing recovery.
2026-06-08 17:25:21 0 [ERROR] InnoDB: Page [page id: space=0, page number=288] log sequence number 373921 is in the future! Current system log sequence number 306541.
2026-06-08 17:25:21 0 [ERROR] InnoDB: Your database may be corrupt or you may have copied the InnoDB tablespace but not the InnoDB log files. Please refer to https://mariadb.com/kb/en/library/innodb-recovery-modes/ for information about forcing recovery.
2026-06-08 17:25:21 0 [ERROR] InnoDB: Page [page id: space=0, page number=418] log sequence number 373921 is in the future! Current system log sequence number 306541.
2026-06-08 17:25:21 0 [ERROR] InnoDB: Your database may be corrupt or you may have copied the InnoDB tablespace but not the InnoDB log files. Please refer to https://mariadb.com/kb/en/library/innodb-recovery-modes/ for information about forcing recovery.
2026-06-08 17:25:21 0 [ERROR] InnoDB: Page [page id: space=0, page number=289] log sequence number 373965 is in the future! Current system log sequence number 306541.
2026-06-08 17:25:21 0 [ERROR] InnoDB: Your database may be corrupt or you may have copied the InnoDB tablespace but not the InnoDB log files. Please refer to https://mariadb.com/kb/en/library/innodb-recovery-modes/ for information about forcing recovery.
2026-06-08 17:25:21 0 [ERROR] InnoDB: Page [page id: space=0, page number=419] log sequence number 373965 is in the future! Current system log sequence number 306541.
2026-06-08 17:25:21 0 [ERROR] InnoDB: Your database may be corrupt or you may have copied the InnoDB tablespace but not the InnoDB log files. Please refer to https://mariadb.com/kb/en/library/innodb-recovery-modes/ for information about forcing recovery.
2026-06-08 17:25:21 0 [ERROR] InnoDB: Page [page id: space=0, page number=290] log sequence number 374009 is in the future! Current system log sequence number 306541.
2026-06-08 17:25:21 0 [ERROR] InnoDB: Your database may be corrupt or you may have copied the InnoDB tablespace but not the InnoDB log files. Please refer to https://mariadb.com/kb/en/library/innodb-recovery-modes/ for information about forcing recovery.
2026-06-08 17:25:21 0 [ERROR] InnoDB: Page [page id: space=0, page number=420] log sequence number 374009 is in the future! Current system log sequence number 306541.
2026-06-08 17:25:21 0 [ERROR] InnoDB: Your database may be corrupt or you may have copied the InnoDB tablespace but not the InnoDB log files. Please refer to https://mariadb.com/kb/en/library/innodb-recovery-modes/ for information about forcing recovery.
2026-06-08 17:25:21 0 [ERROR] InnoDB: Page [page id: space=0, page number=291] log sequence number 374053 is in the future! Current system log sequence number 306541.
2026-06-08 17:25:21 0 [ERROR] InnoDB: Your database may be corrupt or you may have copied the InnoDB tablespace but not the InnoDB log files. Please refer to https://mariadb.com/kb/en/library/innodb-recovery-modes/ for information about forcing recovery.
2026-06-08 17:25:21 0 [ERROR] InnoDB: Page [page id: space=0, page number=421] log sequence number 374053 is in the future! Current system log sequence number 306541.
2026-06-08 17:25:21 0 [ERROR] InnoDB: Your database may be corrupt or you may have copied the InnoDB tablespace but not the InnoDB log files. Please refer to https://mariadb.com/kb/en/library/innodb-recovery-modes/ for information about forcing recovery.
2026-06-08 17:25:21 0 [ERROR] InnoDB: Page [page id: space=0, page number=292] log sequence number 382552 is in the future! Current system log sequence number 306541.
2026-06-08 17:25:21 0 [ERROR] InnoDB: Your database may be corrupt or you may have copied the InnoDB tablespace but not the InnoDB log files. Please refer to https://mariadb.com/kb/en/library/innodb-recovery-modes/ for information about forcing recovery.
2026-06-08 17:25:21 0 [ERROR] InnoDB: Page [page id: space=0, page number=422] log sequence number 382552 is in the future! Current system log sequence number 306541.
2026-06-08 17:25:21 0 [ERROR] InnoDB: Your database may be corrupt or you may have copied the InnoDB tablespace but not the InnoDB log files. Please refer to https://mariadb.com/kb/en/library/innodb-recovery-modes/ for information about forcing recovery.
2026-06-08 17:25:21 0 [ERROR] InnoDB: Page [page id: space=0, page number=293] log sequence number 382596 is in the future! Current system log sequence number 306541.
2026-06-08 17:25:21 0 [ERROR] InnoDB: Your database may be corrupt or you may have copied the InnoDB tablespace but not the InnoDB log files. Please refer to https://mariadb.com/kb/en/library/innodb-recovery-modes/ for information about forcing recovery.
2026-06-08 17:25:21 0 [ERROR] InnoDB: Page [page id: space=0, page number=423] log sequence number 382596 is in the future! Current system log sequence number 306541.
2026-06-08 17:25:21 0 [ERROR] InnoDB: Your database may be corrupt or you may have copied the InnoDB tablespace but not the InnoDB log files. Please refer to https://mariadb.com/kb/en/library/innodb-recovery-modes/ for information about forcing recovery.
2026-06-08 17:25:21 0 [ERROR] InnoDB: Page [page id: space=0, page number=294] log sequence number 382640 is in the future! Current system log sequence number 306541.
2026-06-08 17:25:21 0 [ERROR] InnoDB: Your database may be corrupt or you may have copied the InnoDB tablespace but not the InnoDB log files. Please refer to https://mariadb.com/kb/en/library/innodb-recovery-modes/ for information about forcing recovery.
2026-06-08 17:25:21 0 [ERROR] InnoDB: Page [page id: space=0, page number=424] log sequence number 382640 is in the future! Current system log sequence number 306541.
2026-06-08 17:25:21 0 [ERROR] InnoDB: Your database may be corrupt or you may have copied the InnoDB tablespace but not the InnoDB log files. Please refer to https://mariadb.com/kb/en/library/innodb-recovery-modes/ for information about forcing recovery.
2026-06-08 17:25:21 0 [ERROR] InnoDB: Page [page id: space=0, page number=295] log sequence number 382684 is in the future! Current system log sequence number 306541.
2026-06-08 17:25:21 0 [ERROR] InnoDB: Your database may be corrupt or you may have copied the InnoDB tablespace but not the InnoDB log files. Please refer to https://mariadb.com/kb/en/library/innodb-recovery-modes/ for information about forcing recovery.
2026-06-08 17:25:21 0 [ERROR] InnoDB: Page [page id: space=0, page number=425] log sequence number 382684 is in the future! Current system log sequence number 306541.
2026-06-08 17:25:21 0 [ERROR] InnoDB: Your database may be corrupt or you may have copied the InnoDB tablespace but not the InnoDB log files. Please refer to https://mariadb.com/kb/en/library/innodb-recovery-modes/ for information about forcing recovery.
2026-06-08 17:25:21 0 [ERROR] InnoDB: Page [page id: space=0, page number=296] log sequence number 382728 is in the future! Current system log sequence number 306541.
2026-06-08 17:25:21 0 [ERROR] InnoDB: Your database may be corrupt or you may have copied the InnoDB tablespace but not the InnoDB log files. Please refer to https://mariadb.com/kb/en/library/innodb-recovery-modes/ for information about forcing recovery.
2026-06-08 17:25:21 0 [ERROR] InnoDB: Page [page id: space=0, page number=426] log sequence number 382728 is in the future! Current system log sequence number 306541.
2026-06-08 17:25:21 0 [ERROR] InnoDB: Your database may be corrupt or you may have copied the InnoDB tablespace but not the InnoDB log files. Please refer to https://mariadb.com/kb/en/library/innodb-recovery-modes/ for information about forcing recovery.
2026-06-08 17:25:21 0 [ERROR] InnoDB: Page [page id: space=0, page number=297] log sequence number 382772 is in the future! Current system log sequence number 306541.
2026-06-08 17:25:21 0 [ERROR] InnoDB: Your database may be corrupt or you may have copied the InnoDB tablespace but not the InnoDB log files. Please refer to https://mariadb.com/kb/en/library/innodb-recovery-modes/ for information about forcing recovery.
2026-06-08 17:25:21 0 [ERROR] InnoDB: Page [page id: space=0, page number=427] log sequence number 382772 is in the future! Current system log sequence number 306541.
2026-06-08 17:25:21 0 [ERROR] InnoDB: Your database may be corrupt or you may have copied the InnoDB tablespace but not the InnoDB log files. Please refer to https://mariadb.com/kb/en/library/innodb-recovery-modes/ for information about forcing recovery.
2026-06-08 17:25:21 0 [ERROR] InnoDB: Page [page id: space=0, page number=298] log sequence number 382816 is in the future! Current system log sequence number 306541.
2026-06-08 17:25:21 0 [ERROR] InnoDB: Your database may be corrupt or you may have copied the InnoDB tablespace but not the InnoDB log files. Please refer to https://mariadb.com/kb/en/library/innodb-recovery-modes/ for information about forcing recovery.
2026-06-08 17:25:21 0 [ERROR] InnoDB: Page [page id: space=0, page number=428] log sequence number 382816 is in the future! Current system log sequence number 306541.
2026-06-08 17:25:21 0 [ERROR] InnoDB: Your database may be corrupt or you may have copied the InnoDB tablespace but not the InnoDB log files. Please refer to https://mariadb.com/kb/en/library/innodb-recovery-modes/ for information about forcing recovery.
2026-06-08 17:25:21 0 [ERROR] InnoDB: Page [page id: space=0, page number=299] log sequence number 382860 is in the future! Current system log sequence number 306541.
2026-06-08 17:25:21 0 [ERROR] InnoDB: Your database may be corrupt or you may have copied the InnoDB tablespace but not the InnoDB log files. Please refer to https://mariadb.com/kb/en/library/innodb-recovery-modes/ for information about forcing recovery.
2026-06-08 17:25:21 0 [ERROR] InnoDB: Page [page id: space=0, page number=429] log sequence number 382860 is in the future! Current system log sequence number 306541.
2026-06-08 17:25:21 0 [ERROR] InnoDB: Your database may be corrupt or you may have copied the InnoDB tablespace but not the InnoDB log files. Please refer to https://mariadb.com/kb/en/library/innodb-recovery-modes/ for information about forcing recovery.
2026-06-08 17:25:21 0 [ERROR] InnoDB: Page [page id: space=0, page number=300] log sequence number 382904 is in the future! Current system log sequence number 306541.
2026-06-08 17:25:21 0 [ERROR] InnoDB: Your database may be corrupt or you may have copied the InnoDB tablespace but not the InnoDB log files. Please refer to https://mariadb.com/kb/en/library/innodb-recovery-modes/ for information about forcing recovery.
2026-06-08 17:25:21 0 [ERROR] InnoDB: Page [page id: space=0, page number=430] log sequence number 382904 is in the future! Current system log sequence number 306541.
2026-06-08 17:25:21 0 [ERROR] InnoDB: Your database may be corrupt or you may have copied the InnoDB tablespace but not the InnoDB log files. Please refer to https://mariadb.com/kb/en/library/innodb-recovery-modes/ for information about forcing recovery.
2026-06-08 17:25:21 0 [ERROR] InnoDB: Page [page id: space=0, page number=0] log sequence number 381298 is in the future! Current system log sequence number 306541.
2026-06-08 17:25:21 0 [ERROR] InnoDB: Your database may be corrupt or you may have copied the InnoDB tablespace but not the InnoDB log files. Please refer to https://mariadb.com/kb/en/library/innodb-recovery-modes/ for information about forcing recovery.
2026-06-08 17:25:22 0 [ERROR] InnoDB: Page [page id: space=0, page number=8] log sequence number 349743 is in the future! Current system log sequence number 306541.
2026-06-08 17:25:22 0 [ERROR] InnoDB: Your database may be corrupt or you may have copied the InnoDB tablespace but not the InnoDB log files. Please refer to https://mariadb.com/kb/en/library/innodb-recovery-modes/ for information about forcing recovery.
2026-06-08 17:25:22 0 [ERROR] InnoDB: Page [page id: space=0, page number=10] log sequence number 349847 is in the future! Current system log sequence number 306541.
2026-06-08 17:25:22 0 [ERROR] InnoDB: Your database may be corrupt or you may have copied the InnoDB tablespace but not the InnoDB log files. Please refer to https://mariadb.com/kb/en/library/innodb-recovery-modes/ for information about forcing recovery.
2026-06-08 17:25:22 0 [ERROR] InnoDB: Page [page id: space=0, page number=12] log sequence number 349779 is in the future! Current system log sequence number 306541.
2026-06-08 17:25:22 0 [ERROR] InnoDB: Your database may be corrupt or you may have copied the InnoDB tablespace but not the InnoDB log files. Please refer to https://mariadb.com/kb/en/library/innodb-recovery-modes/ for information about forcing recovery.
2026-06-08 17:25:22 0 [ERROR] InnoDB: Page [page id: space=0, page number=307] log sequence number 349733 is in the future! Current system log sequence number 306541.
2026-06-08 17:25:22 0 [ERROR] InnoDB: Your database may be corrupt or you may have copied the InnoDB tablespace but not the InnoDB log files. Please refer to https://mariadb.com/kb/en/library/innodb-recovery-modes/ for information about forcing recovery.
2026-06-08 17:25:22 0 [ERROR] InnoDB: Page [page id: space=0, page number=308] log sequence number 349749 is in the future! Current system log sequence number 306541.
2026-06-08 17:25:22 0 [ERROR] InnoDB: Your database may be corrupt or you may have copied the InnoDB tablespace but not the InnoDB log files. Please refer to https://mariadb.com/kb/en/library/innodb-recovery-modes/ for information about forcing recovery.
2026-06-08 17:25:22 0 [Note] InnoDB: 128 out of 128 rollback segments are active.
2026-06-08 17:25:22 0 [Note] InnoDB: Removed temporary tablespace data file: "ibtmp1"
2026-06-08 17:25:22 0 [Note] InnoDB: Creating shared tablespace for temporary tables
2026-06-08 17:25:22 0 [Note] InnoDB: Setting file 'D:\xampp\mysql\data\ibtmp1' size to 12 MB. Physically writing the file full; Please wait ...
2026-06-08 17:25:22 0 [Note] InnoDB: File 'D:\xampp\mysql\data\ibtmp1' size is now 12 MB.
2026-06-08 17:25:22 0 [Note] InnoDB: Waiting for purge to start
2026-06-08 17:25:22 1 [ERROR] InnoDB: Page [page id: space=0, page number=9] log sequence number 349738 is in the future! Current system log sequence number 306541.
2026-06-08 17:25:22 1 [ERROR] InnoDB: Your database may be corrupt or you may have copied the InnoDB tablespace but not the InnoDB log files. Please refer to https://mariadb.com/kb/en/library/innodb-recovery-modes/ for information about forcing recovery.
2026-06-08 17:25:22 1 [ERROR] InnoDB: Page [page id: space=28, page number=0] log sequence number 340260 is in the future! Current system log sequence number 306541.
2026-06-08 17:25:22 1 [ERROR] InnoDB: Your database may be corrupt or you may have copied the InnoDB tablespace but not the InnoDB log files. Please refer to https://mariadb.com/kb/en/library/innodb-recovery-modes/ for information about forcing recovery.
2026-06-08 17:25:22 1 [ERROR] InnoDB: Page [page id: space=28, page number=1] log sequence number 338720 is in the future! Current system log sequence number 306541.
2026-06-08 17:25:22 1 [ERROR] InnoDB: Your database may be corrupt or you may have copied the InnoDB tablespace but not the InnoDB log files. Please refer to https://mariadb.com/kb/en/library/innodb-recovery-modes/ for information about forcing recovery.
2026-06-08 17:25:22 0 [Note] InnoDB: 10.4.32 started; log sequence number 306532; transaction id 820
2026-06-08 17:25:22 0 [Note] InnoDB: Loading buffer pool(s) from D:\xampp\mysql\data\ib_buffer_pool
2026-06-08 17:25:22 0 [Note] Plugin 'FEEDBACK' is disabled.
2026-06-08 17:25:22 0 [ERROR] InnoDB: Page [page id: space=0, page number=243] log sequence number 362601 is in the future! Current system log sequence number 306541.
2026-06-08 17:25:22 0 [ERROR] InnoDB: Your database may be corrupt or you may have copied the InnoDB tablespace but not the InnoDB log files. Please refer to https://mariadb.com/kb/en/library/innodb-recovery-modes/ for information about forcing recovery.
2026-06-08 17:25:22 0 [Note] Server socket created on IP: '::'.
